-- phpMyAdmin SQL Dump
-- version 4.9.0.1
-- https://www.phpmyadmin.net/
--
-- Host: 182.50.133.89:3306
-- Generation Time: Apr 14, 2020 at 07:20 AM
-- Server version: 5.5.51-38.1-log
-- PHP Version: 7.1.30

SET SQL_MODE = "NO_AUTO_VALUE_ON_ZERO";
SET AUTOCOMMIT = 0;
START TRANSACTION;
SET time_zone = "+00:00";


/*!40101 SET @OLD_CHARACTER_SET_CLIENT=@@CHARACTER_SET_CLIENT */;
/*!40101 SET @OLD_CHARACTER_SET_RESULTS=@@CHARACTER_SET_RESULTS */;
/*!40101 SET @OLD_COLLATION_CONNECTION=@@COLLATION_CONNECTION */;
/*!40101 SET NAMES utf8mb4 */;

--
-- Database: `HealthIQ_Prod`
--

-- --------------------------------------------------------

--
-- Table structure for table `BookingMaster`
--

CREATE TABLE `BookingMaster` (
  `ID` int(9) NOT NULL,
  `FirstName` varchar(45) NOT NULL,
  `LastName` varchar(45) NOT NULL,
  `Age` int(3) DEFAULT '0',
  `Mobile` varchar(15) NOT NULL DEFAULT '+91',
  `Email` varchar(150) DEFAULT NULL,
  `Sex` int(1) DEFAULT NULL,
  `BookingDate` datetime DEFAULT NULL,
  `CollectionType` int(1) DEFAULT NULL,
  `Address` varchar(250) DEFAULT NULL,
  `City` varchar(50) DEFAULT NULL,
  `Landmark` varchar(250) DEFAULT NULL,
  `PinCode` varchar(10) DEFAULT NULL,
  `CreatedDate` datetime NOT NULL,
  `IsDeleted` int(1) NOT NULL,
  `Status` int(1) NOT NULL,
  `PackageID` int(5) DEFAULT NULL,
  `TestID` int(9) DEFAULT NULL,
  `CompanyID` int(2) DEFAULT NULL,
  `BookingTime` varchar(25) DEFAULT NULL
) ENGINE=InnoDB DEFAULT CHARSET=utf8;

-- --------------------------------------------------------

--
-- Table structure for table `CommonSetup`
--

CREATE TABLE `CommonSetup` (
  `ID` int(9) NOT NULL,
  `MainType` varchar(50) NOT NULL,
  `SubType` varchar(50) DEFAULT NULL,
  `DisplayText` varchar(150) DEFAULT NULL,
  `DisplayValue` int(9) DEFAULT NULL,
  `ParentID` int(9) DEFAULT NULL,
  `isDeleted` int(1) DEFAULT NULL,
  `CompanyID` int(2) DEFAULT NULL
) ENGINE=MyISAM DEFAULT CHARSET=utf8;

--
-- Dumping data for table `CommonSetup`
--

INSERT INTO `CommonSetup` (`ID`, `MainType`, `SubType`, `DisplayText`, `DisplayValue`, `ParentID`, `isDeleted`, `CompanyID`) VALUES(1, 'User', 'Type', 'Customer', 1, NULL, 0, 2);
INSERT INTO `CommonSetup` (`ID`, `MainType`, `SubType`, `DisplayText`, `DisplayValue`, `ParentID`, `isDeleted`, `CompanyID`) VALUES(2, 'User', 'Type', 'Employee', 2, NULL, 0, 2);
INSERT INTO `CommonSetup` (`ID`, `MainType`, `SubType`, `DisplayText`, `DisplayValue`, `ParentID`, `isDeleted`, `CompanyID`) VALUES(3, 'User', 'Type', 'Student', 3, NULL, 0, 2);

-- --------------------------------------------------------

--
-- Table structure for table `CompanyMaster`
--

CREATE TABLE `CompanyMaster` (
  `ID` int(2) NOT NULL,
  `Name` varchar(145) NOT NULL,
  `LogoUrl` varchar(1000) DEFAULT NULL,
  `Address` varchar(500) DEFAULT NULL,
  `BannerUrl` varchar(1000) DEFAULT NULL,
  `About` varchar(1000) DEFAULT NULL,
  `MapUrl` varchar(1000) DEFAULT NULL
) ENGINE=InnoDB DEFAULT CHARSET=utf8;

--
-- Dumping data for table `CompanyMaster`
--

INSERT INTO `CompanyMaster` (`ID`, `Name`, `LogoUrl`, `Address`, `BannerUrl`, `About`, `MapUrl`) VALUES(1, 'Leela Health Care', NULL, NULL, NULL, NULL, NULL);
INSERT INTO `CompanyMaster` (`ID`, `Name`, `LogoUrl`, `Address`, `BannerUrl`, `About`, `MapUrl`) VALUES(2, 'Health IQ', NULL, NULL, NULL, NULL, NULL);
INSERT INTO `CompanyMaster` (`ID`, `Name`, `LogoUrl`, `Address`, `BannerUrl`, `About`, `MapUrl`) VALUES(99, 'Anonymous', NULL, NULL, NULL, NULL, NULL);

-- --------------------------------------------------------

--
-- Table structure for table `CourseCurriculum`
--

CREATE TABLE `CourseCurriculum` (
  `ID` int(9) NOT NULL,
  `Name` varchar(250) NOT NULL,
  `CourseMasterID` int(9) NOT NULL,
  `SubCourcesID` int(9) DEFAULT NULL
) ENGINE=InnoDB DEFAULT CHARSET=utf8;

--
-- Dumping data for table `CourseCurriculum`
--

INSERT INTO `CourseCurriculum` (`ID`, `Name`, `CourseMasterID`, `SubCourcesID`) VALUES(1, 'Introduction to patient care, lab technology & equipment.', 1, NULL);
INSERT INTO `CourseCurriculum` (`ID`, `Name`, `CourseMasterID`, `SubCourcesID`) VALUES(2, 'Role of Medical Lab Technician', 1, NULL);
INSERT INTO `CourseCurriculum` (`ID`, `Name`, `CourseMasterID`, `SubCourcesID`) VALUES(3, 'Basic pathology & diagnostic techniques', 1, NULL);
INSERT INTO `CourseCurriculum` (`ID`, `Name`, `CourseMasterID`, `SubCourcesID`) VALUES(4, 'Introduction to patient care, physiotherapy', 2, NULL);
INSERT INTO `CourseCurriculum` (`ID`, `Name`, `CourseMasterID`, `SubCourcesID`) VALUES(5, 'Role of Physiotherapist', 2, NULL);
INSERT INTO `CourseCurriculum` (`ID`, `Name`, `CourseMasterID`, `SubCourcesID`) VALUES(6, 'Basic anatomy & physiology', 3, NULL);
INSERT INTO `CourseCurriculum` (`ID`, `Name`, `CourseMasterID`, `SubCourcesID`) VALUES(7, 'Understanding body mechanics', 4, NULL);
INSERT INTO `CourseCurriculum` (`ID`, `Name`, `CourseMasterID`, `SubCourcesID`) VALUES(8, 'Introduction to nutrition', 5, NULL);

-- --------------------------------------------------------

--
-- Table structure for table `CourseEligibility`
--

CREATE TABLE `CourseEligibility` (
  `ID` int(9) NOT NULL,
  `Qualification` varchar(500) NOT NULL DEFAULT '10th',
  `MinAge` int(2) NOT NULL DEFAULT '15',
  `MaxAge` int(2) NOT NULL DEFAULT '99',
  `Duration` int(2) DEFAULT '0',
  `Certification` varchar(500) DEFAULT NULL,
  `InternshipDuration` int(2) DEFAULT NULL,
  `CourseMasterID` int(9) DEFAULT NULL,
  `IsDeleted` int(1) NOT NULL DEFAULT '0'
) ENGINE=InnoDB DEFAULT CHARSET=utf8;

-- --------------------------------------------------------

--
-- Table structure for table `CourseMaster`
--

CREATE TABLE `CourseMaster` (
  `ID` int(9) NOT NULL,
  `Name` varchar(150) NOT NULL,
  `About` varchar(1500) NOT NULL,
  `IsDeleted` int(1) NOT NULL DEFAULT '0',
  `CompanyID` int(3) NOT NULL DEFAULT '0',
  `Qualification` varchar(500) NOT NULL DEFAULT '10th',
  `MinAge` int(2) NOT NULL DEFAULT '15',
  `MaxAge` int(2) NOT NULL DEFAULT '99',
  `Duration` int(2) DEFAULT '0',
  `Certification` varchar(500) DEFAULT NULL,
  `InternshipDuration` int(2) DEFAULT NULL,
  `ImageUrl` varchar(1000) NOT NULL DEFAULT 'assets/images/academy/courses/courses.jpg'
) ENGINE=InnoDB DEFAULT CHARSET=utf8;

--
-- Dumping data for table `CourseMaster`
--

INSERT INTO `CourseMaster` (`ID`, `Name`, `About`, `IsDeleted`, `CompanyID`, `Qualification`, `MinAge`, `MaxAge`, `Duration`, `Certification`, `InternshipDuration`, `ImageUrl`) VALUES(1, 'Medical Lab Technician', 'Medical Lab Technicians are important members of any clinical laboratory team. Medical Lab Technicians analyze fluid, tissues and blood samples to perform a variety of diagnoses. Additionally, students from this course are trained to clean and maintain lab equipment, manage biomedical waste and adhere to quality control standards as per the NABL regulations. They generally work under the supervision of a pathologist.', 0, 2, '10th / Madhyamik passed. 10+2 pass is preferable', 17, 99, 2, 'Bharat Sevak Samaj (promoted by Planning Commission, GOI)', 6, 'assets/images/academy/courses/1.jpg');
INSERT INTO `CourseMaster` (`ID`, `Name`, `About`, `IsDeleted`, `CompanyID`, `Qualification`, `MinAge`, `MaxAge`, `Duration`, `Certification`, `InternshipDuration`, `ImageUrl`) VALUES(2, 'Physiotherapy', 'Physiotherapists are trained professionals working in health care. They are trained to restore mobility, alleviate pain and suffering and work to prevent permanent disability in patients. The job of a physical therapist is preventive, restorative and rehabilitative.', 0, 2, '10th / Madhyamik passed. 10+2 pass is preferable.', 17, 99, 2, 'Bharat Sevak Samaj (promoted by Planning Commission, GOI)', NULL, 'assets/images/academy/courses/2.jpg');
INSERT INTO `CourseMaster` (`ID`, `Name`, `About`, `IsDeleted`, `CompanyID`, `Qualification`, `MinAge`, `MaxAge`, `Duration`, `Certification`, `InternshipDuration`, `ImageUrl`) VALUES(3, 'General Duty Assistant (Nursing)', 'This course trains students to work as nursing aides in hospitals and home care scenarios and they can also provide basic nursing care. They are taught to support nurses and also directly handle ill patients who are unable to look after themselves in both hospital and home care settings.', 0, 2, '10th / Madhyamik passed. 10+2 pass is preferable.', 17, 30, 2, 'Bharat Sevak Samaj (promoted by Planning Commission, GOI)', 6, 'assets/images/academy/courses/3.jpg');
INSERT INTO `CourseMaster` (`ID`, `Name`, `About`, `IsDeleted`, `CompanyID`, `Qualification`, `MinAge`, `MaxAge`, `Duration`, `Certification`, `InternshipDuration`, `ImageUrl`) VALUES(4, 'E.C.G. Technician', 'This course trains students in Emergency situation to detect whether the illness is due to Cardiac problem or else, Use of E.C.G. Machine of different makes & Models- Manual, Semi-Auto & Fully Auto, To carry out E.C.G. on pacemaker patient, Determination of heart beats, Axis, Cardiac Arrhythmias, Ventricular status, Interpretation of normal and abnormal E.C.G, Indication of E.C.G. recording, Requirement of Halter Study & Doppler study, TMT etc.', 0, 2, '10th / Matric / Madhyamik passed', 18, 99, 1, 'Bharat Sevak Samaj (promoted by Planning Commission, GOI)', NULL, 'assets/images/academy/courses/4.jpg');
INSERT INTO `CourseMaster` (`ID`, `Name`, `About`, `IsDeleted`, `CompanyID`, `Qualification`, `MinAge`, `MaxAge`, `Duration`, `Certification`, `InternshipDuration`, `ImageUrl`) VALUES(5, 'Diet & Nutrition', 'The focus of the programme is to enable you to make the best possible choice for meeting the nutritional needs of your family. The student will learn various concepts in nutrition, the role of nutrients such as carbohydrates, lipids, proteins, vitamins, and minerals, including their sources, requirements, functions, and roles in health. It also includes guidelines for nutrition, dietary reference intakes, dietary guidelines for Indians, and basics of nutritional assessment methods.', 0, 2, '10th / Madhyamik passed. 10+2 pass is preferable.', 18, 99, 1, 'Bharat Sevak Samaj (promoted by Planning Commission, GOI)', NULL, 'assets/images/academy/courses/5.jpg');

-- --------------------------------------------------------

--
-- Table structure for table `DoctorAppointment`
--

CREATE TABLE `DoctorAppointment` (
  `ID` int(9) NOT NULL,
  `Name` varchar(45) NOT NULL,
  `Age` int(3) NOT NULL DEFAULT '0',
  `Mobile` varchar(15) NOT NULL DEFAULT '+91',
  `Email` varchar(150) DEFAULT NULL,
  `Sex` int(1) NOT NULL,
  `BookingDate` datetime DEFAULT NULL,
  `BookingTime` varchar(50) DEFAULT NULL,
  `DoctorID` int(9) DEFAULT NULL,
  `CreatedDate` datetime NOT NULL,
  `IsDeleted` int(1) NOT NULL,
  `Status` int(1) NOT NULL,
  `HospitalID` int(9) DEFAULT NULL,
  `CompanyID` int(2) DEFAULT NULL
) ENGINE=InnoDB DEFAULT CHARSET=utf8;

--
-- Dumping data for table `DoctorAppointment`
--

INSERT INTO `DoctorAppointment` (`ID`, `Name`, `Age`, `Mobile`, `Email`, `Sex`, `BookingDate`, `BookingTime`, `DoctorID`, `CreatedDate`, `IsDeleted`, `Status`, `HospitalID`, `CompanyID`) VALUES(1, 'dtygu', 12, '07696085020', 'parmanandsingh469@gmail.com', 1, '2019-12-12 00:00:00', 'drg', 10, '2019-12-01 01:09:15', 0, 1, NULL, 1);
INSERT INTO `DoctorAppointment` (`ID`, `Name`, `Age`, `Mobile`, `Email`, `Sex`, `BookingDate`, `BookingTime`, `DoctorID`, `CreatedDate`, `IsDeleted`, `Status`, `HospitalID`, `CompanyID`) VALUES(2, 'dtygu', 12, '07696085020', 'parmanandsingh469@gmail.com', 1, '2019-12-12 00:00:00', 'drg', 10, '2019-12-01 01:11:45', 0, 1, NULL, 1);
INSERT INTO `DoctorAppointment` (`ID`, `Name`, `Age`, `Mobile`, `Email`, `Sex`, `BookingDate`, `BookingTime`, `DoctorID`, `CreatedDate`, `IsDeleted`, `Status`, `HospitalID`, `CompanyID`) VALUES(3, 'dtygu', 12, '07696085020', 'parmanandsingh469@gmail.com', 1, '2019-12-12 00:00:00', 'drg', 10, '2019-12-01 01:39:44', 0, 1, NULL, 1);
INSERT INTO `DoctorAppointment` (`ID`, `Name`, `Age`, `Mobile`, `Email`, `Sex`, `BookingDate`, `BookingTime`, `DoctorID`, `CreatedDate`, `IsDeleted`, `Status`, `HospitalID`, `CompanyID`) VALUES(4, 'dtygu', 12, '07696085020', 'parmanandsingh469@gmail.com', 1, '2019-12-12 00:00:00', 'drg', 10, '2019-12-01 01:54:08', 0, 1, NULL, 1);
INSERT INTO `DoctorAppointment` (`ID`, `Name`, `Age`, `Mobile`, `Email`, `Sex`, `BookingDate`, `BookingTime`, `DoctorID`, `CreatedDate`, `IsDeleted`, `Status`, `HospitalID`, `CompanyID`) VALUES(5, 'dtygu', 12, '07696085020', 'parmanandsingh469@gmail.com', 1, '2019-12-12 00:00:00', 'drg', 10, '2019-12-01 01:54:43', 0, 1, NULL, 1);
INSERT INTO `DoctorAppointment` (`ID`, `Name`, `Age`, `Mobile`, `Email`, `Sex`, `BookingDate`, `BookingTime`, `DoctorID`, `CreatedDate`, `IsDeleted`, `Status`, `HospitalID`, `CompanyID`) VALUES(6, 'dtygu', 12, '07696085020', 'parmanandsingh469@gmail.com', 1, '2019-12-12 00:00:00', 'drg', 10, '2019-12-01 01:55:09', 0, 1, NULL, 1);
INSERT INTO `DoctorAppointment` (`ID`, `Name`, `Age`, `Mobile`, `Email`, `Sex`, `BookingDate`, `BookingTime`, `DoctorID`, `CreatedDate`, `IsDeleted`, `Status`, `HospitalID`, `CompanyID`) VALUES(7, 'dtygu', 12, '07696085020', 'parmanandsingh469@gmail.com', 1, '2019-12-12 00:00:00', 'drg', 10, '2019-12-01 01:55:39', 0, 1, NULL, 1);
INSERT INTO `DoctorAppointment` (`ID`, `Name`, `Age`, `Mobile`, `Email`, `Sex`, `BookingDate`, `BookingTime`, `DoctorID`, `CreatedDate`, `IsDeleted`, `Status`, `HospitalID`, `CompanyID`) VALUES(8, 'dtygu', 12, '07696085020', 'parmanandsingh469@gmail.com', 1, '2019-12-12 00:00:00', 'drg', 10, '2019-12-01 02:00:09', 0, 1, NULL, 1);
INSERT INTO `DoctorAppointment` (`ID`, `Name`, `Age`, `Mobile`, `Email`, `Sex`, `BookingDate`, `BookingTime`, `DoctorID`, `CreatedDate`, `IsDeleted`, `Status`, `HospitalID`, `CompanyID`) VALUES(9, 'dtygu', 12, '07696085020', 'parmanandsingh469@gmail.com', 1, '2019-12-12 00:00:00', 'drg', 10, '2019-12-01 02:00:29', 0, 1, NULL, 1);
INSERT INTO `DoctorAppointment` (`ID`, `Name`, `Age`, `Mobile`, `Email`, `Sex`, `BookingDate`, `BookingTime`, `DoctorID`, `CreatedDate`, `IsDeleted`, `Status`, `HospitalID`, `CompanyID`) VALUES(10, 'dtygu', 12, '07696085020', 'parmanandsingh469@gmail.com', 1, '2019-12-12 00:00:00', 'drg', 10, '2019-12-08 00:47:18', 0, 1, NULL, 1);
INSERT INTO `DoctorAppointment` (`ID`, `Name`, `Age`, `Mobile`, `Email`, `Sex`, `BookingDate`, `BookingTime`, `DoctorID`, `CreatedDate`, `IsDeleted`, `Status`, `HospitalID`, `CompanyID`) VALUES(11, 'dtygu', 12, '07696085020', 'parmanandsingh469@gmail.com', 1, '2019-12-12 00:00:00', 'drg', 10, '2019-12-08 00:58:39', 0, 1, NULL, 1);
INSERT INTO `DoctorAppointment` (`ID`, `Name`, `Age`, `Mobile`, `Email`, `Sex`, `BookingDate`, `BookingTime`, `DoctorID`, `CreatedDate`, `IsDeleted`, `Status`, `HospitalID`, `CompanyID`) VALUES(12, 'dtygu', 12, '07696085020', 'parmanandsingh469@gmail.com', 1, '2019-12-12 00:00:00', 'drg', 10, '2019-12-08 00:59:50', 0, 1, NULL, 1);
INSERT INTO `DoctorAppointment` (`ID`, `Name`, `Age`, `Mobile`, `Email`, `Sex`, `BookingDate`, `BookingTime`, `DoctorID`, `CreatedDate`, `IsDeleted`, `Status`, `HospitalID`, `CompanyID`) VALUES(13, 'dtygu', 12, '07696085020', 'parmanandsingh469@gmail.com', 1, '2019-12-12 00:00:00', 'drg', 10, '2019-12-08 01:03:32', 0, 1, NULL, 1);
INSERT INTO `DoctorAppointment` (`ID`, `Name`, `Age`, `Mobile`, `Email`, `Sex`, `BookingDate`, `BookingTime`, `DoctorID`, `CreatedDate`, `IsDeleted`, `Status`, `HospitalID`, `CompanyID`) VALUES(14, 'dtygu', 12, '07696085020', 'parmanandsingh469@gmail.com', 1, '2019-12-12 00:00:00', 'drg', 10, '2019-12-08 01:10:25', 0, 1, NULL, 1);
INSERT INTO `DoctorAppointment` (`ID`, `Name`, `Age`, `Mobile`, `Email`, `Sex`, `BookingDate`, `BookingTime`, `DoctorID`, `CreatedDate`, `IsDeleted`, `Status`, `HospitalID`, `CompanyID`) VALUES(15, 'dtygu', 12, '07696085020', 'parmanandsingh469@gmail.com', 1, '2019-12-12 00:00:00', 'drg', 10, '2019-12-27 21:31:35', 0, 1, NULL, 1);
INSERT INTO `DoctorAppointment` (`ID`, `Name`, `Age`, `Mobile`, `Email`, `Sex`, `BookingDate`, `BookingTime`, `DoctorID`, `CreatedDate`, `IsDeleted`, `Status`, `HospitalID`, `CompanyID`) VALUES(16, 'dtygu', 12, '07696085020', 'parmanandsingh469@gmail.com', 1, '2019-12-12 00:00:00', 'drg', 10, '2020-01-05 20:41:29', 0, 1, NULL, 1);
INSERT INTO `DoctorAppointment` (`ID`, `Name`, `Age`, `Mobile`, `Email`, `Sex`, `BookingDate`, `BookingTime`, `DoctorID`, `CreatedDate`, `IsDeleted`, `Status`, `HospitalID`, `CompanyID`) VALUES(17, 'dtygu', 12, '07696085020', 'parmanandsingh469@gmail.com', 1, '2019-12-12 00:00:00', 'drg', 10, '2020-01-05 20:41:47', 0, 1, NULL, 1);
INSERT INTO `DoctorAppointment` (`ID`, `Name`, `Age`, `Mobile`, `Email`, `Sex`, `BookingDate`, `BookingTime`, `DoctorID`, `CreatedDate`, `IsDeleted`, `Status`, `HospitalID`, `CompanyID`) VALUES(18, 'dtygu', 12, '07696085020', 'parmanandsingh469@gmail.com', 1, '2019-12-12 00:00:00', 'drg', 10, '2020-01-05 20:41:54', 0, 1, NULL, 1);
INSERT INTO `DoctorAppointment` (`ID`, `Name`, `Age`, `Mobile`, `Email`, `Sex`, `BookingDate`, `BookingTime`, `DoctorID`, `CreatedDate`, `IsDeleted`, `Status`, `HospitalID`, `CompanyID`) VALUES(19, 'dtygu', 12, '07696085020', 'parmanandsingh469@gmail.com', 1, '2019-12-12 00:00:00', 'drg', 10, '2020-01-05 20:42:21', 0, 1, NULL, 1);
INSERT INTO `DoctorAppointment` (`ID`, `Name`, `Age`, `Mobile`, `Email`, `Sex`, `BookingDate`, `BookingTime`, `DoctorID`, `CreatedDate`, `IsDeleted`, `Status`, `HospitalID`, `CompanyID`) VALUES(20, 'dtygu', 12, '07696085020', 'parmanandsingh469@gmail.com', 1, '2019-12-12 00:00:00', 'drg', 10, '2020-01-05 20:42:58', 0, 1, NULL, 1);
INSERT INTO `DoctorAppointment` (`ID`, `Name`, `Age`, `Mobile`, `Email`, `Sex`, `BookingDate`, `BookingTime`, `DoctorID`, `CreatedDate`, `IsDeleted`, `Status`, `HospitalID`, `CompanyID`) VALUES(21, 'dtygu', 12, '07696085020', 'parmanandsingh469@gmail.com', 1, '2019-12-12 00:00:00', 'drg', 10, '2020-01-08 10:28:02', 0, 1, NULL, 1);
INSERT INTO `DoctorAppointment` (`ID`, `Name`, `Age`, `Mobile`, `Email`, `Sex`, `BookingDate`, `BookingTime`, `DoctorID`, `CreatedDate`, `IsDeleted`, `Status`, `HospitalID`, `CompanyID`) VALUES(22, 'dtygu', 12, '07696085020', 'parmanandsingh469@gmail.com', 1, '2019-12-12 00:00:00', 'drg', 10, '2020-01-08 10:37:20', 0, 1, NULL, 1);
INSERT INTO `DoctorAppointment` (`ID`, `Name`, `Age`, `Mobile`, `Email`, `Sex`, `BookingDate`, `BookingTime`, `DoctorID`, `CreatedDate`, `IsDeleted`, `Status`, `HospitalID`, `CompanyID`) VALUES(23, 'dtygu', 12, '07696085020', 'parmanandsingh469@gmail.com', 1, '2019-12-12 00:00:00', 'drg', 10, '2020-01-08 10:37:27', 0, 1, NULL, 1);
INSERT INTO `DoctorAppointment` (`ID`, `Name`, `Age`, `Mobile`, `Email`, `Sex`, `BookingDate`, `BookingTime`, `DoctorID`, `CreatedDate`, `IsDeleted`, `Status`, `HospitalID`, `CompanyID`) VALUES(24, 'dtygu', 12, '07696085020', 'parmanandsingh469@gmail.com', 1, '2019-12-12 00:00:00', 'drg', 10, '2020-01-08 10:37:28', 0, 1, NULL, 1);
INSERT INTO `DoctorAppointment` (`ID`, `Name`, `Age`, `Mobile`, `Email`, `Sex`, `BookingDate`, `BookingTime`, `DoctorID`, `CreatedDate`, `IsDeleted`, `Status`, `HospitalID`, `CompanyID`) VALUES(25, 'dtygu', 12, '07696085020', 'parmanandsingh469@gmail.com', 1, '2019-12-12 00:00:00', 'drg', 10, '2020-01-12 04:05:48', 0, 1, NULL, 1);
INSERT INTO `DoctorAppointment` (`ID`, `Name`, `Age`, `Mobile`, `Email`, `Sex`, `BookingDate`, `BookingTime`, `DoctorID`, `CreatedDate`, `IsDeleted`, `Status`, `HospitalID`, `CompanyID`) VALUES(26, 'dtygu', 12, '07696085020', 'parmanandsingh469@gmail.com', 1, '2019-12-12 00:00:00', 'drg', 10, '2020-01-12 04:09:36', 0, 1, NULL, 1);
INSERT INTO `DoctorAppointment` (`ID`, `Name`, `Age`, `Mobile`, `Email`, `Sex`, `BookingDate`, `BookingTime`, `DoctorID`, `CreatedDate`, `IsDeleted`, `Status`, `HospitalID`, `CompanyID`) VALUES(27, 'dtygu', 12, '07696085020', 'parmanandsingh469@gmail.com', 1, '2019-12-12 00:00:00', 'drg', 10, '2020-01-12 04:22:41', 0, 1, NULL, 1);
INSERT INTO `DoctorAppointment` (`ID`, `Name`, `Age`, `Mobile`, `Email`, `Sex`, `BookingDate`, `BookingTime`, `DoctorID`, `CreatedDate`, `IsDeleted`, `Status`, `HospitalID`, `CompanyID`) VALUES(28, 'dtygu', 12, '07696085020', 'parmanandsingh469@gmail.com', 1, '2019-12-12 00:00:00', 'drg', 10, '2020-01-18 00:41:25', 0, 1, NULL, 1);
INSERT INTO `DoctorAppointment` (`ID`, `Name`, `Age`, `Mobile`, `Email`, `Sex`, `BookingDate`, `BookingTime`, `DoctorID`, `CreatedDate`, `IsDeleted`, `Status`, `HospitalID`, `CompanyID`) VALUES(29, 'dtygu', 12, '07696085020', 'parmanandsingh469@gmail.com', 1, '2019-12-12 00:00:00', 'drg', 10, '2020-01-18 00:58:24', 0, 1, NULL, 1);
INSERT INTO `DoctorAppointment` (`ID`, `Name`, `Age`, `Mobile`, `Email`, `Sex`, `BookingDate`, `BookingTime`, `DoctorID`, `CreatedDate`, `IsDeleted`, `Status`, `HospitalID`, `CompanyID`) VALUES(30, 'dtygu', 12, '07696085020', 'parmanandsingh469@gmail.com', 1, '2019-12-12 00:00:00', 'drg', 10, '2020-01-18 01:32:05', 0, 1, NULL, 1);
INSERT INTO `DoctorAppointment` (`ID`, `Name`, `Age`, `Mobile`, `Email`, `Sex`, `BookingDate`, `BookingTime`, `DoctorID`, `CreatedDate`, `IsDeleted`, `Status`, `HospitalID`, `CompanyID`) VALUES(31, 'dtygu', 12, '07696085020', 'parmanandsingh469@gmail.com', 1, '2019-12-12 00:00:00', 'drg', 10, '2020-01-18 01:35:27', 0, 1, NULL, 1);
INSERT INTO `DoctorAppointment` (`ID`, `Name`, `Age`, `Mobile`, `Email`, `Sex`, `BookingDate`, `BookingTime`, `DoctorID`, `CreatedDate`, `IsDeleted`, `Status`, `HospitalID`, `CompanyID`) VALUES(32, 'dtygu', 12, '07696085020', 'parmanandsingh469@gmail.com', 1, '2019-12-12 00:00:00', 'drg', 10, '2020-01-18 01:39:01', 0, 1, NULL, 1);
INSERT INTO `DoctorAppointment` (`ID`, `Name`, `Age`, `Mobile`, `Email`, `Sex`, `BookingDate`, `BookingTime`, `DoctorID`, `CreatedDate`, `IsDeleted`, `Status`, `HospitalID`, `CompanyID`) VALUES(33, 'dtygu', 12, '07696085020', 'parmanandsingh469@gmail.com', 1, '2019-12-12 00:00:00', 'drg', 10, '2020-01-18 03:25:37', 0, 1, NULL, 1);
INSERT INTO `DoctorAppointment` (`ID`, `Name`, `Age`, `Mobile`, `Email`, `Sex`, `BookingDate`, `BookingTime`, `DoctorID`, `CreatedDate`, `IsDeleted`, `Status`, `HospitalID`, `CompanyID`) VALUES(34, 'dtygu', 12, '07696085020', 'parmanandsingh469@gmail.com', 1, '2019-12-12 00:00:00', 'drg', 10, '2020-01-18 23:18:50', 0, 1, NULL, 1);
INSERT INTO `DoctorAppointment` (`ID`, `Name`, `Age`, `Mobile`, `Email`, `Sex`, `BookingDate`, `BookingTime`, `DoctorID`, `CreatedDate`, `IsDeleted`, `Status`, `HospitalID`, `CompanyID`) VALUES(35, 'dtygu', 12, '07696085020', 'parmanandsingh469@gmail.com', 1, '2019-12-12 00:00:00', 'drg', 10, '2020-01-18 23:19:38', 0, 1, NULL, 1);
INSERT INTO `DoctorAppointment` (`ID`, `Name`, `Age`, `Mobile`, `Email`, `Sex`, `BookingDate`, `BookingTime`, `DoctorID`, `CreatedDate`, `IsDeleted`, `Status`, `HospitalID`, `CompanyID`) VALUES(36, 'dtygu', 12, '07696085020', 'parmanandsingh469@gmail.com', 1, '2019-12-12 00:00:00', 'drg', 10, '2020-01-18 23:19:46', 0, 1, NULL, 1);
INSERT INTO `DoctorAppointment` (`ID`, `Name`, `Age`, `Mobile`, `Email`, `Sex`, `BookingDate`, `BookingTime`, `DoctorID`, `CreatedDate`, `IsDeleted`, `Status`, `HospitalID`, `CompanyID`) VALUES(37, 'dtygu', 12, '07696085020', 'parmanandsingh469@gmail.com', 1, '2019-12-12 00:00:00', 'drg', 10, '2020-01-19 00:43:56', 0, 1, NULL, 1);
INSERT INTO `DoctorAppointment` (`ID`, `Name`, `Age`, `Mobile`, `Email`, `Sex`, `BookingDate`, `BookingTime`, `DoctorID`, `CreatedDate`, `IsDeleted`, `Status`, `HospitalID`, `CompanyID`) VALUES(38, 'dtygu', 12, '07696085020', 'parmanandsingh469@gmail.com', 1, '2019-12-12 00:00:00', 'drg', 10, '2020-01-19 00:44:17', 0, 1, NULL, 1);
INSERT INTO `DoctorAppointment` (`ID`, `Name`, `Age`, `Mobile`, `Email`, `Sex`, `BookingDate`, `BookingTime`, `DoctorID`, `CreatedDate`, `IsDeleted`, `Status`, `HospitalID`, `CompanyID`) VALUES(39, 'dtygu', 12, '07696085020', 'parmanandsingh469@gmail.com', 1, '2019-12-12 00:00:00', 'drg', 10, '2020-01-19 00:44:28', 0, 1, NULL, 1);
INSERT INTO `DoctorAppointment` (`ID`, `Name`, `Age`, `Mobile`, `Email`, `Sex`, `BookingDate`, `BookingTime`, `DoctorID`, `CreatedDate`, `IsDeleted`, `Status`, `HospitalID`, `CompanyID`) VALUES(40, 'dtygu', 12, '07696085020', 'parmanandsingh469@gmail.com', 1, '2019-12-12 00:00:00', 'drg', 10, '2020-01-19 00:44:37', 0, 1, NULL, 1);
INSERT INTO `DoctorAppointment` (`ID`, `Name`, `Age`, `Mobile`, `Email`, `Sex`, `BookingDate`, `BookingTime`, `DoctorID`, `CreatedDate`, `IsDeleted`, `Status`, `HospitalID`, `CompanyID`) VALUES(41, 'dtygu', 12, '07696085020', 'parmanandsingh469@gmail.com', 1, '2019-12-12 00:00:00', 'drg', 10, '2020-01-19 01:04:55', 0, 1, NULL, 1);
INSERT INTO `DoctorAppointment` (`ID`, `Name`, `Age`, `Mobile`, `Email`, `Sex`, `BookingDate`, `BookingTime`, `DoctorID`, `CreatedDate`, `IsDeleted`, `Status`, `HospitalID`, `CompanyID`) VALUES(42, 'dtygu', 12, '07696085020', 'parmanandsingh469@gmail.com', 1, '2019-12-12 00:00:00', 'drg', 10, '2020-01-19 01:06:15', 0, 1, NULL, 1);
INSERT INTO `DoctorAppointment` (`ID`, `Name`, `Age`, `Mobile`, `Email`, `Sex`, `BookingDate`, `BookingTime`, `DoctorID`, `CreatedDate`, `IsDeleted`, `Status`, `HospitalID`, `CompanyID`) VALUES(43, 'dtygu', 12, '07696085020', 'parmanandsingh469@gmail.com', 1, '2019-12-12 00:00:00', 'drg', 10, '2020-01-19 04:43:45', 0, 1, NULL, 1);
INSERT INTO `DoctorAppointment` (`ID`, `Name`, `Age`, `Mobile`, `Email`, `Sex`, `BookingDate`, `BookingTime`, `DoctorID`, `CreatedDate`, `IsDeleted`, `Status`, `HospitalID`, `CompanyID`) VALUES(44, 'dtygu', 12, '07696085020', 'parmanandsingh469@gmail.com', 1, '2019-12-12 00:00:00', 'drg', 10, '2020-01-19 04:43:52', 0, 1, NULL, 1);
INSERT INTO `DoctorAppointment` (`ID`, `Name`, `Age`, `Mobile`, `Email`, `Sex`, `BookingDate`, `BookingTime`, `DoctorID`, `CreatedDate`, `IsDeleted`, `Status`, `HospitalID`, `CompanyID`) VALUES(45, 'dtygu', 12, '07696085020', 'parmanandsingh469@gmail.com', 1, '2019-12-12 00:00:00', 'drg', 10, '2020-01-26 09:51:06', 0, 1, NULL, 1);
INSERT INTO `DoctorAppointment` (`ID`, `Name`, `Age`, `Mobile`, `Email`, `Sex`, `BookingDate`, `BookingTime`, `DoctorID`, `CreatedDate`, `IsDeleted`, `Status`, `HospitalID`, `CompanyID`) VALUES(46, 'dtygu', 12, '07696085020', 'parmanandsingh469@gmail.com', 1, '2019-12-12 00:00:00', 'drg', 10, '2020-01-26 09:51:20', 0, 1, NULL, 1);
INSERT INTO `DoctorAppointment` (`ID`, `Name`, `Age`, `Mobile`, `Email`, `Sex`, `BookingDate`, `BookingTime`, `DoctorID`, `CreatedDate`, `IsDeleted`, `Status`, `HospitalID`, `CompanyID`) VALUES(47, 'dtygu', 12, '07696085020', 'parmanandsingh469@gmail.com', 1, '2019-12-12 00:00:00', 'drg', 10, '2020-01-26 09:54:50', 0, 1, NULL, 1);
INSERT INTO `DoctorAppointment` (`ID`, `Name`, `Age`, `Mobile`, `Email`, `Sex`, `BookingDate`, `BookingTime`, `DoctorID`, `CreatedDate`, `IsDeleted`, `Status`, `HospitalID`, `CompanyID`) VALUES(48, 'Neeraj Singh', 23, '09599660409', 'neer.s@outlook.com', 2, '2020-01-31 00:00:00', '12', 8, '2020-01-29 08:35:09', 0, 1, NULL, 1);
INSERT INTO `DoctorAppointment` (`ID`, `Name`, `Age`, `Mobile`, `Email`, `Sex`, `BookingDate`, `BookingTime`, `DoctorID`, `CreatedDate`, `IsDeleted`, `Status`, `HospitalID`, `CompanyID`) VALUES(49, 'Neeraj Singh', 23, '09599660409', 'neer.s@outlook.com', 2, '2020-01-31 00:00:00', '12', 8, '2020-01-29 08:50:03', 0, 1, NULL, 1);
INSERT INTO `DoctorAppointment` (`ID`, `Name`, `Age`, `Mobile`, `Email`, `Sex`, `BookingDate`, `BookingTime`, `DoctorID`, `CreatedDate`, `IsDeleted`, `Status`, `HospitalID`, `CompanyID`) VALUES(50, 'Neeraj Singh', 32, '08527818810', 'singh.neer@ymail.com', 1, '2020-01-31 00:00:00', '12', 8, '2020-01-29 09:51:57', 0, 1, NULL, 1);
INSERT INTO `DoctorAppointment` (`ID`, `Name`, `Age`, `Mobile`, `Email`, `Sex`, `BookingDate`, `BookingTime`, `DoctorID`, `CreatedDate`, `IsDeleted`, `Status`, `HospitalID`, `CompanyID`) VALUES(51, 'dtygu', 12, '07696085020', 'parmanandsingh469@gmail.com', 1, '2019-12-12 00:00:00', 'drg', 10, '2020-02-01 04:39:27', 0, 1, NULL, 1);
INSERT INTO `DoctorAppointment` (`ID`, `Name`, `Age`, `Mobile`, `Email`, `Sex`, `BookingDate`, `BookingTime`, `DoctorID`, `CreatedDate`, `IsDeleted`, `Status`, `HospitalID`, `CompanyID`) VALUES(52, 'dtygu', 12, '07696085020', 'parmanandsingh469@gmail.com', 1, '2019-12-12 00:00:00', 'drg', 10, '2020-02-01 05:11:35', 0, 1, NULL, 1);
INSERT INTO `DoctorAppointment` (`ID`, `Name`, `Age`, `Mobile`, `Email`, `Sex`, `BookingDate`, `BookingTime`, `DoctorID`, `CreatedDate`, `IsDeleted`, `Status`, `HospitalID`, `CompanyID`) VALUES(53, 'Neeraj Singh', 54, '08527818810', 'singh.neer@ymail.com', 1, '2020-02-13 00:00:00', '02:00 PM - 03:00 PM', 7, '2020-02-04 23:28:47', 0, 1, NULL, 2);
INSERT INTO `DoctorAppointment` (`ID`, `Name`, `Age`, `Mobile`, `Email`, `Sex`, `BookingDate`, `BookingTime`, `DoctorID`, `CreatedDate`, `IsDeleted`, `Status`, `HospitalID`, `CompanyID`) VALUES(54, 'Neeraj Singh', 54, '08527818810', 'singh.neer@ymail.com', 1, '2020-02-13 00:00:00', '02:00 PM - 03:00 PM', 7, '2020-02-04 23:29:13', 0, 1, NULL, 2);
INSERT INTO `DoctorAppointment` (`ID`, `Name`, `Age`, `Mobile`, `Email`, `Sex`, `BookingDate`, `BookingTime`, `DoctorID`, `CreatedDate`, `IsDeleted`, `Status`, `HospitalID`, `CompanyID`) VALUES(55, 'Neeraj Singh', 54, '08527818810', 'singh.neer@ymail.com', 1, '2020-02-13 00:00:00', '02:00 PM - 03:00 PM', 7, '2020-02-04 23:29:27', 0, 1, NULL, 2);
INSERT INTO `DoctorAppointment` (`ID`, `Name`, `Age`, `Mobile`, `Email`, `Sex`, `BookingDate`, `BookingTime`, `DoctorID`, `CreatedDate`, `IsDeleted`, `Status`, `HospitalID`, `CompanyID`) VALUES(56, 'Neeraj Singh', 54, '08527818810', 'singh.neer@ymail.com', 1, '2020-02-13 00:00:00', '02:00 PM - 03:00 PM', 7, '2020-02-04 23:29:29', 0, 1, NULL, 2);
INSERT INTO `DoctorAppointment` (`ID`, `Name`, `Age`, `Mobile`, `Email`, `Sex`, `BookingDate`, `BookingTime`, `DoctorID`, `CreatedDate`, `IsDeleted`, `Status`, `HospitalID`, `CompanyID`) VALUES(57, 'Neeraj Singh', 54, '08527818810', 'singh.neer@ymail.com', 1, '2020-02-13 00:00:00', '02:00 PM - 03:00 PM', 7, '2020-02-04 23:39:00', 0, 1, NULL, 2);
INSERT INTO `DoctorAppointment` (`ID`, `Name`, `Age`, `Mobile`, `Email`, `Sex`, `BookingDate`, `BookingTime`, `DoctorID`, `CreatedDate`, `IsDeleted`, `Status`, `HospitalID`, `CompanyID`) VALUES(58, 'Neeraj Singh', 34, '08527818810', 'singh.neer@ymail.com', 1, '2020-02-19 00:00:00', '12:00 AM - 01:00 PM', 10, '2020-02-05 02:31:51', 0, 1, NULL, 2);
INSERT INTO `DoctorAppointment` (`ID`, `Name`, `Age`, `Mobile`, `Email`, `Sex`, `BookingDate`, `BookingTime`, `DoctorID`, `CreatedDate`, `IsDeleted`, `Status`, `HospitalID`, `CompanyID`) VALUES(59, 'Neeraj Singh', 12, '09599660409', 'neer.s@outlook.com', 1, '2020-02-06 00:00:00', '02:00 PM - 03:00 PM', 12, '2020-02-05 05:43:15', 0, 1, NULL, 2);
INSERT INTO `DoctorAppointment` (`ID`, `Name`, `Age`, `Mobile`, `Email`, `Sex`, `BookingDate`, `BookingTime`, `DoctorID`, `CreatedDate`, `IsDeleted`, `Status`, `HospitalID`, `CompanyID`) VALUES(60, 'Neeraj Singh', 45, '09599660409', 'neer.s@outlook.com', 2, '2020-02-20 00:00:00', '11:00 AM - 12:00 PM', 4, '2020-02-05 07:19:49', 0, 1, NULL, 2);
INSERT INTO `DoctorAppointment` (`ID`, `Name`, `Age`, `Mobile`, `Email`, `Sex`, `BookingDate`, `BookingTime`, `DoctorID`, `CreatedDate`, `IsDeleted`, `Status`, `HospitalID`, `CompanyID`) VALUES(61, 'dtygu', 12, '07696085020', 'parmanandsingh469@gmail.com', 1, '2019-12-12 00:00:00', 'drg', 10, '2020-02-08 04:42:24', 0, 1, NULL, 1);
INSERT INTO `DoctorAppointment` (`ID`, `Name`, `Age`, `Mobile`, `Email`, `Sex`, `BookingDate`, `BookingTime`, `DoctorID`, `CreatedDate`, `IsDeleted`, `Status`, `HospitalID`, `CompanyID`) VALUES(62, 'dtygu', 12, '07696085020', 'parmanandsingh469@gmail.com', 1, '2019-12-12 00:00:00', 'drg', 10, '2020-02-08 04:43:53', 0, 1, NULL, 1);
INSERT INTO `DoctorAppointment` (`ID`, `Name`, `Age`, `Mobile`, `Email`, `Sex`, `BookingDate`, `BookingTime`, `DoctorID`, `CreatedDate`, `IsDeleted`, `Status`, `HospitalID`, `CompanyID`) VALUES(63, 'dtygu', 12, '07696085020', 'parmanandsingh469@gmail.com', 1, '2019-12-12 00:00:00', 'drg', 10, '2020-02-08 04:50:03', 0, 1, NULL, 1);
INSERT INTO `DoctorAppointment` (`ID`, `Name`, `Age`, `Mobile`, `Email`, `Sex`, `BookingDate`, `BookingTime`, `DoctorID`, `CreatedDate`, `IsDeleted`, `Status`, `HospitalID`, `CompanyID`) VALUES(64, 'dtygu', 12, '07696085020', 'parmanandsingh469@gmail.com', 1, '2019-12-12 00:00:00', 'drg', 10, '2020-02-08 04:52:08', 0, 1, NULL, 1);
INSERT INTO `DoctorAppointment` (`ID`, `Name`, `Age`, `Mobile`, `Email`, `Sex`, `BookingDate`, `BookingTime`, `DoctorID`, `CreatedDate`, `IsDeleted`, `Status`, `HospitalID`, `CompanyID`) VALUES(65, 'dtygu', 12, '07696085020', 'parmanandsingh469@gmail.com', 1, '2019-12-12 00:00:00', 'drg', 10, '2020-02-08 05:27:35', 0, 1, NULL, 1);
INSERT INTO `DoctorAppointment` (`ID`, `Name`, `Age`, `Mobile`, `Email`, `Sex`, `BookingDate`, `BookingTime`, `DoctorID`, `CreatedDate`, `IsDeleted`, `Status`, `HospitalID`, `CompanyID`) VALUES(66, 'dtygu', 12, '07696085020', 'parmanandsingh469@gmail.com', 1, '2019-12-12 00:00:00', 'drg', 10, '2020-02-08 05:35:40', 0, 1, NULL, 1);
INSERT INTO `DoctorAppointment` (`ID`, `Name`, `Age`, `Mobile`, `Email`, `Sex`, `BookingDate`, `BookingTime`, `DoctorID`, `CreatedDate`, `IsDeleted`, `Status`, `HospitalID`, `CompanyID`) VALUES(67, 'dtygu', 12, '07696085020', 'parmanandsingh469@gmail.com', 1, '2019-12-12 00:00:00', 'drg', 10, '2020-02-08 05:35:52', 0, 1, NULL, 1);
INSERT INTO `DoctorAppointment` (`ID`, `Name`, `Age`, `Mobile`, `Email`, `Sex`, `BookingDate`, `BookingTime`, `DoctorID`, `CreatedDate`, `IsDeleted`, `Status`, `HospitalID`, `CompanyID`) VALUES(68, 'dtygu', 12, '07696085020', 'parmanandsingh469@gmail.com', 1, '2019-12-12 00:00:00', 'drg', 10, '2020-02-08 05:36:19', 0, 1, NULL, 1);
INSERT INTO `DoctorAppointment` (`ID`, `Name`, `Age`, `Mobile`, `Email`, `Sex`, `BookingDate`, `BookingTime`, `DoctorID`, `CreatedDate`, `IsDeleted`, `Status`, `HospitalID`, `CompanyID`) VALUES(69, 'dtygu', 12, '07696085020', 'parmanandsingh469@gmail.com', 1, '2019-12-12 00:00:00', 'drg', 10, '2020-02-08 05:36:25', 0, 1, NULL, 1);
INSERT INTO `DoctorAppointment` (`ID`, `Name`, `Age`, `Mobile`, `Email`, `Sex`, `BookingDate`, `BookingTime`, `DoctorID`, `CreatedDate`, `IsDeleted`, `Status`, `HospitalID`, `CompanyID`) VALUES(70, 'dtygu', 12, '07696085020', 'parmanandsingh469@gmail.com', 1, '2019-12-12 00:00:00', 'drg', 10, '2020-02-08 06:08:24', 0, 1, NULL, 1);
INSERT INTO `DoctorAppointment` (`ID`, `Name`, `Age`, `Mobile`, `Email`, `Sex`, `BookingDate`, `BookingTime`, `DoctorID`, `CreatedDate`, `IsDeleted`, `Status`, `HospitalID`, `CompanyID`) VALUES(71, 'dtygu', 12, '07696085020', 'parmanandsingh469@gmail.com', 1, '2019-12-12 00:00:00', 'drg', 10, '2020-02-08 11:51:40', 0, 1, NULL, 1);
INSERT INTO `DoctorAppointment` (`ID`, `Name`, `Age`, `Mobile`, `Email`, `Sex`, `BookingDate`, `BookingTime`, `DoctorID`, `CreatedDate`, `IsDeleted`, `Status`, `HospitalID`, `CompanyID`) VALUES(72, 'dtygu', 12, '07696085020', 'parmanandsingh469@gmail.com', 1, '2019-12-12 00:00:00', 'drg', 10, '2020-02-08 12:09:23', 0, 1, NULL, 1);
INSERT INTO `DoctorAppointment` (`ID`, `Name`, `Age`, `Mobile`, `Email`, `Sex`, `BookingDate`, `BookingTime`, `DoctorID`, `CreatedDate`, `IsDeleted`, `Status`, `HospitalID`, `CompanyID`) VALUES(73, 'dtygu', 12, '07696085020', 'parmanandsingh469@gmail.com', 1, '2019-12-12 00:00:00', 'drg', 10, '2020-02-08 12:35:39', 0, 1, NULL, 1);
INSERT INTO `DoctorAppointment` (`ID`, `Name`, `Age`, `Mobile`, `Email`, `Sex`, `BookingDate`, `BookingTime`, `DoctorID`, `CreatedDate`, `IsDeleted`, `Status`, `HospitalID`, `CompanyID`) VALUES(74, 'dtygu', 12, '07696085020', 'parmanandsingh469@gmail.com', 1, '2019-12-12 00:00:00', 'drg', 10, '2020-02-08 12:36:14', 0, 1, NULL, 1);
INSERT INTO `DoctorAppointment` (`ID`, `Name`, `Age`, `Mobile`, `Email`, `Sex`, `BookingDate`, `BookingTime`, `DoctorID`, `CreatedDate`, `IsDeleted`, `Status`, `HospitalID`, `CompanyID`) VALUES(75, 'dtygu', 12, '07696085020', 'parmanandsingh469@gmail.com', 1, '2019-12-12 00:00:00', 'drg', 10, '2020-02-08 20:30:39', 0, 1, NULL, 1);
INSERT INTO `DoctorAppointment` (`ID`, `Name`, `Age`, `Mobile`, `Email`, `Sex`, `BookingDate`, `BookingTime`, `DoctorID`, `CreatedDate`, `IsDeleted`, `Status`, `HospitalID`, `CompanyID`) VALUES(76, 'dtygu', 12, '07696085020', 'parmanandsingh469@gmail.com', 1, '2019-12-12 00:00:00', 'drg', 10, '2020-02-08 20:31:14', 0, 1, NULL, 1);
INSERT INTO `DoctorAppointment` (`ID`, `Name`, `Age`, `Mobile`, `Email`, `Sex`, `BookingDate`, `BookingTime`, `DoctorID`, `CreatedDate`, `IsDeleted`, `Status`, `HospitalID`, `CompanyID`) VALUES(77, 'dtygu', 12, '07696085020', 'parmanandsingh469@gmail.com', 1, '2019-12-12 00:00:00', 'drg', 10, '2020-02-08 20:44:20', 0, 1, NULL, 1);
INSERT INTO `DoctorAppointment` (`ID`, `Name`, `Age`, `Mobile`, `Email`, `Sex`, `BookingDate`, `BookingTime`, `DoctorID`, `CreatedDate`, `IsDeleted`, `Status`, `HospitalID`, `CompanyID`) VALUES(78, 'dtygu', 12, '07696085020', 'parmanandsingh469@gmail.com', 1, '2019-12-12 00:00:00', 'drg', 10, '2020-02-08 20:44:32', 0, 1, NULL, 1);
INSERT INTO `DoctorAppointment` (`ID`, `Name`, `Age`, `Mobile`, `Email`, `Sex`, `BookingDate`, `BookingTime`, `DoctorID`, `CreatedDate`, `IsDeleted`, `Status`, `HospitalID`, `CompanyID`) VALUES(79, 'dtygu', 12, '07696085020', 'parmanandsingh469@gmail.com', 1, '2019-12-12 00:00:00', 'drg', 10, '2020-02-08 21:01:35', 0, 1, NULL, 1);
INSERT INTO `DoctorAppointment` (`ID`, `Name`, `Age`, `Mobile`, `Email`, `Sex`, `BookingDate`, `BookingTime`, `DoctorID`, `CreatedDate`, `IsDeleted`, `Status`, `HospitalID`, `CompanyID`) VALUES(80, 'dtygu', 12, '07696085020', 'parmanandsingh469@gmail.com', 1, '2019-12-12 00:00:00', 'drg', 10, '2020-02-08 21:03:03', 0, 1, NULL, 1);
INSERT INTO `DoctorAppointment` (`ID`, `Name`, `Age`, `Mobile`, `Email`, `Sex`, `BookingDate`, `BookingTime`, `DoctorID`, `CreatedDate`, `IsDeleted`, `Status`, `HospitalID`, `CompanyID`) VALUES(81, 'dtygu', 12, '07696085020', 'parmanandsingh469@gmail.com', 1, '2019-12-12 00:00:00', 'drg', 10, '2020-02-08 22:36:04', 0, 1, NULL, 1);
INSERT INTO `DoctorAppointment` (`ID`, `Name`, `Age`, `Mobile`, `Email`, `Sex`, `BookingDate`, `BookingTime`, `DoctorID`, `CreatedDate`, `IsDeleted`, `Status`, `HospitalID`, `CompanyID`) VALUES(82, 'dtygu', 12, '07696085020', 'parmanandsingh469@gmail.com', 1, '2019-12-12 00:00:00', 'drg', 10, '2020-02-08 23:46:40', 0, 1, NULL, 1);
INSERT INTO `DoctorAppointment` (`ID`, `Name`, `Age`, `Mobile`, `Email`, `Sex`, `BookingDate`, `BookingTime`, `DoctorID`, `CreatedDate`, `IsDeleted`, `Status`, `HospitalID`, `CompanyID`) VALUES(83, 'dtygu', 12, '07696085020', 'parmanandsingh469@gmail.com', 1, '2019-12-12 00:00:00', 'drg', 10, '2020-02-08 23:55:20', 0, 1, NULL, 1);
INSERT INTO `DoctorAppointment` (`ID`, `Name`, `Age`, `Mobile`, `Email`, `Sex`, `BookingDate`, `BookingTime`, `DoctorID`, `CreatedDate`, `IsDeleted`, `Status`, `HospitalID`, `CompanyID`) VALUES(84, 'dtygu', 12, '07696085020', 'parmanandsingh469@gmail.com', 1, '2019-12-12 00:00:00', 'drg', 10, '2020-02-08 23:55:58', 0, 1, NULL, 1);
INSERT INTO `DoctorAppointment` (`ID`, `Name`, `Age`, `Mobile`, `Email`, `Sex`, `BookingDate`, `BookingTime`, `DoctorID`, `CreatedDate`, `IsDeleted`, `Status`, `HospitalID`, `CompanyID`) VALUES(85, 'dtygu', 12, '07696085020', 'parmanandsingh469@gmail.com', 1, '2019-12-12 00:00:00', 'drg', 10, '2020-02-08 23:56:57', 0, 1, NULL, 1);
INSERT INTO `DoctorAppointment` (`ID`, `Name`, `Age`, `Mobile`, `Email`, `Sex`, `BookingDate`, `BookingTime`, `DoctorID`, `CreatedDate`, `IsDeleted`, `Status`, `HospitalID`, `CompanyID`) VALUES(86, 'dtygu', 12, '07696085020', 'parmanandsingh469@gmail.com', 1, '2019-12-12 00:00:00', 'drg', 10, '2020-02-08 23:58:17', 0, 1, NULL, 1);
INSERT INTO `DoctorAppointment` (`ID`, `Name`, `Age`, `Mobile`, `Email`, `Sex`, `BookingDate`, `BookingTime`, `DoctorID`, `CreatedDate`, `IsDeleted`, `Status`, `HospitalID`, `CompanyID`) VALUES(87, 'dtygu', 12, '07696085020', 'parmanandsingh469@gmail.com', 1, '2019-12-12 00:00:00', 'drg', 10, '2020-02-08 23:59:01', 0, 1, NULL, 1);
INSERT INTO `DoctorAppointment` (`ID`, `Name`, `Age`, `Mobile`, `Email`, `Sex`, `BookingDate`, `BookingTime`, `DoctorID`, `CreatedDate`, `IsDeleted`, `Status`, `HospitalID`, `CompanyID`) VALUES(88, 'dtygu', 12, '07696085020', 'parmanandsingh469@gmail.com', 1, '2019-12-12 00:00:00', 'drg', 10, '2020-02-08 23:59:09', 0, 1, NULL, 1);
INSERT INTO `DoctorAppointment` (`ID`, `Name`, `Age`, `Mobile`, `Email`, `Sex`, `BookingDate`, `BookingTime`, `DoctorID`, `CreatedDate`, `IsDeleted`, `Status`, `HospitalID`, `CompanyID`) VALUES(89, 'dtygu', 12, '07696085020', 'parmanandsingh469@gmail.com', 1, '2019-12-12 00:00:00', 'drg', 10, '2020-02-08 23:59:20', 0, 1, NULL, 1);
INSERT INTO `DoctorAppointment` (`ID`, `Name`, `Age`, `Mobile`, `Email`, `Sex`, `BookingDate`, `BookingTime`, `DoctorID`, `CreatedDate`, `IsDeleted`, `Status`, `HospitalID`, `CompanyID`) VALUES(90, 'dtygu', 12, '07696085020', 'parmanandsingh469@gmail.com', 1, '2019-12-12 00:00:00', 'drg', 10, '2020-02-09 00:00:09', 0, 1, NULL, 1);
INSERT INTO `DoctorAppointment` (`ID`, `Name`, `Age`, `Mobile`, `Email`, `Sex`, `BookingDate`, `BookingTime`, `DoctorID`, `CreatedDate`, `IsDeleted`, `Status`, `HospitalID`, `CompanyID`) VALUES(91, 'dtygu', 12, '07696085020', 'parmanandsingh469@gmail.com', 1, '2019-12-12 00:00:00', 'drg', 10, '2020-02-09 00:00:57', 0, 1, NULL, 1);
INSERT INTO `DoctorAppointment` (`ID`, `Name`, `Age`, `Mobile`, `Email`, `Sex`, `BookingDate`, `BookingTime`, `DoctorID`, `CreatedDate`, `IsDeleted`, `Status`, `HospitalID`, `CompanyID`) VALUES(92, 'dtygu', 12, '07696085020', 'parmanandsingh469@gmail.com', 1, '2019-12-12 00:00:00', 'drg', 10, '2020-02-09 00:01:53', 0, 1, NULL, 1);
INSERT INTO `DoctorAppointment` (`ID`, `Name`, `Age`, `Mobile`, `Email`, `Sex`, `BookingDate`, `BookingTime`, `DoctorID`, `CreatedDate`, `IsDeleted`, `Status`, `HospitalID`, `CompanyID`) VALUES(93, 'Neeraj Singh', 65, '08527818810', 'singh.neer@ymail.com', 1, '2020-02-12 00:00:00', '01:00 PM - 02:00 PM', 4, '2020-02-09 02:25:04', 0, 1, NULL, 2);
INSERT INTO `DoctorAppointment` (`ID`, `Name`, `Age`, `Mobile`, `Email`, `Sex`, `BookingDate`, `BookingTime`, `DoctorID`, `CreatedDate`, `IsDeleted`, `Status`, `HospitalID`, `CompanyID`) VALUES(94, 'dtygu', 12, '07696085020', 'parmanandsingh469@gmail.com', 1, '2019-12-12 00:00:00', 'drg', 10, '2020-02-22 00:45:38', 0, 1, NULL, 1);
INSERT INTO `DoctorAppointment` (`ID`, `Name`, `Age`, `Mobile`, `Email`, `Sex`, `BookingDate`, `BookingTime`, `DoctorID`, `CreatedDate`, `IsDeleted`, `Status`, `HospitalID`, `CompanyID`) VALUES(95, 'dtygu', 12, '07696085020', 'parmanandsingh469@gmail.com', 1, '2019-12-12 00:00:00', 'drg', 10, '2020-02-22 00:48:23', 0, 1, NULL, 1);
INSERT INTO `DoctorAppointment` (`ID`, `Name`, `Age`, `Mobile`, `Email`, `Sex`, `BookingDate`, `BookingTime`, `DoctorID`, `CreatedDate`, `IsDeleted`, `Status`, `HospitalID`, `CompanyID`) VALUES(96, 'dtygu', 12, '07696085020', 'parmanandsingh469@gmail.com', 1, '2019-12-12 00:00:00', 'drg', 10, '2020-02-22 00:48:36', 0, 1, NULL, 1);
INSERT INTO `DoctorAppointment` (`ID`, `Name`, `Age`, `Mobile`, `Email`, `Sex`, `BookingDate`, `BookingTime`, `DoctorID`, `CreatedDate`, `IsDeleted`, `Status`, `HospitalID`, `CompanyID`) VALUES(97, 'dtygu', 12, '07696085020', 'parmanandsingh469@gmail.com', 1, '2019-12-12 00:00:00', 'drg', 10, '2020-02-23 00:40:22', 0, 1, NULL, 1);
INSERT INTO `DoctorAppointment` (`ID`, `Name`, `Age`, `Mobile`, `Email`, `Sex`, `BookingDate`, `BookingTime`, `DoctorID`, `CreatedDate`, `IsDeleted`, `Status`, `HospitalID`, `CompanyID`) VALUES(98, 'Neeraj Singh', 32, '08527818810', 'singh.neer@ymail.com', 1, '2020-02-23 00:00:00', '11:00 AM - 12:00 PM', 12, '2020-02-23 09:20:37', 0, 1, NULL, 2);
INSERT INTO `DoctorAppointment` (`ID`, `Name`, `Age`, `Mobile`, `Email`, `Sex`, `BookingDate`, `BookingTime`, `DoctorID`, `CreatedDate`, `IsDeleted`, `Status`, `HospitalID`, `CompanyID`) VALUES(99, 'Neeraj Singh', 34, '9599660409', 'neer.s@outlook.com', 2, '2020-12-02 00:00:00', '01:00 PM - 02:00 PM', 12, '2020-02-23 10:23:37', 0, 1, NULL, 2);
INSERT INTO `DoctorAppointment` (`ID`, `Name`, `Age`, `Mobile`, `Email`, `Sex`, `BookingDate`, `BookingTime`, `DoctorID`, `CreatedDate`, `IsDeleted`, `Status`, `HospitalID`, `CompanyID`) VALUES(100, 'Puspa Mahanot', 67, '9830110109', 'neelkmahanot@gmail.com', 2, '2020-03-05 00:00:00', NULL, 5, '2020-02-24 08:00:48', 0, 1, NULL, 1);
INSERT INTO `DoctorAppointment` (`ID`, `Name`, `Age`, `Mobile`, `Email`, `Sex`, `BookingDate`, `BookingTime`, `DoctorID`, `CreatedDate`, `IsDeleted`, `Status`, `HospitalID`, `CompanyID`) VALUES(101, 'Puspa Mahanot', 67, '9830110109', 'neelkmahanot@gmail.com', 2, '2020-03-05 00:00:00', NULL, 5, '2020-02-24 08:19:06', 0, 1, NULL, 1);

-- --------------------------------------------------------

--
-- Table structure for table `DoctorMaster`
--

CREATE TABLE `DoctorMaster` (
  `ID` int(11) NOT NULL,
  `FirstName` varchar(50) NOT NULL,
  `LastName` varchar(50) NOT NULL,
  `DateOfBirth` datetime DEFAULT NULL,
  `Experience` int(2) NOT NULL,
  `Specialist` varchar(250) DEFAULT NULL,
  `ImageUrl` varchar(1000) DEFAULT NULL,
  `Hospital` varchar(150) DEFAULT NULL,
  `Designation` varchar(250) DEFAULT NULL,
  `Sequence` int(3) NOT NULL DEFAULT '999',
  `About` varchar(500) DEFAULT NULL,
  `LogoUrl` varchar(1000) DEFAULT NULL,
  `IsDeleted` int(1) NOT NULL DEFAULT '0',
  `CreatedDate` datetime NOT NULL,
  `UpdatedDate` datetime DEFAULT NULL,
  `Mobile` varchar(15) NOT NULL,
  `Email` varchar(250) DEFAULT NULL,
  `RegistrationNo` varchar(45) DEFAULT NULL,
  `SpecialityID` int(9) NOT NULL DEFAULT '1',
  `HospitalID` int(9) DEFAULT NULL,
  `CompanyID` int(2) DEFAULT NULL
) ENGINE=InnoDB DEFAULT CHARSET=utf8;

--
-- Dumping data for table `DoctorMaster`
--

INSERT INTO `DoctorMaster` (`ID`, `FirstName`, `LastName`, `DateOfBirth`, `Experience`, `Specialist`, `ImageUrl`, `Hospital`, `Designation`, `Sequence`, `About`, `LogoUrl`, `IsDeleted`, `CreatedDate`, `UpdatedDate`, `Mobile`, `Email`, `RegistrationNo`, `SpecialityID`, `HospitalID`, `CompanyID`) VALUES(1, 'Dr. Trinath', 'Sarkar', '2019-07-28 00:00:00', 10, 'Cardiology', '../../assets/img/Doctors images/Dr.Trinath Sarkar.jpg', 'Calcutta Medical College Paramount Nursing Home', 'M.B.B.S. (Cal), M.D. (Cal), CCEBDM (IDF) ', 999, 'Member: - European Society of Cardiology', 'lnr-heart-pulse', 1, '2019-07-28 00:00:00', '2019-08-03 01:40:14', '9051672875', 'trinath_sarkar2004@yahoo.co.in', NULL, 4, NULL, NULL);
INSERT INTO `DoctorMaster` (`ID`, `FirstName`, `LastName`, `DateOfBirth`, `Experience`, `Specialist`, `ImageUrl`, `Hospital`, `Designation`, `Sequence`, `About`, `LogoUrl`, `IsDeleted`, `CreatedDate`, `UpdatedDate`, `Mobile`, `Email`, `RegistrationNo`, `SpecialityID`, `HospitalID`, `CompanyID`) VALUES(2, 'Dr. Jayanta', 'Raja', NULL, 0, 'Cardiology', 'https://png.pngtree.com/element_origin_min_pic/16/09/13/2157d8062925150.jpg', ' BM Birla Heart Research Centre Hindustan Health Point', 'M.B.B.S, D.CARD (CAL), DC.CM.A.F.I.C.A (USA)', 999, '', 'lnr-Users', 1, '2019-07-28 00:00:00', NULL, '033-2475 5390', ' drjrajani@yahoo.co.in', NULL, 4, NULL, NULL);
INSERT INTO `DoctorMaster` (`ID`, `FirstName`, `LastName`, `DateOfBirth`, `Experience`, `Specialist`, `ImageUrl`, `Hospital`, `Designation`, `Sequence`, `About`, `LogoUrl`, `IsDeleted`, `CreatedDate`, `UpdatedDate`, `Mobile`, `Email`, `RegistrationNo`, `SpecialityID`, `HospitalID`, `CompanyID`) VALUES(3, 'Dr. Amit', 'Gupta', NULL, 0, 'Diabetese and Endocrinology', '../../assets/img/Doctors images/Dr.Amit.jpg', 'Fellow Observer Critical Care & Chest Medicine(Johns Hopkins Hospital(USA)', ' M.D.,MRCP,FCGP,DFM(UK)  Dip. Diabetology(Chennai)', 999, '', 'lnr-rocket', 1, '2019-07-28 00:00:00', NULL, '9830075316', '', NULL, 8, NULL, NULL);
INSERT INTO `DoctorMaster` (`ID`, `FirstName`, `LastName`, `DateOfBirth`, `Experience`, `Specialist`, `ImageUrl`, `Hospital`, `Designation`, `Sequence`, `About`, `LogoUrl`, `IsDeleted`, `CreatedDate`, `UpdatedDate`, `Mobile`, `Email`, `RegistrationNo`, `SpecialityID`, `HospitalID`, `CompanyID`) VALUES(4, 'Dr. Poulomi', 'Saha', NULL, 0, 'ENT ', '../../assets/img/Doctors images/Dr.Poulimi Sarkar.jpg', 'Faculty of WBMES', ' M.B.B.S(Cal) , M.S. ENT & Head Neck Surgery(IPGMER)', 4, NULL, NULL, 0, '2019-08-08 00:00:00', NULL, '8727072555', 'drpoulomisaha@gmail.com', NULL, 7, NULL, NULL);
INSERT INTO `DoctorMaster` (`ID`, `FirstName`, `LastName`, `DateOfBirth`, `Experience`, `Specialist`, `ImageUrl`, `Hospital`, `Designation`, `Sequence`, `About`, `LogoUrl`, `IsDeleted`, `CreatedDate`, `UpdatedDate`, `Mobile`, `Email`, `RegistrationNo`, `SpecialityID`, `HospitalID`, `CompanyID`) VALUES(5, 'Dr. Ranajit ', 'Bari', NULL, 0, 'Diabetese and Endocrinology', '../../assets/img/Doctors images/DR.Ranajit Bari.jpg', 'Asst. Prof. R.G.Kar Medical College & Hospital', 'MBBS (CAL), MD(MED),DM(Endocrinology),IPGMER', 2, NULL, NULL, 0, '2019-08-08 00:00:00', NULL, '9433360027', 'dr.ranajit@gmail.com', NULL, 8, NULL, NULL);
INSERT INTO `DoctorMaster` (`ID`, `FirstName`, `LastName`, `DateOfBirth`, `Experience`, `Specialist`, `ImageUrl`, `Hospital`, `Designation`, `Sequence`, `About`, `LogoUrl`, `IsDeleted`, `CreatedDate`, `UpdatedDate`, `Mobile`, `Email`, `RegistrationNo`, `SpecialityID`, `HospitalID`, `CompanyID`) VALUES(6, 'Dr. Md Rahiul ', 'Islam', NULL, 0, 'Child Specialist', '../../assets/img/Doctors images/Dr.R Islam.jpg', '                                                                                                  Chittaranjan Seva Sadan          ', 'MBBS,MD(CAL)', 1, NULL, NULL, 0, '2019-08-08 00:00:00', NULL, '7003258132', 'rahcnmc@gmail.com', NULL, 9, NULL, NULL);
INSERT INTO `DoctorMaster` (`ID`, `FirstName`, `LastName`, `DateOfBirth`, `Experience`, `Specialist`, `ImageUrl`, `Hospital`, `Designation`, `Sequence`, `About`, `LogoUrl`, `IsDeleted`, `CreatedDate`, `UpdatedDate`, `Mobile`, `Email`, `RegistrationNo`, `SpecialityID`, `HospitalID`, `CompanyID`) VALUES(7, 'Dr. Tapas ', 'Das', NULL, 0, 'PHYSIOTHERAPHY', '../../assets/img/Doctors images/Dr.Tapas Das.jpg', 'Medicine(Apollo Hospital),Physiotherapist,Acupunture and Yoga And Naturopathy Physician(Govt. of Wb)', 'Phd,M.Sc, Sports and Allied Science,DPT,PG Fellowship in the lifestyle Medicine(Apollo Hospital)', 6, NULL, NULL, 0, '2019-08-08 00:00:00', NULL, '9831020106', 'tapasdas76@yahoo.co.in', NULL, 12, NULL, NULL);
INSERT INTO `DoctorMaster` (`ID`, `FirstName`, `LastName`, `DateOfBirth`, `Experience`, `Specialist`, `ImageUrl`, `Hospital`, `Designation`, `Sequence`, `About`, `LogoUrl`, `IsDeleted`, `CreatedDate`, `UpdatedDate`, `Mobile`, `Email`, `RegistrationNo`, `SpecialityID`, `HospitalID`, `CompanyID`) VALUES(8, 'Dr. Soumyendra Nath ', 'Mitra', NULL, 0, 'General Physician', 'https://png.pngtree.com/element_origin_min_pic/16/09/13/2157d8062925150.jpg', 'Ex-Resident Surgeon Marwari Relief Society Hospital,Kolkata	                                Medical Superitendent Apollo Nursing Home,Kolkata', 'Bsc.(Hons.),M.B.B.S', 999, NULL, NULL, 0, '2019-08-08 00:00:00', NULL, '9830243153', NULL, NULL, 1, NULL, NULL);
INSERT INTO `DoctorMaster` (`ID`, `FirstName`, `LastName`, `DateOfBirth`, `Experience`, `Specialist`, `ImageUrl`, `Hospital`, `Designation`, `Sequence`, `About`, `LogoUrl`, `IsDeleted`, `CreatedDate`, `UpdatedDate`, `Mobile`, `Email`, `RegistrationNo`, `SpecialityID`, `HospitalID`, `CompanyID`) VALUES(9, 'Dr. Nilima ', 'Tudu', NULL, 0, 'Gynaecologist', '../../assets/img/Doctors images/Dr.Nilima Tudu.jpg', '                                                                                                                 Belle Vue Clinic        ', 'MBBS(Cal),Dgo(Cal)', 999, NULL, NULL, 0, '2019-08-08 00:00:00', NULL, '9883118528', 'nilima.tudu14@gmail.com', NULL, 11, NULL, NULL);
INSERT INTO `DoctorMaster` (`ID`, `FirstName`, `LastName`, `DateOfBirth`, `Experience`, `Specialist`, `ImageUrl`, `Hospital`, `Designation`, `Sequence`, `About`, `LogoUrl`, `IsDeleted`, `CreatedDate`, `UpdatedDate`, `Mobile`, `Email`, `RegistrationNo`, `SpecialityID`, `HospitalID`, `CompanyID`) VALUES(10, 'Dr. Paushali ', 'Sanyal', NULL, 0, 'Gynaecologist', '../../assets/img/Doctors images/Dr.Paushali Sanyal.jpg', ' SSKM Hospital                                                                                        Fellow in Minimal Access Surgery   ', 'MS(Obs & Gynae), DNB(Obs& Gynae) Gold Medalist,IPGME&R', 5, NULL, NULL, 0, '2019-08-08 00:00:00', NULL, '9830279680', 'poushali.sanyal@yahoo.co.in', NULL, 11, NULL, NULL);
INSERT INTO `DoctorMaster` (`ID`, `FirstName`, `LastName`, `DateOfBirth`, `Experience`, `Specialist`, `ImageUrl`, `Hospital`, `Designation`, `Sequence`, `About`, `LogoUrl`, `IsDeleted`, `CreatedDate`, `UpdatedDate`, `Mobile`, `Email`, `RegistrationNo`, `SpecialityID`, `HospitalID`, `CompanyID`) VALUES(12, 'Dr. Sajeev', 'Shekhar', NULL, 0, 'Orthopedic', '../../assets/img/Doctors images/Sajeeve.jpg', 'IPGMER & SSKM Hospital', 'M.B.B.S, M.S. (Ortho)', 3, NULL, NULL, 0, '2019-08-08 00:00:00', NULL, '8197420121', 'sajshekh@hotmail.com', NULL, 10, NULL, NULL);
INSERT INTO `DoctorMaster` (`ID`, `FirstName`, `LastName`, `DateOfBirth`, `Experience`, `Specialist`, `ImageUrl`, `Hospital`, `Designation`, `Sequence`, `About`, `LogoUrl`, `IsDeleted`, `CreatedDate`, `UpdatedDate`, `Mobile`, `Email`, `RegistrationNo`, `SpecialityID`, `HospitalID`, `CompanyID`) VALUES(13, 'Dr. Robin', 'Kumar', NULL, 0, 'Consultant Chest Physician', 'https://png.pngtree.com/element_origin_min_pic/16/09/13/2157d8062925150.jpg', 'MBBS,MRCHCH(I)', 'MBBS,MRCHCH(I)', 999, NULL, NULL, 0, '0000-00-00 00:00:00', NULL, '', NULL, NULL, 1, NULL, NULL);
INSERT INTO `DoctorMaster` (`ID`, `FirstName`, `LastName`, `DateOfBirth`, `Experience`, `Specialist`, `ImageUrl`, `Hospital`, `Designation`, `Sequence`, `About`, `LogoUrl`, `IsDeleted`, `CreatedDate`, `UpdatedDate`, `Mobile`, `Email`, `RegistrationNo`, `SpecialityID`, `HospitalID`, `CompanyID`) VALUES(14, 'Ms. Pallabi', 'Chatterjee', NULL, 0, 'Nutrition Dietitian', 'https://png.pngtree.com/element_origin_min_pic/16/09/13/2157d8062925150.jpg', NULL, 'M.Sc. In Applied Nutrition( All India Institute of Hygeine & PublicHealth),', 999, NULL, NULL, 0, '0000-00-00 00:00:00', NULL, '', NULL, NULL, 13, NULL, NULL);
INSERT INTO `DoctorMaster` (`ID`, `FirstName`, `LastName`, `DateOfBirth`, `Experience`, `Specialist`, `ImageUrl`, `Hospital`, `Designation`, `Sequence`, `About`, `LogoUrl`, `IsDeleted`, `CreatedDate`, `UpdatedDate`, `Mobile`, `Email`, `RegistrationNo`, `SpecialityID`, `HospitalID`, `CompanyID`) VALUES(15, 'OPD', '', NULL, 0, 'OPD', NULL, 'OPD', NULL, 999, NULL, NULL, 1, '2019-08-08 00:00:00', NULL, '', NULL, NULL, 1, NULL, NULL);

-- --------------------------------------------------------

--
-- Table structure for table `DoctorSpecialities`
--

CREATE TABLE `DoctorSpecialities` (
  `ID` int(9) NOT NULL,
  `DoctorID` int(9) NOT NULL,
  `SpecialityID` int(9) NOT NULL
) ENGINE=InnoDB DEFAULT CHARSET=utf8;

--
-- Dumping data for table `DoctorSpecialities`
--

INSERT INTO `DoctorSpecialities` (`ID`, `DoctorID`, `SpecialityID`) VALUES(1, 1, 1);
INSERT INTO `DoctorSpecialities` (`ID`, `DoctorID`, `SpecialityID`) VALUES(2, 1, 4);
INSERT INTO `DoctorSpecialities` (`ID`, `DoctorID`, `SpecialityID`) VALUES(3, 2, 1);
INSERT INTO `DoctorSpecialities` (`ID`, `DoctorID`, `SpecialityID`) VALUES(4, 2, 4);
INSERT INTO `DoctorSpecialities` (`ID`, `DoctorID`, `SpecialityID`) VALUES(5, 3, 6);
INSERT INTO `DoctorSpecialities` (`ID`, `DoctorID`, `SpecialityID`) VALUES(6, 4, 7);
INSERT INTO `DoctorSpecialities` (`ID`, `DoctorID`, `SpecialityID`) VALUES(7, 5, 8);
INSERT INTO `DoctorSpecialities` (`ID`, `DoctorID`, `SpecialityID`) VALUES(8, 6, 9);

-- --------------------------------------------------------

--
-- Table structure for table `HealthServiceMaster`
--

CREATE TABLE `HealthServiceMaster` (
  `ID` int(9) NOT NULL,
  `Name` varchar(100) NOT NULL,
  `Description` varchar(5000) DEFAULT NULL,
  `ImageUrl` varchar(1000) DEFAULT NULL,
  `PageUrl` varchar(1000) DEFAULT NULL,
  `CreatedDate` datetime NOT NULL,
  `UpdatedDate` datetime DEFAULT NULL,
  `IsDeleted` int(1) NOT NULL DEFAULT '0',
  `Type` int(2) NOT NULL DEFAULT '0',
  `ServicesIncluded` varchar(1000) DEFAULT NULL,
  `CompanyID` int(2) DEFAULT NULL
) ENGINE=InnoDB DEFAULT CHARSET=utf8;

--
-- Dumping data for table `HealthServiceMaster`
--

INSERT INTO `HealthServiceMaster` (`ID`, `Name`, `Description`, `ImageUrl`, `PageUrl`, `CreatedDate`, `UpdatedDate`, `IsDeleted`, `Type`, `ServicesIncluded`, `CompanyID`) VALUES(1, 'Pathology', 'Health IQ basically aims at improving lifes of others. In terms of pathology, it is a medical specialty that determines the cause and nature of diseases by examining and testing body tissues (from biopsies and pap smears, for example) and bodily fluids (from samples including blood and urine). The results from these pathology tests help Doctors diagnose and treat patients correctly. Basically, an integral part of clinical diagnosis', '../../assets/img/services images/pathology .jpg', 'page3 url (if any)', '2016-03-22 09:27:52', '2019-08-03 12:17:18', 0, 0, 'Biochemistry,Clinical Pathology,Cytopathology,Haematology, Immunology, Molecular Biology, Molecular Genetics, Serology', NULL);
INSERT INTO `HealthServiceMaster` (`ID`, `Name`, `Description`, `ImageUrl`, `PageUrl`, `CreatedDate`, `UpdatedDate`, `IsDeleted`, `Type`, `ServicesIncluded`, `CompanyID`) VALUES(2, 'Cardiology', 'Cardiology is a medical specialty and a branch of internal medicine concerned with disorders of the heart. It deals with the diagnosis and treatment of such conditions as congenital heart defects, coronary artery disease, electrophysiology, heart failure and heart disease. Subspecialties of the cardiology field include cardiac electrophysiology, echocardiography, interventional cardiology and nuclear cardiology', '../../assets/img/services images/cardiology.jpg', 'page3 url (if any)', '2019-07-29 09:27:52', '2019-08-03 12:16:24', 0, 0, 'ECG, Holter monitoring, BP monitoring', NULL);
INSERT INTO `HealthServiceMaster` (`ID`, `Name`, `Description`, `ImageUrl`, `PageUrl`, `CreatedDate`, `UpdatedDate`, `IsDeleted`, `Type`, `ServicesIncluded`, `CompanyID`) VALUES(3, 'Spirometry', 'Spirometry (spy-ROM-uh-tree) is a common office test used to assess how well your lungs work by measuring how much air you inhale, how much you exhale and how quickly you exhale.Spirometry is used to diagnose asthma, chronic obstructive pulmonary disease (COPD) and other conditions that affect breathing. Spirometry may also be used periodically to monitor your lung condition and check whether a treatment for a chronic lung condition is helping you breathe better.', '../../assets/img/services images/spirometry.jpg', 'page3 url (if any)', '2019-07-29 09:27:52', NULL, 0, 0, NULL, NULL);
INSERT INTO `HealthServiceMaster` (`ID`, `Name`, `Description`, `ImageUrl`, `PageUrl`, `CreatedDate`, `UpdatedDate`, `IsDeleted`, `Type`, `ServicesIncluded`, `CompanyID`) VALUES(4, 'Neurology', 'Neurology is a branch of medicine dealing with disorders of the nervous system. Neurology deals with the diagnosis and treatment of all categories of conditions and disease involving the central and peripheral nervous systems, including their coverings, blood vessels, and all effector tissue, such as muscle.', '../../assets/img/services images/Neurology.jpg', NULL, '2019-08-08 09:27:52', NULL, 0, 0, 'NCV Study,  EMG Study , EEG ,BLINK REFLEX    ,VEP Study ,BAER Study  ,SSEP Study  ', NULL);
INSERT INTO `HealthServiceMaster` (`ID`, `Name`, `Description`, `ImageUrl`, `PageUrl`, `CreatedDate`, `UpdatedDate`, `IsDeleted`, `Type`, `ServicesIncluded`, `CompanyID`) VALUES(5, 'GynaCare', 'Gynaecare clinic offers a comprehensive range of treatments with complete scientific solutions for infertility and sexual dysfunctions. Our dedicated team of doctors personally interact with the patients , answer their queries and decide on the treatment accordingly. We offer the best services in fertility and reproductive medicine. Some of the services offered at our clinic are:', '../../assets/img/services images/gynae-clinic.jpg', NULL, '2019-08-08 09:27:52', NULL, 0, 0, 'Pre & post-natal check up,Laproscopic surgeries, Hysterectomy,Measures for Family Planning, Abnormal bleeding problems, Treatment for Hormonal Imbalance, Blood Tests, IVF or In Vitro Fertilization, Infertility work up, IUI or Intrauterine Insemination,\r Safe medical termination of pregnancy (abortion).\r', NULL);
INSERT INTO `HealthServiceMaster` (`ID`, `Name`, `Description`, `ImageUrl`, `PageUrl`, `CreatedDate`, `UpdatedDate`, `IsDeleted`, `Type`, `ServicesIncluded`, `CompanyID`) VALUES(6, 'Child Care Clinic', 'Childcare clinic offers a comprehensive range of treatments with complete solutions for Child. Our experienced team of Paediatricians caters to the Medical Needs of Newborns, Toddlers, Teenagers and Adolescents., answer their queries and decide on the treatment accordingly. We offer the best services in Paedtrics. Some of the services offered at our clinic are', '../../assets/img/services images/child-care-clinic.jpg', NULL, '2019-08-08 09:27:52', NULL, 0, 0, 'Neonatology\r,Paedtric Intensivist', NULL);
INSERT INTO `HealthServiceMaster` (`ID`, `Name`, `Description`, `ImageUrl`, `PageUrl`, `CreatedDate`, `UpdatedDate`, `IsDeleted`, `Type`, `ServicesIncluded`, `CompanyID`) VALUES(7, 'Diabetes Care Clinic', 'Diabetes is a hassle-some disease. At Health IQ, we take the stress out of diabetes. We provide everything a diabetic might need, under one roof. Right from diagnosis to speaking to a dietician, educator, diabetologist. As a patient, you dont have to keep going from pillar to post. We help patients manage Type 1, 2, gestational or prediabetes. Our evaluations, physical exams and treatments are geared to detect and prevent complications brought on by the disease. Our medical team can help you create routines for nutrition and exercise to prevent diabetes if you are prediabetes. For some type 2 patients, we may be able to control diabetes without medication through weight loss, diet and exercise. Our goal is to provide the best possible solution for your particular diagnosis. There are many ways to treat diabetes. Our doctors gives you options and works with you to design a plan that fits your lifestyle so you can successfully live with diabetes. Along with diet, exercise, oral medications, insulin and non-insulin injections, we also have expertise in insulin pump and continuous glucose monitoring.', '../../assets/img/services images/diabetes-.jpg', NULL, '2019-08-08 09:27:52', NULL, 0, 0, NULL, NULL);
INSERT INTO `HealthServiceMaster` (`ID`, `Name`, `Description`, `ImageUrl`, `PageUrl`, `CreatedDate`, `UpdatedDate`, `IsDeleted`, `Type`, `ServicesIncluded`, `CompanyID`) VALUES(8, 'Endrocrinology', 'The department of endocrinology at  Health IQ offers the best treatment modalities available for endocrine disorders to provide accurate and comprehensive care for its patients suffering from various endocrine diseases.\r', '../../assets/img/services images/endrocrinology.jpg', NULL, '2019-08-08 09:27:52', NULL, 0, 0, NULL, NULL);
INSERT INTO `HealthServiceMaster` (`ID`, `Name`, `Description`, `ImageUrl`, `PageUrl`, `CreatedDate`, `UpdatedDate`, `IsDeleted`, `Type`, `ServicesIncluded`, `CompanyID`) VALUES(9, 'Ortho Clinic', 'The department of orthopaedic at Health IQ offers the best treatment modalities available for ortho ailments to provide accurate and comprehensive care for its patients suffering from various ortho problems. In addition, efficient occupational therapists, physiotherapists and pain management experts work towards the quick rehabilitation of the patient leading to a better quality of life', '../../assets/img/services images/ortho-clinic.jpg', NULL, '2019-08-08 09:27:52', NULL, 0, 0, NULL, NULL);
INSERT INTO `HealthServiceMaster` (`ID`, `Name`, `Description`, `ImageUrl`, `PageUrl`, `CreatedDate`, `UpdatedDate`, `IsDeleted`, `Type`, `ServicesIncluded`, `CompanyID`) VALUES(10, 'Physiotherapy', 'Physiotherapy is a health science that aims in rehabilitation and enhance individuals with movement chaos by utilizing evidence-based, natural process like motivation, exercise, education, advocacy and adapted tools. Physiotherapists study subjects like neuroscience,physiology and anatomy for developing attitudes and skills that are very much required for health prevention, education, rehabilitation and treatment of the patients with disabilities and physical ailments.It is sad to say that there are still many educated people in India who think that physiotherapy is only related to a few exercises. Physiotherapy is a science in itself. One might be suffering from cardiopulmonary ,orthopaedic, paediatric, neurology, sports injury, congenital abnormality, to name a few, where physical management becomes as a essential part of the rehabilitation process and some times is the only process. Why physiotherapy at Leela HealthCare? At Leela HealthCare our clinic run by experienced team of doctors and paramedics.  We have all type modern Electrotherapy equipments,exercise Theraphy,Manual Theraphy,here patient can get Acupuncture Treatment facility also apart with these. We basically try to alleviate the pain through various modern techniques or tools that can be used by the experience team of doctors and paramedics.\r \"', '../../assets/img/services images/physiotherapy.jpg', NULL, '2019-08-08 09:27:52', NULL, 0, 0, NULL, NULL);
INSERT INTO `HealthServiceMaster` (`ID`, `Name`, `Description`, `ImageUrl`, `PageUrl`, `CreatedDate`, `UpdatedDate`, `IsDeleted`, `Type`, `ServicesIncluded`, `CompanyID`) VALUES(11, 'Pain Clinic', 'We provide pain management services for diagnosis and treatment for painful conditions.We treat back pain, knee pain, headache, neck pain and cancer pain etc.... due to slipped disc, migraine, Cluster Headache, trigeminal neuralgia, arthritis, spondylitis, cancer etc. We use most advanced interventional pain management methods...like radio-frequency ablation, spinal cord stimulation, Percutaneous Discectomy, vertebroplasty, Epidural steroid injections, Epiduroscopy, Ozone Necleolysis, Platelet Rich Plasma (PRP) Therapy etc.', '../../assets/img/services images/pain-clinic.jpg', NULL, '2019-08-08 09:27:52', NULL, 0, 0, 'IFT,Laser Therapy,Tens,Acupuncture/Dry Needling,Electro acupuncture,Ultrasonic therapy,Diapulse /SWD,Electro stimulators,Neuromuscular stimulations,Electronic tractions,Manual Therapy/Manupulataion,Taping Techniques\r \"', NULL);
INSERT INTO `HealthServiceMaster` (`ID`, `Name`, `Description`, `ImageUrl`, `PageUrl`, `CreatedDate`, `UpdatedDate`, `IsDeleted`, `Type`, `ServicesIncluded`, `CompanyID`) VALUES(12, 'Sports Medicine', 'Sports Medicine is an integral part of modern medicine. Sports Medicine practitioners deal with human fitness and conditioning related to performance, different types of injuries including sports injuries, rehabilitation, pain and weaknesses arising out of different kinds of injuries and diseases The GOAL of Sports Medicine is to prevent injuries, to improve bodily functions and movements and to treat pain in the shortest possible time and with minimum use of medicines. Sports Medicine Therapy requires specific infrastructure including modern Physiotherapy and modern gadgets and also a team of qualified and dedicated experts from different branches of sports sciences.  ood nutrition is an important part of leading a healthy lifestyle. Health issues such as diabetes, hypertension or atherosclerosis could be a result of poor nutrition. The Nutrition and Dietetics Centre at Apollo  Clinic strives to establish and encourage nutritional standards and practices as an integral part of the health care service provided.', '../../assets/img/services images/Sports-Medicine.jpg', NULL, '2019-08-08 09:27:52', NULL, 0, 0, NULL, NULL);
INSERT INTO `HealthServiceMaster` (`ID`, `Name`, `Description`, `ImageUrl`, `PageUrl`, `CreatedDate`, `UpdatedDate`, `IsDeleted`, `Type`, `ServicesIncluded`, `CompanyID`) VALUES(13, 'Nutrition / Dietician', 'Dietetics is about healthy eating practices which act as a preventive and curative means and pave the foundation for a healthier life. At  Health IQ, we regularly counsel our patients about a nutritious, balanced diet that consists of carbohydrates, fats, proteins, minerals, vitamins and electrolytes for their general well-being. Good nutrition is essential for normal organ development and function, normal reproduction, growth and maintenance of muscles and tissue, optimum activity and working efficiency, building resistance to infection and in repairing body damage or injury. The Nutrition and Dietetics team at Leela HealthCare aims to improve the clinical, biochemical, cellular and psychological status of individuals experiencing complications or side effects of various treatments by providing adequate nutrition and related information.', '../../assets/img/services images/nutrition-dietician.jpg', NULL, '2019-08-08 09:27:52', NULL, 0, 0, NULL, NULL);

-- --------------------------------------------------------

--
-- Table structure for table `HospitalMaster`
--

CREATE TABLE `HospitalMaster` (
  `ID` int(9) NOT NULL,
  `Name` varchar(245) NOT NULL,
  `Type` int(1) NOT NULL DEFAULT '1',
  `Address` varchar(245) DEFAULT NULL,
  `City` int(3) NOT NULL,
  `State` int(2) DEFAULT NULL,
  `PinCode` varchar(10) DEFAULT NULL,
  `IsDeleted` int(1) NOT NULL DEFAULT '1',
  `Status` int(1) NOT NULL DEFAULT '1'
) ENGINE=MyISAM DEFAULT CHARSET=utf8;

-- --------------------------------------------------------

--
-- Table structure for table `Login`
--

CREATE TABLE `Login` (
  `Id` int(11) NOT NULL,
  `UserID` int(9) DEFAULT NULL,
  `Password` varchar(20) NOT NULL,
  `LastLoginDate` datetime DEFAULT NULL,
  `LastLoginStatus` int(1) DEFAULT NULL,
  `LoginDate` datetime DEFAULT NULL
) ENGINE=MyISAM DEFAULT CHARSET=utf8;

--
-- Dumping data for table `Login`
--

INSERT INTO `Login` (`Id`, `UserID`, `Password`, `LastLoginDate`, `LastLoginStatus`, `LoginDate`) VALUES(1, 1, 'Krishna_2012', '2019-07-25 00:00:00', 1, '2019-07-25 00:00:00');

-- --------------------------------------------------------

--
-- Table structure for table `OnlineEnquiry`
--

CREATE TABLE `OnlineEnquiry` (
  `ID` int(9) NOT NULL,
  `Type` int(1) NOT NULL DEFAULT '1' COMMENT '1 - GeneralEnquiry\n2 - Course\n3 - Doctor (Enquiry for Doctor)',
  `TypeValue` int(9) DEFAULT NULL COMMENT 'Value of the selected type i.e. for type course CouseID is the TypeValue, For type Doctor DoctorID is TypeValue, null for general',
  `Name` varchar(150) NOT NULL,
  `Email` varchar(250) NOT NULL,
  `Phone` varchar(15) NOT NULL DEFAULT '+91',
  `AltPhone` varchar(15) DEFAULT NULL,
  `Subject` varchar(500) DEFAULT NULL,
  `Message` varchar(1500) DEFAULT NULL,
  `Status` int(1) NOT NULL DEFAULT '1' COMMENT '1- Pending\n2-InProcess\n3-Completed\n4-Resolved\n5-UnResolved',
  `Address` varchar(250) DEFAULT NULL,
  `Place` varchar(150) DEFAULT NULL,
  `City` varchar(100) DEFAULT NULL,
  `State` varchar(45) DEFAULT NULL,
  `Country` int(3) NOT NULL DEFAULT '1' COMMENT '1- India',
  `CaptchaText` varchar(10) DEFAULT NULL,
  `CaptchaVerified` int(1) NOT NULL DEFAULT '0' COMMENT '0 - False\n1 - True',
  `CompanyID` int(2) NOT NULL DEFAULT '99',
  `CreatedDate` datetime NOT NULL
) ENGINE=MyISAM DEFAULT CHARSET=utf8;

--
-- Dumping data for table `OnlineEnquiry`
--

INSERT INTO `OnlineEnquiry` (`ID`, `Type`, `TypeValue`, `Name`, `Email`, `Phone`, `AltPhone`, `Subject`, `Message`, `Status`, `Address`, `Place`, `City`, `State`, `Country`, `CaptchaText`, `CaptchaVerified`, `CompanyID`, `CreatedDate`) VALUES(1, 2, 4, 'Neeraj Singh', 'singh.neer@ymail.com', '08527818810', NULL, 'Enquiry For Courses.', 'gv gvhgvjjhbjhbjb jbjh', 0, '', 'hhghjmjgv', '', '', 1, '', 0, 2, '2019-09-13 21:55:01');
INSERT INTO `OnlineEnquiry` (`ID`, `Type`, `TypeValue`, `Name`, `Email`, `Phone`, `AltPhone`, `Subject`, `Message`, `Status`, `Address`, `Place`, `City`, `State`, `Country`, `CaptchaText`, `CaptchaVerified`, `CompanyID`, `CreatedDate`) VALUES(2, 2, 4, 'Neeraj Singh', 'singh.neer@ymail.com', '08527818810', NULL, 'Enquiry For Courses.', 'dgfhvbn ', 0, '', 'rgb', '', '', 1, '', 0, 2, '2020-02-04 23:47:08');
INSERT INTO `OnlineEnquiry` (`ID`, `Type`, `TypeValue`, `Name`, `Email`, `Phone`, `AltPhone`, `Subject`, `Message`, `Status`, `Address`, `Place`, `City`, `State`, `Country`, `CaptchaText`, `CaptchaVerified`, `CompanyID`, `CreatedDate`) VALUES(3, 2, 4, 'Neeraj Singh', 'singh.neer@ymail.com', '08527818810', NULL, 'Enquiry For Courses.', 'fjhvjvjh', 0, '', 'hjj', '', '', 1, '', 0, 2, '2020-02-04 23:50:50');
INSERT INTO `OnlineEnquiry` (`ID`, `Type`, `TypeValue`, `Name`, `Email`, `Phone`, `AltPhone`, `Subject`, `Message`, `Status`, `Address`, `Place`, `City`, `State`, `Country`, `CaptchaText`, `CaptchaVerified`, `CompanyID`, `CreatedDate`) VALUES(4, 2, 3, 'Neeraj Singh', 'neer.s@outlook.com', '09599660409', NULL, 'Enquiry For Courses.', 'fjvhbvh', 0, '', 'ytytghbn', '', '', 1, '', 0, 2, '2020-02-05 00:08:24');
INSERT INTO `OnlineEnquiry` (`ID`, `Type`, `TypeValue`, `Name`, `Email`, `Phone`, `AltPhone`, `Subject`, `Message`, `Status`, `Address`, `Place`, `City`, `State`, `Country`, `CaptchaText`, `CaptchaVerified`, `CompanyID`, `CreatedDate`) VALUES(5, 2, 3, 'Neeraj Singh', 'neer.s@outlook.com', '09599660409', NULL, 'Enquiry For Courses.', 'rtertetr', 0, '', 're', '', '', 1, '', 0, 2, '2020-02-05 00:30:54');
INSERT INTO `OnlineEnquiry` (`ID`, `Type`, `TypeValue`, `Name`, `Email`, `Phone`, `AltPhone`, `Subject`, `Message`, `Status`, `Address`, `Place`, `City`, `State`, `Country`, `CaptchaText`, `CaptchaVerified`, `CompanyID`, `CreatedDate`) VALUES(6, 2, 5, 'Nearest Singh Neeraj Singh clear Neeraj Singh', 'singh.neer@ymail.com', '9599660409', NULL, 'Enquiry For Courses.', 'Write my message that I knew do not need any course to subscribe thank you.\nDont right now great', 0, '', '9599660409', '', '', 1, '', 0, 2, '2020-02-05 12:14:07');
INSERT INTO `OnlineEnquiry` (`ID`, `Type`, `TypeValue`, `Name`, `Email`, `Phone`, `AltPhone`, `Subject`, `Message`, `Status`, `Address`, `Place`, `City`, `State`, `Country`, `CaptchaText`, `CaptchaVerified`, `CompanyID`, `CreatedDate`) VALUES(7, 2, 6, 'Neeraj Singh', 'singh.neer@ymail.com', '08527818810', NULL, 'Enquiry For Courses.', 'gvjzjhzm zz', 0, '', '', '', '', 1, '', 0, 2, '2020-02-15 03:17:53');

-- --------------------------------------------------------

--
-- Table structure for table `PackageCategory`
--

CREATE TABLE `PackageCategory` (
  `ID` int(3) NOT NULL,
  `Name` varchar(255) NOT NULL,
  `Title` varchar(255) NOT NULL,
  `SubTitle` varchar(500) DEFAULT NULL,
  `ImageUrl` varchar(1005) DEFAULT NULL,
  `About` varchar(1500) DEFAULT NULL,
  `IsDeleted` int(1) NOT NULL DEFAULT '0',
  `CompanyID` int(2) DEFAULT NULL
) ENGINE=InnoDB DEFAULT CHARSET=utf8;

--
-- Dumping data for table `PackageCategory`
--

INSERT INTO `PackageCategory` (`ID`, `Name`, `Title`, `SubTitle`, `ImageUrl`, `About`, `IsDeleted`, `CompanyID`) VALUES(1, 'Basic', 'Basic', NULL, '../../assets/img/h-packages/basic.jpg', NULL, 0, NULL);
INSERT INTO `PackageCategory` (`ID`, `Name`, `Title`, `SubTitle`, `ImageUrl`, `About`, `IsDeleted`, `CompanyID`) VALUES(2, 'Diabetes', 'Diabetes', NULL, '../../assets/img/h-packages/diabetese.jpg', NULL, 0, NULL);
INSERT INTO `PackageCategory` (`ID`, `Name`, `Title`, `SubTitle`, `ImageUrl`, `About`, `IsDeleted`, `CompanyID`) VALUES(3, 'Cardiac', 'Cardiac', NULL, '../../assets/img/h-packages/cardiac.jpg', NULL, 0, NULL);
INSERT INTO `PackageCategory` (`ID`, `Name`, `Title`, `SubTitle`, `ImageUrl`, `About`, `IsDeleted`, `CompanyID`) VALUES(4, 'Full Body', 'Full Body', NULL, '../../assets/img/h-packages/full-body.jpg', NULL, 0, NULL);
INSERT INTO `PackageCategory` (`ID`, `Name`, `Title`, `SubTitle`, `ImageUrl`, `About`, `IsDeleted`, `CompanyID`) VALUES(5, 'Wellness', 'Wellness', NULL, '../../assets/img/h-packages/wellness.jpg', NULL, 0, NULL);
INSERT INTO `PackageCategory` (`ID`, `Name`, `Title`, `SubTitle`, `ImageUrl`, `About`, `IsDeleted`, `CompanyID`) VALUES(6, 'Pre Marital check', 'Pre Marital check', NULL, '../../assets/img/h-packages/pre-marital.jpg', NULL, 0, NULL);
INSERT INTO `PackageCategory` (`ID`, `Name`, `Title`, `SubTitle`, `ImageUrl`, `About`, `IsDeleted`, `CompanyID`) VALUES(7, 'Senior Citizen', 'Senior Citizen', NULL, '../../assets/img/h-packages/senior-citizen.jpg', NULL, 0, NULL);
INSERT INTO `PackageCategory` (`ID`, `Name`, `Title`, `SubTitle`, `ImageUrl`, `About`, `IsDeleted`, `CompanyID`) VALUES(8, 'Executive Pack', 'Executive Pack', NULL, '../../assets/img/h-packages/executive-pack.jpg', NULL, 0, NULL);

-- --------------------------------------------------------

--
-- Table structure for table `PackageMaster`
--

CREATE TABLE `PackageMaster` (
  `ID` int(5) NOT NULL,
  `Name` varchar(250) NOT NULL,
  `Title` varchar(255) DEFAULT NULL,
  `SubTitle` varchar(500) DEFAULT NULL,
  `About` varchar(1000) DEFAULT NULL,
  `Cost` decimal(9,2) NOT NULL DEFAULT '0.00',
  `Status` int(1) DEFAULT NULL,
  `CatgID` int(3) NOT NULL DEFAULT '1',
  `CreatedDate` datetime NOT NULL,
  `IsDeleted` int(1) NOT NULL DEFAULT '0',
  `UpdatedDate` datetime DEFAULT NULL,
  `ImageUrl` varchar(1005) DEFAULT NULL,
  `CompanyID` int(2) NOT NULL DEFAULT '99',
  `Sequence` int(3) DEFAULT NULL
) ENGINE=InnoDB DEFAULT CHARSET=utf8;

--
-- Dumping data for table `PackageMaster`
--

INSERT INTO `PackageMaster` (`ID`, `Name`, `Title`, `SubTitle`, `About`, `Cost`, `Status`, `CatgID`, `CreatedDate`, `IsDeleted`, `UpdatedDate`, `ImageUrl`, `CompanyID`, `Sequence`) VALUES(1, 'MINI BODY CHECK MALE', 'MINI BODY CHECK MALE', NULL, 'COMPLETE BLOOD COUNT (CBC),\r\nCOMPLETE URINE, EXAMINATION,\r\nCHOLESTEROL - SERUM,\r\nGLUCOSE FASTING', '600.00', 1, 1, '2019-07-28 00:00:00', 0, '2019-07-28 00:00:00', NULL, 99, NULL);
INSERT INTO `PackageMaster` (`ID`, `Name`, `Title`, `SubTitle`, `About`, `Cost`, `Status`, `CatgID`, `CreatedDate`, `IsDeleted`, `UpdatedDate`, `ImageUrl`, `CompanyID`, `Sequence`) VALUES(2, 'MINI BODY CHECK FEMALE', 'MINI BODY CHECK FEMALE', NULL, 'MINI BODY CHECK FEMALE', '850.00', 1, 1, '2019-07-28 00:00:00', 0, '2019-07-28 00:00:00', NULL, 99, NULL);
INSERT INTO `PackageMaster` (`ID`, `Name`, `Title`, `SubTitle`, `About`, `Cost`, `Status`, `CatgID`, `CreatedDate`, `IsDeleted`, `UpdatedDate`, `ImageUrl`, `CompanyID`, `Sequence`) VALUES(3, 'DIABETIC CHECK', 'DIABETIC CHECK', NULL, 'DIABETIC CHECK', '499.00', 1, 2, '2019-07-28 00:00:00', 0, '2019-07-28 00:00:00', NULL, 99, NULL);
INSERT INTO `PackageMaster` (`ID`, `Name`, `Title`, `SubTitle`, `About`, `Cost`, `Status`, `CatgID`, `CreatedDate`, `IsDeleted`, `UpdatedDate`, `ImageUrl`, `CompanyID`, `Sequence`) VALUES(4, 'DIABETIC PANEL', 'DIABETIC PANEL', NULL, 'DIABETIC PANEL', '699.00', 1, 2, '2019-07-28 00:00:00', 0, '2019-07-28 00:00:00', NULL, 99, NULL);
INSERT INTO `PackageMaster` (`ID`, `Name`, `Title`, `SubTitle`, `About`, `Cost`, `Status`, `CatgID`, `CreatedDate`, `IsDeleted`, `UpdatedDate`, `ImageUrl`, `CompanyID`, `Sequence`) VALUES(5, 'DIABETES MONITORING PANEL', 'DIABETES MONITORING PANEL', NULL, 'DIABETES MONITORING PANEL', '950.00', 1, 2, '2019-07-28 00:00:00', 0, '2019-07-28 00:00:00', NULL, 99, NULL);
INSERT INTO `PackageMaster` (`ID`, `Name`, `Title`, `SubTitle`, `About`, `Cost`, `Status`, `CatgID`, `CreatedDate`, `IsDeleted`, `UpdatedDate`, `ImageUrl`, `CompanyID`, `Sequence`) VALUES(6, 'Diabetes Check Gold', 'Diabetes Check Gold', NULL, NULL, '1100.00', 1, 2, '2019-07-28 00:00:00', 0, '2019-07-28 00:00:00', NULL, 99, NULL);
INSERT INTO `PackageMaster` (`ID`, `Name`, `Title`, `SubTitle`, `About`, `Cost`, `Status`, `CatgID`, `CreatedDate`, `IsDeleted`, `UpdatedDate`, `ImageUrl`, `CompanyID`, `Sequence`) VALUES(7, 'MASTER CHECK DIABETES', 'MASTER CHECK DIABETES', NULL, NULL, '1590.00', 1, 2, '2019-07-28 00:00:00', 0, '2019-07-28 00:00:00', NULL, 99, NULL);
INSERT INTO `PackageMaster` (`ID`, `Name`, `Title`, `SubTitle`, `About`, `Cost`, `Status`, `CatgID`, `CreatedDate`, `IsDeleted`, `UpdatedDate`, `ImageUrl`, `CompanyID`, `Sequence`) VALUES(8, 'EXECUTIVE PACK -II', NULL, 'DIABETIC CHECK UP', NULL, '1700.00', 1, 2, '2019-07-28 00:00:00', 0, '2019-07-28 00:00:00', NULL, 99, NULL);
INSERT INTO `PackageMaster` (`ID`, `Name`, `Title`, `SubTitle`, `About`, `Cost`, `Status`, `CatgID`, `CreatedDate`, `IsDeleted`, `UpdatedDate`, `ImageUrl`, `CompanyID`, `Sequence`) VALUES(9, 'HEALTHY HEART', 'HEALTHY HEART', NULL, NULL, '799.00', 1, 3, '2019-07-28 00:00:00', 0, '2019-07-28 00:00:00', NULL, 99, NULL);
INSERT INTO `PackageMaster` (`ID`, `Name`, `Title`, `SubTitle`, `About`, `Cost`, `Status`, `CatgID`, `CreatedDate`, `IsDeleted`, `UpdatedDate`, `ImageUrl`, `CompanyID`, `Sequence`) VALUES(10, 'HEALTHY HEART EXTENDED', 'HEALTHY HEART EXTENDED', NULL, NULL, '1299.00', 1, 3, '2019-07-28 00:00:00', 0, '2019-07-28 00:00:00', NULL, 99, NULL);
INSERT INTO `PackageMaster` (`ID`, `Name`, `Title`, `SubTitle`, `About`, `Cost`, `Status`, `CatgID`, `CreatedDate`, `IsDeleted`, `UpdatedDate`, `ImageUrl`, `CompanyID`, `Sequence`) VALUES(11, 'BASIC CARDIAC CHECK UP', 'BASIC CARDIAC CHECK UP', NULL, NULL, '1400.00', 1, 3, '2019-07-28 00:00:00', 0, '2019-07-28 00:00:00', NULL, 99, NULL);
INSERT INTO `PackageMaster` (`ID`, `Name`, `Title`, `SubTitle`, `About`, `Cost`, `Status`, `CatgID`, `CreatedDate`, `IsDeleted`, `UpdatedDate`, `ImageUrl`, `CompanyID`, `Sequence`) VALUES(12, 'EXECUTIVE PACK -III CARDIAC CHECK UP', 'EXECUTIVE PACK -III CARDIAC CHECK UP', NULL, NULL, '3200.00', 1, 3, '2019-07-28 00:00:00', 0, '2019-07-28 00:00:00', NULL, 99, NULL);
INSERT INTO `PackageMaster` (`ID`, `Name`, `Title`, `SubTitle`, `About`, `Cost`, `Status`, `CatgID`, `CreatedDate`, `IsDeleted`, `UpdatedDate`, `ImageUrl`, `CompanyID`, `Sequence`) VALUES(13, 'MASTER CHECK BASIC', 'MASTER CHECK BASIC', NULL, NULL, '1990.00', 1, 1, '2019-07-28 00:00:00', 0, '2019-07-28 00:00:00', NULL, 99, NULL);
INSERT INTO `PackageMaster` (`ID`, `Name`, `Title`, `SubTitle`, `About`, `Cost`, `Status`, `CatgID`, `CreatedDate`, `IsDeleted`, `UpdatedDate`, `ImageUrl`, `CompanyID`, `Sequence`) VALUES(14, 'AYUSH SMART 1  ', 'AYUSH SMART 1  ', NULL, NULL, '899.00', 1, 1, '2019-07-28 00:00:00', 0, '2019-07-28 00:00:00', NULL, 99, NULL);
INSERT INTO `PackageMaster` (`ID`, `Name`, `Title`, `SubTitle`, `About`, `Cost`, `Status`, `CatgID`, `CreatedDate`, `IsDeleted`, `UpdatedDate`, `ImageUrl`, `CompanyID`, `Sequence`) VALUES(15, 'AYUSH SMART 2', 'AYUSH SMART 2', NULL, NULL, '1199.00', 1, 1, '2019-07-28 00:00:00', 0, '2019-07-28 00:00:00', NULL, 99, NULL);
INSERT INTO `PackageMaster` (`ID`, `Name`, `Title`, `SubTitle`, `About`, `Cost`, `Status`, `CatgID`, `CreatedDate`, `IsDeleted`, `UpdatedDate`, `ImageUrl`, `CompanyID`, `Sequence`) VALUES(16, 'AYUSH SMART 3', 'AYUSH SMART 3', NULL, NULL, '1899.00', 1, 1, '2019-07-28 00:00:00', 0, '2019-07-28 00:00:00', NULL, 99, NULL);
INSERT INTO `PackageMaster` (`ID`, `Name`, `Title`, `SubTitle`, `About`, `Cost`, `Status`, `CatgID`, `CreatedDate`, `IsDeleted`, `UpdatedDate`, `ImageUrl`, `CompanyID`, `Sequence`) VALUES(17, 'MASTER CHECK LITE', 'MASTER CHECK LITE', NULL, NULL, '2490.00', 1, 4, '2019-07-28 00:00:00', 0, '2019-07-28 00:00:00', NULL, 99, NULL);
INSERT INTO `PackageMaster` (`ID`, `Name`, `Title`, `SubTitle`, `About`, `Cost`, `Status`, `CatgID`, `CreatedDate`, `IsDeleted`, `UpdatedDate`, `ImageUrl`, `CompanyID`, `Sequence`) VALUES(18, 'MASTER CHECK SILVER', 'MASTER CHECK SILVER', NULL, NULL, '2890.00', 1, 4, '2019-07-28 00:00:00', 0, '2019-07-28 00:00:00', NULL, 99, NULL);
INSERT INTO `PackageMaster` (`ID`, `Name`, `Title`, `SubTitle`, `About`, `Cost`, `Status`, `CatgID`, `CreatedDate`, `IsDeleted`, `UpdatedDate`, `ImageUrl`, `CompanyID`, `Sequence`) VALUES(19, 'MASTER CHECK GOLD', 'MASTER CHECK GOLD', NULL, NULL, '4150.00', 1, 4, '2019-07-28 00:00:00', 0, '2019-07-28 00:00:00', NULL, 99, NULL);
INSERT INTO `PackageMaster` (`ID`, `Name`, `Title`, `SubTitle`, `About`, `Cost`, `Status`, `CatgID`, `CreatedDate`, `IsDeleted`, `UpdatedDate`, `ImageUrl`, `CompanyID`, `Sequence`) VALUES(20, 'MASTER CHECK DIAMOND', 'MASTER CHECK DIAMOND', NULL, NULL, '5490.00', 1, 4, '2019-07-28 00:00:00', 0, '2019-07-28 00:00:00', NULL, 99, NULL);
INSERT INTO `PackageMaster` (`ID`, `Name`, `Title`, `SubTitle`, `About`, `Cost`, `Status`, `CatgID`, `CreatedDate`, `IsDeleted`, `UpdatedDate`, `ImageUrl`, `CompanyID`, `Sequence`) VALUES(21, 'MASTER CHECK PLATINUM', 'MASTER CHECK PLATINUM', NULL, NULL, '6990.00', 1, 4, '2019-07-28 00:00:00', 0, '2019-07-28 00:00:00', NULL, 99, NULL);
INSERT INTO `PackageMaster` (`ID`, `Name`, `Title`, `SubTitle`, `About`, `Cost`, `Status`, `CatgID`, `CreatedDate`, `IsDeleted`, `UpdatedDate`, `ImageUrl`, `CompanyID`, `Sequence`) VALUES(22, 'THYROID PANEL', 'THYROID PANEL', NULL, NULL, '899.00', 1, 5, '2019-07-28 00:00:00', 0, '2019-07-28 00:00:00', NULL, 99, NULL);
INSERT INTO `PackageMaster` (`ID`, `Name`, `Title`, `SubTitle`, `About`, `Cost`, `Status`, `CatgID`, `CreatedDate`, `IsDeleted`, `UpdatedDate`, `ImageUrl`, `CompanyID`, `Sequence`) VALUES(23, 'VITAMIN CHECK', 'VITAMIN CHECK', NULL, NULL, '1299.00', 1, 5, '2019-07-28 00:00:00', 0, '2019-07-28 00:00:00', NULL, 99, NULL);
INSERT INTO `PackageMaster` (`ID`, `Name`, `Title`, `SubTitle`, `About`, `Cost`, `Status`, `CatgID`, `CreatedDate`, `IsDeleted`, `UpdatedDate`, `ImageUrl`, `CompanyID`, `Sequence`) VALUES(24, 'PAIN CHECK', 'PAIN CHECK', 'Body check', NULL, '1999.00', 1, 5, '2019-07-28 00:00:00', 0, '2019-07-28 00:00:00', NULL, 99, NULL);
INSERT INTO `PackageMaster` (`ID`, `Name`, `Title`, `SubTitle`, `About`, `Cost`, `Status`, `CatgID`, `CreatedDate`, `IsDeleted`, `UpdatedDate`, `ImageUrl`, `CompanyID`, `Sequence`) VALUES(25, 'BONE PROFILE', 'BONE PROFILE', NULL, NULL, '2999.00', 1, 5, '2019-07-28 00:00:00', 0, '2019-07-28 00:00:00', NULL, 99, NULL);
INSERT INTO `PackageMaster` (`ID`, `Name`, `Title`, `SubTitle`, `About`, `Cost`, `Status`, `CatgID`, `CreatedDate`, `IsDeleted`, `UpdatedDate`, `ImageUrl`, `CompanyID`, `Sequence`) VALUES(26, 'PRE MARITAL HEALTH CHECKUP1 (MALE)', 'PRE MARITAL HEALTH CHECKUP1 (MALE)', NULL, NULL, '4859.00', 1, 6, '2019-07-28 00:00:00', 0, '2019-07-28 00:00:00', NULL, 99, NULL);
INSERT INTO `PackageMaster` (`ID`, `Name`, `Title`, `SubTitle`, `About`, `Cost`, `Status`, `CatgID`, `CreatedDate`, `IsDeleted`, `UpdatedDate`, `ImageUrl`, `CompanyID`, `Sequence`) VALUES(27, 'PRE MARITAL HEALTH CHECKUP 1(FEMALE)', 'PRE MARITAL HEALTH CHECKUP 1(FEMALE)', NULL, NULL, '1829.00', 1, 6, '2019-07-28 00:00:00', 0, '2019-07-28 00:00:00', NULL, 99, NULL);
INSERT INTO `PackageMaster` (`ID`, `Name`, `Title`, `SubTitle`, `About`, `Cost`, `Status`, `CatgID`, `CreatedDate`, `IsDeleted`, `UpdatedDate`, `ImageUrl`, `CompanyID`, `Sequence`) VALUES(28, 'PRE MARITAL HEALTH CHECKUP 3(FEMALE)', 'PRE MARITAL HEALTH CHECKUP 3(FEMALE)', NULL, NULL, '3279.00', 1, 6, '2019-07-28 00:00:00', 0, '2019-07-28 00:00:00', NULL, 99, NULL);
INSERT INTO `PackageMaster` (`ID`, `Name`, `Title`, `SubTitle`, `About`, `Cost`, `Status`, `CatgID`, `CreatedDate`, `IsDeleted`, `UpdatedDate`, `ImageUrl`, `CompanyID`, `Sequence`) VALUES(29, 'PRE MARITAL HEALTH CHECKUP 2 (MALE)', 'PRE MARITAL HEALTH CHECKUP (MALE)', NULL, NULL, '3279.00', 1, 6, '2019-07-28 00:00:00', 0, '2019-07-28 00:00:00', NULL, 99, NULL);
INSERT INTO `PackageMaster` (`ID`, `Name`, `Title`, `SubTitle`, `About`, `Cost`, `Status`, `CatgID`, `CreatedDate`, `IsDeleted`, `UpdatedDate`, `ImageUrl`, `CompanyID`, `Sequence`) VALUES(30, 'PRE MARITAL HEALTH CHECKUP2(FEMALE)', 'PRE MARITAL HEALTH CHECKUP2(FEMALE)', NULL, NULL, '4859.00', 1, 6, '2019-07-28 00:00:00', 0, '2019-07-28 00:00:00', NULL, 99, NULL);
INSERT INTO `PackageMaster` (`ID`, `Name`, `Title`, `SubTitle`, `About`, `Cost`, `Status`, `CatgID`, `CreatedDate`, `IsDeleted`, `UpdatedDate`, `ImageUrl`, `CompanyID`, `Sequence`) VALUES(31, 'For MEN', 'For MEN', NULL, NULL, '3190.00', 1, 7, '2019-07-28 00:00:00', 0, '2019-07-28 00:00:00', NULL, 99, NULL);
INSERT INTO `PackageMaster` (`ID`, `Name`, `Title`, `SubTitle`, `About`, `Cost`, `Status`, `CatgID`, `CreatedDate`, `IsDeleted`, `UpdatedDate`, `ImageUrl`, `CompanyID`, `Sequence`) VALUES(32, 'For  WOMEN', 'For  WOMEN', NULL, NULL, '3090.00', 1, 7, '2019-07-28 00:00:00', 0, '2019-07-28 00:00:00', NULL, 99, NULL);
INSERT INTO `PackageMaster` (`ID`, `Name`, `Title`, `SubTitle`, `About`, `Cost`, `Status`, `CatgID`, `CreatedDate`, `IsDeleted`, `UpdatedDate`, `ImageUrl`, `CompanyID`, `Sequence`) VALUES(33, 'EXECUTIVE PACK 1', 'EXECUTIVE PACK 1', NULL, NULL, '2950.00', 1, 8, '2019-07-28 00:00:00', 0, '2019-07-28 00:00:00', NULL, 99, NULL);
INSERT INTO `PackageMaster` (`ID`, `Name`, `Title`, `SubTitle`, `About`, `Cost`, `Status`, `CatgID`, `CreatedDate`, `IsDeleted`, `UpdatedDate`, `ImageUrl`, `CompanyID`, `Sequence`) VALUES(34, 'EXECUTIVE PACK II', 'EXECUTIVE PACK II', NULL, NULL, '1700.00', 1, 8, '2019-07-28 00:00:00', 0, '2019-07-28 00:00:00', NULL, 99, NULL);

-- --------------------------------------------------------

--
-- Table structure for table `SpecialityMaster`
--

CREATE TABLE `SpecialityMaster` (
  `ID` int(9) NOT NULL,
  `Speciality` varchar(145) NOT NULL,
  `Title` varchar(245) DEFAULT NULL,
  `IsDeleted` int(1) NOT NULL DEFAULT '0',
  `ImageUrl` varchar(1000) NOT NULL DEFAULT '../../assets/img/h-packages/cardiac.jpg',
  `LogoUrl` varchar(1000) DEFAULT NULL,
  `CompanyID` int(2) NOT NULL DEFAULT '99'
) ENGINE=InnoDB DEFAULT CHARSET=utf8;

--
-- Dumping data for table `SpecialityMaster`
--

INSERT INTO `SpecialityMaster` (`ID`, `Speciality`, `Title`, `IsDeleted`, `ImageUrl`, `LogoUrl`, `CompanyID`) VALUES(1, 'General Physician', 'General Physician', 0, 'http://www.fakingnews.firstpost.com/wp-content/uploads/2018/01/Best-Hopsital-For-Surgical-Care-India-11-300x224.png', NULL, 99);
INSERT INTO `SpecialityMaster` (`ID`, `Speciality`, `Title`, `IsDeleted`, `ImageUrl`, `LogoUrl`, `CompanyID`) VALUES(2, 'Laproscopic Surgery', 'Laproscopic Surgery', 1, 'https://k4q7g7n2.stackpathcdn.com/wp-content/uploads/2017/02/laparoscopic-surgery.jpg', NULL, 99);
INSERT INTO `SpecialityMaster` (`ID`, `Speciality`, `Title`, `IsDeleted`, `ImageUrl`, `LogoUrl`, `CompanyID`) VALUES(3, 'Audiology and Speech Therepy', 'Audiology and Speech Therepy', 1, '../../assets/img/h-packages/cardiac.jpg', NULL, 99);
INSERT INTO `SpecialityMaster` (`ID`, `Speciality`, `Title`, `IsDeleted`, `ImageUrl`, `LogoUrl`, `CompanyID`) VALUES(4, 'Cardiology', 'Cardiology (Heart)', 0, 'http://www.fakingnews.firstpost.com/wp-content/uploads/2018/01/Best-Hopsital-For-Surgical-Care-India-11-300x224.png', NULL, 99);
INSERT INTO `SpecialityMaster` (`ID`, `Speciality`, `Title`, `IsDeleted`, `ImageUrl`, `LogoUrl`, `CompanyID`) VALUES(5, 'Cardiac Surgery', 'Cardiac Surgery (Heart)', 1, '../../assets/img/h-packages/cardiac.jpg', NULL, 99);
INSERT INTO `SpecialityMaster` (`ID`, `Speciality`, `Title`, `IsDeleted`, `ImageUrl`, `LogoUrl`, `CompanyID`) VALUES(6, 'Endocrinologist', 'Endocrinologist', 1, 'https://k4q7g7n2.stackpathcdn.com/wp-content/uploads/2017/02/laparoscopic-surgery.jpg', NULL, 99);
INSERT INTO `SpecialityMaster` (`ID`, `Speciality`, `Title`, `IsDeleted`, `ImageUrl`, `LogoUrl`, `CompanyID`) VALUES(7, 'ENT', 'Ear Nose Tounge', 0, '../../assets/img/h-packages/cardiac.jpg', NULL, 99);
INSERT INTO `SpecialityMaster` (`ID`, `Speciality`, `Title`, `IsDeleted`, `ImageUrl`, `LogoUrl`, `CompanyID`) VALUES(8, 'Diabetes and Endocrinology', 'Diabetes & Endocrinology', 0, 'https://downloads.healthcatalyst.com/wp-content/uploads/2016/12/diabetes-care.jpg', NULL, 99);
INSERT INTO `SpecialityMaster` (`ID`, `Speciality`, `Title`, `IsDeleted`, `ImageUrl`, `LogoUrl`, `CompanyID`) VALUES(9, 'Pediatrics/Paediatric Cardiology', 'Paediatric/Paediatric Intensivist', 0, '../../assets/img/h-packages/cardiac.jpg', NULL, 99);
INSERT INTO `SpecialityMaster` (`ID`, `Speciality`, `Title`, `IsDeleted`, `ImageUrl`, `LogoUrl`, `CompanyID`) VALUES(10, 'Orthopaedic', 'Orthopaedic', 0, 'https://media.istockphoto.com/photos/radiologist-doctor-with-digital-tablet-checking-xray-healthcare-and-picture-id649856016?k=6&m=649856016&s=612x612&w=0&h=kzoxnRizg4drZo0ns47rB45QbgErsUBrSh-ZfGIjs3A=', NULL, 99);
INSERT INTO `SpecialityMaster` (`ID`, `Speciality`, `Title`, `IsDeleted`, `ImageUrl`, `LogoUrl`, `CompanyID`) VALUES(11, 'Gynaecologist', 'Gynaecologist & Obstetrician', 0, 'https://www.nidanchildcare.com/wp-content/uploads/2019/02/Best-Gynaecologist-in-Noida1-1080x588.jpg', NULL, 99);
INSERT INTO `SpecialityMaster` (`ID`, `Speciality`, `Title`, `IsDeleted`, `ImageUrl`, `LogoUrl`, `CompanyID`) VALUES(12, 'Physiotherapist', 'Physiotherapist', 0, 'https://thumbs.dreamstime.com/b/young-woman-wearing-brace-rehabilitation-her-physiotherapist-women-horizontal-view-129652970.jpg', NULL, 99);
INSERT INTO `SpecialityMaster` (`ID`, `Speciality`, `Title`, `IsDeleted`, `ImageUrl`, `LogoUrl`, `CompanyID`) VALUES(13, 'Nutrition/ Dietitian', 'Nutrition/ Dietitian', 0, 'https://image.shutterstock.com/image-photo/young-asian-dietician-nutritionist-holding-260nw-1311225152.jpg', NULL, 99);

-- --------------------------------------------------------

--
-- Table structure for table `SubCourses`
--

CREATE TABLE `SubCourses` (
  `ID` int(9) NOT NULL,
  `Name` varchar(250) NOT NULL,
  `Duration` int(2) NOT NULL DEFAULT '0',
  `MinQualification` varchar(250) DEFAULT NULL,
  `MinAge` int(2) NOT NULL DEFAULT '15',
  `MaxAge` int(2) DEFAULT '99',
  `IndianAdmissionFee` decimal(9,2) NOT NULL DEFAULT '0.00',
  `ForeignAdmissionFee` decimal(9,2) NOT NULL DEFAULT '0.00',
  `IndianOtherFee` decimal(9,2) DEFAULT NULL,
  `ForeignOtherFee` decimal(9,2) DEFAULT NULL,
  `CourseMasterID` int(9) NOT NULL DEFAULT '1',
  `CompanyID` int(3) NOT NULL DEFAULT '999'
) ENGINE=InnoDB DEFAULT CHARSET=utf8;

--
-- Dumping data for table `SubCourses`
--

INSERT INTO `SubCourses` (`ID`, `Name`, `Duration`, `MinQualification`, `MinAge`, `MaxAge`, `IndianAdmissionFee`, `ForeignAdmissionFee`, `IndianOtherFee`, `ForeignOtherFee`, `CourseMasterID`, `CompanyID`) VALUES(1, 'DMLT(Diploma In Medical Laboratory Technician)', 24, '12th - Arts/Commerce', 17, 99, '30000.00', '40000.00', '40000.00', '40000.00', 1, 2);
INSERT INTO `SubCourses` (`ID`, `Name`, `Duration`, `MinQualification`, `MinAge`, `MaxAge`, `IndianAdmissionFee`, `ForeignAdmissionFee`, `IndianOtherFee`, `ForeignOtherFee`, `CourseMasterID`, `CompanyID`) VALUES(2, 'CMLT(Certificate in In Medical Laboratory Technician)', 12, '12th - Arts/Commerce', 17, 99, '15000.00', '20000.00', '20000.00', '20000.00', 1, 2);
INSERT INTO `SubCourses` (`ID`, `Name`, `Duration`, `MinQualification`, `MinAge`, `MaxAge`, `IndianAdmissionFee`, `ForeignAdmissionFee`, `IndianOtherFee`, `ForeignOtherFee`, `CourseMasterID`, `CompanyID`) VALUES(3, 'DPT(Diploma In Physiotherapy)', 24, '12th - Arts/Commerce', 17, 99, '30000.00', '40000.00', '40000.00', '40000.00', 2, 2);
INSERT INTO `SubCourses` (`ID`, `Name`, `Duration`, `MinQualification`, `MinAge`, `MaxAge`, `IndianAdmissionFee`, `ForeignAdmissionFee`, `IndianOtherFee`, `ForeignOtherFee`, `CourseMasterID`, `CompanyID`) VALUES(4, 'CPT(Certificate In Physiotherapy)', 12, '12th - Arts/Commerce', 17, 99, '15000.00', '20000.00', '20000.00', '20000.00', 2, 2);
INSERT INTO `SubCourses` (`ID`, `Name`, `Duration`, `MinQualification`, `MinAge`, `MaxAge`, `IndianAdmissionFee`, `ForeignAdmissionFee`, `IndianOtherFee`, `ForeignOtherFee`, `CourseMasterID`, `CompanyID`) VALUES(5, 'DPC(Diploma In Patient Care)', 24, '12th - Arts/Commerce', 17, 99, '30000.00', '40000.00', '40000.00', '40000.00', 3, 2);
INSERT INTO `SubCourses` (`ID`, `Name`, `Duration`, `MinQualification`, `MinAge`, `MaxAge`, `IndianAdmissionFee`, `ForeignAdmissionFee`, `IndianOtherFee`, `ForeignOtherFee`, `CourseMasterID`, `CompanyID`) VALUES(6, 'CPC(Certificate In Patient Care)', 12, '12th - Arts/Commerce', 17, 99, '15000.00', '20000.00', '20000.00', '20000.00', 3, 2);
INSERT INTO `SubCourses` (`ID`, `Name`, `Duration`, `MinQualification`, `MinAge`, `MaxAge`, `IndianAdmissionFee`, `ForeignAdmissionFee`, `IndianOtherFee`, `ForeignOtherFee`, `CourseMasterID`, `CompanyID`) VALUES(7, 'Diploma In ECG Technicia', 12, '12th - Arts/Commerce', 17, 99, '5000.00', '20000.00', '10000.00', '20000.00', 4, 2);
INSERT INTO `SubCourses` (`ID`, `Name`, `Duration`, `MinQualification`, `MinAge`, `MaxAge`, `IndianAdmissionFee`, `ForeignAdmissionFee`, `IndianOtherFee`, `ForeignOtherFee`, `CourseMasterID`, `CompanyID`) VALUES(8, 'Certificate In Diet & Nutrition', 12, '12th - Arts/Commerce', 17, 99, '5000.00', '20000.00', '10000.00', '20000.00', 5, 2);

-- --------------------------------------------------------

--
-- Table structure for table `TestMaster`
--

CREATE TABLE `TestMaster` (
  `ID` int(7) NOT NULL,
  `Name` varchar(150) NOT NULL,
  `Type` int(2) NOT NULL DEFAULT '1',
  `PreTestInfo` varchar(500) DEFAULT NULL,
  `ResultInHours` int(3) NOT NULL DEFAULT '24',
  `Components` varchar(150) DEFAULT NULL,
  `Cost` decimal(9,2) NOT NULL DEFAULT '0.00',
  `CreatedDate` datetime NOT NULL,
  `UpdatedDate` datetime DEFAULT NULL,
  `IsDeleted` int(1) NOT NULL DEFAULT '0',
  `PackageID` int(5) DEFAULT NULL,
  `CompanyID` int(2) NOT NULL DEFAULT '99'
) ENGINE=InnoDB DEFAULT CHARSET=utf8;

--
-- Dumping data for table `TestMaster`
--

INSERT INTO `TestMaster` (`ID`, `Name`, `Type`, `PreTestInfo`, `ResultInHours`, `Components`, `Cost`, `CreatedDate`, `UpdatedDate`, `IsDeleted`, `PackageID`, `CompanyID`) VALUES(1, 'COMPLETE BLOOD COUNT (CBC)', 1, '', 24, '', '0.00', '2019-07-28 00:00:00', '2019-07-28 00:00:00', 0, 1, 99);
INSERT INTO `TestMaster` (`ID`, `Name`, `Type`, `PreTestInfo`, `ResultInHours`, `Components`, `Cost`, `CreatedDate`, `UpdatedDate`, `IsDeleted`, `PackageID`, `CompanyID`) VALUES(2, 'COMPLETE URINE EXAMINATION', 2, '', 24, '', '0.00', '2019-07-28 00:00:00', '2019-07-28 00:00:00', 0, 1, 99);
INSERT INTO `TestMaster` (`ID`, `Name`, `Type`, `PreTestInfo`, `ResultInHours`, `Components`, `Cost`, `CreatedDate`, `UpdatedDate`, `IsDeleted`, `PackageID`, `CompanyID`) VALUES(3, 'CHOLESTEROL - SERUM', 1, NULL, 24, NULL, '0.00', '2019-07-28 00:00:00', NULL, 0, 1, 99);
INSERT INTO `TestMaster` (`ID`, `Name`, `Type`, `PreTestInfo`, `ResultInHours`, `Components`, `Cost`, `CreatedDate`, `UpdatedDate`, `IsDeleted`, `PackageID`, `CompanyID`) VALUES(4, 'GLUCOSE FASTING', 1, NULL, 24, NULL, '0.00', '2019-07-28 00:00:00', NULL, 0, 1, 99);
INSERT INTO `TestMaster` (`ID`, `Name`, `Type`, `PreTestInfo`, `ResultInHours`, `Components`, `Cost`, `CreatedDate`, `UpdatedDate`, `IsDeleted`, `PackageID`, `CompanyID`) VALUES(6, 'COMPLETE BLOOD COUNT (CBC) - FEMALE', 1, NULL, 24, NULL, '0.00', '2019-07-28 00:00:00', '2019-07-28 00:00:00', 0, 2, 99);
INSERT INTO `TestMaster` (`ID`, `Name`, `Type`, `PreTestInfo`, `ResultInHours`, `Components`, `Cost`, `CreatedDate`, `UpdatedDate`, `IsDeleted`, `PackageID`, `CompanyID`) VALUES(7, 'COMPLETE URINE EXAMINATION', 2, NULL, 24, NULL, '0.00', '2019-07-28 00:00:00', NULL, 0, 2, 99);
INSERT INTO `TestMaster` (`ID`, `Name`, `Type`, `PreTestInfo`, `ResultInHours`, `Components`, `Cost`, `CreatedDate`, `UpdatedDate`, `IsDeleted`, `PackageID`, `CompanyID`) VALUES(8, 'CHOLESTEROL - SERUM', 1, NULL, 24, NULL, '0.00', '2019-07-28 00:00:00', NULL, 0, 2, 99);
INSERT INTO `TestMaster` (`ID`, `Name`, `Type`, `PreTestInfo`, `ResultInHours`, `Components`, `Cost`, `CreatedDate`, `UpdatedDate`, `IsDeleted`, `PackageID`, `CompanyID`) VALUES(9, 'GLUCOSE FASTING', 1, NULL, 24, NULL, '0.00', '2019-07-28 00:00:00', NULL, 0, 2, 99);
INSERT INTO `TestMaster` (`ID`, `Name`, `Type`, `PreTestInfo`, `ResultInHours`, `Components`, `Cost`, `CreatedDate`, `UpdatedDate`, `IsDeleted`, `PackageID`, `CompanyID`) VALUES(10, 'THYROID STIMULATING HORMONE (TSH) SERUM', 1, NULL, 24, NULL, '0.00', '2019-07-28 00:00:00', NULL, 0, 2, 99);
INSERT INTO `TestMaster` (`ID`, `Name`, `Type`, `PreTestInfo`, `ResultInHours`, `Components`, `Cost`, `CreatedDate`, `UpdatedDate`, `IsDeleted`, `PackageID`, `CompanyID`) VALUES(11, 'GLUCOSE FASTING', 1, NULL, 24, NULL, '0.00', '2019-07-28 00:00:00', NULL, 0, 14, 99);
INSERT INTO `TestMaster` (`ID`, `Name`, `Type`, `PreTestInfo`, `ResultInHours`, `Components`, `Cost`, `CreatedDate`, `UpdatedDate`, `IsDeleted`, `PackageID`, `CompanyID`) VALUES(12, 'CHOLESTEROL - SERUM', 1, NULL, 24, NULL, '0.00', '2019-07-28 00:00:00', NULL, 0, 14, 99);
INSERT INTO `TestMaster` (`ID`, `Name`, `Type`, `PreTestInfo`, `ResultInHours`, `Components`, `Cost`, `CreatedDate`, `UpdatedDate`, `IsDeleted`, `PackageID`, `CompanyID`) VALUES(13, 'ASPARTATE AMINOTRANSFERASE (AST/SGOT)', 1, NULL, 24, NULL, '0.00', '2019-07-28 00:00:00', NULL, 0, 14, 99);
INSERT INTO `TestMaster` (`ID`, `Name`, `Type`, `PreTestInfo`, `ResultInHours`, `Components`, `Cost`, `CreatedDate`, `UpdatedDate`, `IsDeleted`, `PackageID`, `CompanyID`) VALUES(14, 'ALANINE AMINOTRANSFERASE (ALT/SGPT)', 1, NULL, 24, NULL, '0.00', '2019-07-28 00:00:00', NULL, 0, 14, 99);
INSERT INTO `TestMaster` (`ID`, `Name`, `Type`, `PreTestInfo`, `ResultInHours`, `Components`, `Cost`, `CreatedDate`, `UpdatedDate`, `IsDeleted`, `PackageID`, `CompanyID`) VALUES(15, 'UREA - SERUM', 1, NULL, 24, NULL, '0.00', '2019-07-28 00:00:00', NULL, 0, 14, 99);
INSERT INTO `TestMaster` (`ID`, `Name`, `Type`, `PreTestInfo`, `ResultInHours`, `Components`, `Cost`, `CreatedDate`, `UpdatedDate`, `IsDeleted`, `PackageID`, `CompanyID`) VALUES(16, 'CREATININE SERUM', 1, NULL, 24, NULL, '0.00', '2019-07-28 00:00:00', NULL, 0, 14, 99);
INSERT INTO `TestMaster` (`ID`, `Name`, `Type`, `PreTestInfo`, `ResultInHours`, `Components`, `Cost`, `CreatedDate`, `UpdatedDate`, `IsDeleted`, `PackageID`, `CompanyID`) VALUES(17, 'THYROID STIMULATING HORMONE (TSH)', 1, NULL, 24, NULL, '0.00', '2019-07-28 00:00:00', NULL, 0, 14, 99);
INSERT INTO `TestMaster` (`ID`, `Name`, `Type`, `PreTestInfo`, `ResultInHours`, `Components`, `Cost`, `CreatedDate`, `UpdatedDate`, `IsDeleted`, `PackageID`, `CompanyID`) VALUES(18, 'CALCIUM	SERUM', 1, NULL, 24, NULL, '0.00', '2019-07-28 00:00:00', NULL, 0, 14, 99);
INSERT INTO `TestMaster` (`ID`, `Name`, `Type`, `PreTestInfo`, `ResultInHours`, `Components`, `Cost`, `CreatedDate`, `UpdatedDate`, `IsDeleted`, `PackageID`, `CompanyID`) VALUES(19, 'HEMOGLOBIN', 1, NULL, 24, NULL, '0.00', '2019-07-28 00:00:00', NULL, 0, 14, 99);
INSERT INTO `TestMaster` (`ID`, `Name`, `Type`, `PreTestInfo`, `ResultInHours`, `Components`, `Cost`, `CreatedDate`, `UpdatedDate`, `IsDeleted`, `PackageID`, `CompanyID`) VALUES(20, 'GLUCOSE FASTING', 1, NULL, 24, NULL, '0.00', '2019-07-28 00:00:00', NULL, 0, 15, 99);
INSERT INTO `TestMaster` (`ID`, `Name`, `Type`, `PreTestInfo`, `ResultInHours`, `Components`, `Cost`, `CreatedDate`, `UpdatedDate`, `IsDeleted`, `PackageID`, `CompanyID`) VALUES(21, 'CHOLESTEROL - SERUM', 1, NULL, 24, NULL, '0.00', '2019-07-28 00:00:00', NULL, 0, 15, 99);
INSERT INTO `TestMaster` (`ID`, `Name`, `Type`, `PreTestInfo`, `ResultInHours`, `Components`, `Cost`, `CreatedDate`, `UpdatedDate`, `IsDeleted`, `PackageID`, `CompanyID`) VALUES(22, 'ASPARTATE AMINOTRANSFERASE (AST/SGOT) SERUM', 1, NULL, 24, NULL, '0.00', '2019-07-28 00:00:00', NULL, 0, 15, 99);
INSERT INTO `TestMaster` (`ID`, `Name`, `Type`, `PreTestInfo`, `ResultInHours`, `Components`, `Cost`, `CreatedDate`, `UpdatedDate`, `IsDeleted`, `PackageID`, `CompanyID`) VALUES(23, 'ALANINE AMINOTRANSFERASE (ALT/SGPT) SERUM', 1, NULL, 24, NULL, '0.00', '2019-07-28 00:00:00', NULL, 0, 15, 99);
INSERT INTO `TestMaster` (`ID`, `Name`, `Type`, `PreTestInfo`, `ResultInHours`, `Components`, `Cost`, `CreatedDate`, `UpdatedDate`, `IsDeleted`, `PackageID`, `CompanyID`) VALUES(24, 'UREA - SERUM', 1, NULL, 24, NULL, '0.00', '2019-07-28 00:00:00', NULL, 0, 15, 99);
INSERT INTO `TestMaster` (`ID`, `Name`, `Type`, `PreTestInfo`, `ResultInHours`, `Components`, `Cost`, `CreatedDate`, `UpdatedDate`, `IsDeleted`, `PackageID`, `CompanyID`) VALUES(25, 'CREATININE SERUM', 1, NULL, 24, NULL, '0.00', '2019-07-28 00:00:00', NULL, 0, 15, 99);
INSERT INTO `TestMaster` (`ID`, `Name`, `Type`, `PreTestInfo`, `ResultInHours`, `Components`, `Cost`, `CreatedDate`, `UpdatedDate`, `IsDeleted`, `PackageID`, `CompanyID`) VALUES(26, 'THYROID STIMULATING HORMONE (TSH) SERUM', 1, NULL, 24, NULL, '0.00', '2019-07-28 00:00:00', NULL, 0, 15, 99);
INSERT INTO `TestMaster` (`ID`, `Name`, `Type`, `PreTestInfo`, `ResultInHours`, `Components`, `Cost`, `CreatedDate`, `UpdatedDate`, `IsDeleted`, `PackageID`, `CompanyID`) VALUES(27, 'CALCIUM SERUM', 1, NULL, 24, NULL, '0.00', '2019-07-28 00:00:00', NULL, 0, 15, 99);
INSERT INTO `TestMaster` (`ID`, `Name`, `Type`, `PreTestInfo`, `ResultInHours`, `Components`, `Cost`, `CreatedDate`, `UpdatedDate`, `IsDeleted`, `PackageID`, `CompanyID`) VALUES(28, 'COMPLETE BLOOD COUNT (CBC)', 1, NULL, 24, NULL, '0.00', '2019-07-28 00:00:00', NULL, 0, 15, 99);
INSERT INTO `TestMaster` (`ID`, `Name`, `Type`, `PreTestInfo`, `ResultInHours`, `Components`, `Cost`, `CreatedDate`, `UpdatedDate`, `IsDeleted`, `PackageID`, `CompanyID`) VALUES(29, 'TRIGLYCERIDES - SERUM', 1, NULL, 24, NULL, '0.00', '2019-07-28 00:00:00', NULL, 0, 15, 99);
INSERT INTO `TestMaster` (`ID`, `Name`, `Type`, `PreTestInfo`, `ResultInHours`, `Components`, `Cost`, `CreatedDate`, `UpdatedDate`, `IsDeleted`, `PackageID`, `CompanyID`) VALUES(30, 'BILIRUBIN SERUM - TOTAL/DIRECT/INDIRECT', 1, NULL, 24, NULL, '0.00', '2019-07-28 00:00:00', NULL, 0, 15, 99);
INSERT INTO `TestMaster` (`ID`, `Name`, `Type`, `PreTestInfo`, `ResultInHours`, `Components`, `Cost`, `CreatedDate`, `UpdatedDate`, `IsDeleted`, `PackageID`, `CompanyID`) VALUES(31, 'HBA1C GLYCATED HEMOGLOBIN', 1, NULL, 24, NULL, '0.00', '2019-07-28 00:00:00', NULL, 0, 15, 99);
INSERT INTO `TestMaster` (`ID`, `Name`, `Type`, `PreTestInfo`, `ResultInHours`, `Components`, `Cost`, `CreatedDate`, `UpdatedDate`, `IsDeleted`, `PackageID`, `CompanyID`) VALUES(32, 'GLUCOSE FASTING', 1, NULL, 24, NULL, '0.00', '2019-07-28 00:00:00', NULL, 0, 16, 99);
INSERT INTO `TestMaster` (`ID`, `Name`, `Type`, `PreTestInfo`, `ResultInHours`, `Components`, `Cost`, `CreatedDate`, `UpdatedDate`, `IsDeleted`, `PackageID`, `CompanyID`) VALUES(33, 'CHOLESTEROL - SERUM', 1, NULL, 24, NULL, '0.00', '2019-07-28 00:00:00', NULL, 0, 16, 99);
INSERT INTO `TestMaster` (`ID`, `Name`, `Type`, `PreTestInfo`, `ResultInHours`, `Components`, `Cost`, `CreatedDate`, `UpdatedDate`, `IsDeleted`, `PackageID`, `CompanyID`) VALUES(34, 'ASPARTATE AMINOTRANSFERASE (AST/SGOT) SERUM', 1, NULL, 24, NULL, '0.00', '2019-07-28 00:00:00', NULL, 0, 16, 99);
INSERT INTO `TestMaster` (`ID`, `Name`, `Type`, `PreTestInfo`, `ResultInHours`, `Components`, `Cost`, `CreatedDate`, `UpdatedDate`, `IsDeleted`, `PackageID`, `CompanyID`) VALUES(35, 'ALANINE AMINOTRANSFERASE (ALT/SGPT) SERUM', 1, NULL, 24, NULL, '0.00', '2019-07-28 00:00:00', NULL, 0, 16, 99);
INSERT INTO `TestMaster` (`ID`, `Name`, `Type`, `PreTestInfo`, `ResultInHours`, `Components`, `Cost`, `CreatedDate`, `UpdatedDate`, `IsDeleted`, `PackageID`, `CompanyID`) VALUES(36, 'UREA - SERUM', 1, NULL, 24, NULL, '0.00', '2019-07-28 00:00:00', NULL, 0, 16, 99);
INSERT INTO `TestMaster` (`ID`, `Name`, `Type`, `PreTestInfo`, `ResultInHours`, `Components`, `Cost`, `CreatedDate`, `UpdatedDate`, `IsDeleted`, `PackageID`, `CompanyID`) VALUES(37, 'CREATININE SERUM', 1, NULL, 24, NULL, '0.00', '2019-07-28 00:00:00', NULL, 0, 16, 99);
INSERT INTO `TestMaster` (`ID`, `Name`, `Type`, `PreTestInfo`, `ResultInHours`, `Components`, `Cost`, `CreatedDate`, `UpdatedDate`, `IsDeleted`, `PackageID`, `CompanyID`) VALUES(38, 'THYROID STIMULATING HORMONE (TSH) SERUM', 1, NULL, 24, NULL, '0.00', '2019-07-28 00:00:00', NULL, 0, 16, 99);
INSERT INTO `TestMaster` (`ID`, `Name`, `Type`, `PreTestInfo`, `ResultInHours`, `Components`, `Cost`, `CreatedDate`, `UpdatedDate`, `IsDeleted`, `PackageID`, `CompanyID`) VALUES(39, 'TRIGLYCERIDES - SERUM', 1, NULL, 24, NULL, '0.00', '2019-07-28 00:00:00', NULL, 0, 16, 99);
INSERT INTO `TestMaster` (`ID`, `Name`, `Type`, `PreTestInfo`, `ResultInHours`, `Components`, `Cost`, `CreatedDate`, `UpdatedDate`, `IsDeleted`, `PackageID`, `CompanyID`) VALUES(40, 'BILIRUBIN SERUM - TOTAL/DIRECT/INDIRECT', 1, NULL, 24, NULL, '0.00', '2019-07-28 00:00:00', NULL, 0, 16, 99);
INSERT INTO `TestMaster` (`ID`, `Name`, `Type`, `PreTestInfo`, `ResultInHours`, `Components`, `Cost`, `CreatedDate`, `UpdatedDate`, `IsDeleted`, `PackageID`, `CompanyID`) VALUES(41, 'COMPLETE BLOOD COUNT (CBC)', 1, NULL, 24, NULL, '0.00', '2019-07-28 00:00:00', NULL, 0, 16, 99);
INSERT INTO `TestMaster` (`ID`, `Name`, `Type`, `PreTestInfo`, `ResultInHours`, `Components`, `Cost`, `CreatedDate`, `UpdatedDate`, `IsDeleted`, `PackageID`, `CompanyID`) VALUES(42, 'VITAMIN D - 25 HYDROXY (D2+D3)', 1, NULL, 24, NULL, '0.00', '2019-07-28 00:00:00', NULL, 0, 16, 99);
INSERT INTO `TestMaster` (`ID`, `Name`, `Type`, `PreTestInfo`, `ResultInHours`, `Components`, `Cost`, `CreatedDate`, `UpdatedDate`, `IsDeleted`, `PackageID`, `CompanyID`) VALUES(43, 'CALCIUM SERUM', 1, NULL, 24, NULL, '0.00', '2019-07-28 00:00:00', NULL, 0, 16, 99);
INSERT INTO `TestMaster` (`ID`, `Name`, `Type`, `PreTestInfo`, `ResultInHours`, `Components`, `Cost`, `CreatedDate`, `UpdatedDate`, `IsDeleted`, `PackageID`, `CompanyID`) VALUES(44, 'COMPLETE URINE EXAMINATION', 1, NULL, 24, NULL, '0.00', '2019-07-28 00:00:00', NULL, 0, 3, 99);
INSERT INTO `TestMaster` (`ID`, `Name`, `Type`, `PreTestInfo`, `ResultInHours`, `Components`, `Cost`, `CreatedDate`, `UpdatedDate`, `IsDeleted`, `PackageID`, `CompanyID`) VALUES(45, 'GLUCOSE  FASTING', 1, NULL, 24, NULL, '0.00', '2019-07-28 00:00:00', NULL, 0, 3, 99);
INSERT INTO `TestMaster` (`ID`, `Name`, `Type`, `PreTestInfo`, `ResultInHours`, `Components`, `Cost`, `CreatedDate`, `UpdatedDate`, `IsDeleted`, `PackageID`, `CompanyID`) VALUES(46, 'HBA1C GLYCATED HEMOGLOBIN', 1, NULL, 24, NULL, '0.00', '2019-07-28 00:00:00', NULL, 0, 3, 99);
INSERT INTO `TestMaster` (`ID`, `Name`, `Type`, `PreTestInfo`, `ResultInHours`, `Components`, `Cost`, `CreatedDate`, `UpdatedDate`, `IsDeleted`, `PackageID`, `CompanyID`) VALUES(47, 'GLUCOSE	 FASTING', 1, NULL, 24, NULL, '0.00', '2019-07-28 00:00:00', NULL, 0, 4, 99);
INSERT INTO `TestMaster` (`ID`, `Name`, `Type`, `PreTestInfo`, `ResultInHours`, `Components`, `Cost`, `CreatedDate`, `UpdatedDate`, `IsDeleted`, `PackageID`, `CompanyID`) VALUES(48, 'HBA1C GLYCATED HEMOGLOBIN', 1, NULL, 24, NULL, '0.00', '2019-07-28 00:00:00', NULL, 0, 4, 99);
INSERT INTO `TestMaster` (`ID`, `Name`, `Type`, `PreTestInfo`, `ResultInHours`, `Components`, `Cost`, `CreatedDate`, `UpdatedDate`, `IsDeleted`, `PackageID`, `CompanyID`) VALUES(49, 'GLUCOSE	 POST PRANDIAL (PP) 2 HOURS (POST MEAL)', 1, NULL, 24, NULL, '0.00', '2019-07-28 00:00:00', NULL, 0, 4, 99);
INSERT INTO `TestMaster` (`ID`, `Name`, `Type`, `PreTestInfo`, `ResultInHours`, `Components`, `Cost`, `CreatedDate`, `UpdatedDate`, `IsDeleted`, `PackageID`, `CompanyID`) VALUES(50, 'CHOLESTEROL - SERUM', 1, NULL, 24, NULL, '0.00', '2019-07-28 00:00:00', NULL, 0, 4, 99);
INSERT INTO `TestMaster` (`ID`, `Name`, `Type`, `PreTestInfo`, `ResultInHours`, `Components`, `Cost`, `CreatedDate`, `UpdatedDate`, `IsDeleted`, `PackageID`, `CompanyID`) VALUES(51, 'TRIGLYCERIDES - SERUM', 1, NULL, 24, NULL, '0.00', '2019-07-28 00:00:00', NULL, 0, 4, 99);
INSERT INTO `TestMaster` (`ID`, `Name`, `Type`, `PreTestInfo`, `ResultInHours`, `Components`, `Cost`, `CreatedDate`, `UpdatedDate`, `IsDeleted`, `PackageID`, `CompanyID`) VALUES(52, 'UREA - SERUM', 1, NULL, 24, NULL, '0.00', '2019-07-28 00:00:00', NULL, 0, 4, 99);
INSERT INTO `TestMaster` (`ID`, `Name`, `Type`, `PreTestInfo`, `ResultInHours`, `Components`, `Cost`, `CreatedDate`, `UpdatedDate`, `IsDeleted`, `PackageID`, `CompanyID`) VALUES(53, 'CREATININE SERUM', 1, NULL, 24, NULL, '0.00', '2019-07-28 00:00:00', NULL, 0, 4, 99);
INSERT INTO `TestMaster` (`ID`, `Name`, `Type`, `PreTestInfo`, `ResultInHours`, `Components`, `Cost`, `CreatedDate`, `UpdatedDate`, `IsDeleted`, `PackageID`, `CompanyID`) VALUES(54, 'COMPLETE URINE EXAMINATION', 2, NULL, 24, NULL, '0.00', '2019-07-28 00:00:00', NULL, 0, 4, 99);
INSERT INTO `TestMaster` (`ID`, `Name`, `Type`, `PreTestInfo`, `ResultInHours`, `Components`, `Cost`, `CreatedDate`, `UpdatedDate`, `IsDeleted`, `PackageID`, `CompanyID`) VALUES(55, 'GLUCOSE	 FASTING', 1, NULL, 24, NULL, '0.00', '2019-07-28 00:00:00', NULL, 0, 5, 99);
INSERT INTO `TestMaster` (`ID`, `Name`, `Type`, `PreTestInfo`, `ResultInHours`, `Components`, `Cost`, `CreatedDate`, `UpdatedDate`, `IsDeleted`, `PackageID`, `CompanyID`) VALUES(56, 'HBA1C GLYCATED HEMOGLOBIN', 1, NULL, 24, NULL, '0.00', '2019-07-28 00:00:00', NULL, 0, 5, 99);
INSERT INTO `TestMaster` (`ID`, `Name`, `Type`, `PreTestInfo`, `ResultInHours`, `Components`, `Cost`, `CreatedDate`, `UpdatedDate`, `IsDeleted`, `PackageID`, `CompanyID`) VALUES(57, 'GLUCOSE	 POST PRANDIAL (PP) 2 HOURS (POST MEAL)', 1, NULL, 24, NULL, '0.00', '2019-07-28 00:00:00', NULL, 0, 5, 99);
INSERT INTO `TestMaster` (`ID`, `Name`, `Type`, `PreTestInfo`, `ResultInHours`, `Components`, `Cost`, `CreatedDate`, `UpdatedDate`, `IsDeleted`, `PackageID`, `CompanyID`) VALUES(58, 'MICROALBUMIN ( MAU)- SPOT URINE', 2, NULL, 24, NULL, '0.00', '2019-07-28 00:00:00', NULL, 0, 5, 99);
INSERT INTO `TestMaster` (`ID`, `Name`, `Type`, `PreTestInfo`, `ResultInHours`, `Components`, `Cost`, `CreatedDate`, `UpdatedDate`, `IsDeleted`, `PackageID`, `CompanyID`) VALUES(59, 'LIPID PROFILE', 1, NULL, 24, NULL, '0.00', '2019-07-28 00:00:00', NULL, 0, 6, 99);
INSERT INTO `TestMaster` (`ID`, `Name`, `Type`, `PreTestInfo`, `ResultInHours`, `Components`, `Cost`, `CreatedDate`, `UpdatedDate`, `IsDeleted`, `PackageID`, `CompanyID`) VALUES(60, 'HBA1C GLYCATED HEMOGLOBIN', 1, NULL, 24, NULL, '0.00', '2019-07-28 00:00:00', NULL, 0, 6, 99);
INSERT INTO `TestMaster` (`ID`, `Name`, `Type`, `PreTestInfo`, `ResultInHours`, `Components`, `Cost`, `CreatedDate`, `UpdatedDate`, `IsDeleted`, `PackageID`, `CompanyID`) VALUES(61, 'GLUCOSE	 FASTING', 1, NULL, 24, NULL, '0.00', '2019-07-28 00:00:00', NULL, 0, 6, 99);
INSERT INTO `TestMaster` (`ID`, `Name`, `Type`, `PreTestInfo`, `ResultInHours`, `Components`, `Cost`, `CreatedDate`, `UpdatedDate`, `IsDeleted`, `PackageID`, `CompanyID`) VALUES(62, 'COMPLETE URINE EXAMINATION', 2, NULL, 24, NULL, '0.00', '2019-07-28 00:00:00', NULL, 0, 6, 99);
INSERT INTO `TestMaster` (`ID`, `Name`, `Type`, `PreTestInfo`, `ResultInHours`, `Components`, `Cost`, `CreatedDate`, `UpdatedDate`, `IsDeleted`, `PackageID`, `CompanyID`) VALUES(63, 'GLUCOSE	 FASTING', 1, NULL, 24, NULL, '0.00', '2019-07-28 00:00:00', NULL, 0, 7, 99);
INSERT INTO `TestMaster` (`ID`, `Name`, `Type`, `PreTestInfo`, `ResultInHours`, `Components`, `Cost`, `CreatedDate`, `UpdatedDate`, `IsDeleted`, `PackageID`, `CompanyID`) VALUES(64, 'HBA1C GLYCATED HEMOGLOBIN', 1, NULL, 24, NULL, '0.00', '2019-07-28 00:00:00', NULL, 0, 7, 99);
INSERT INTO `TestMaster` (`ID`, `Name`, `Type`, `PreTestInfo`, `ResultInHours`, `Components`, `Cost`, `CreatedDate`, `UpdatedDate`, `IsDeleted`, `PackageID`, `CompanyID`) VALUES(65, 'GLUCOSE	 POST PRANDIAL (PP) 2 HOURS (POST MEAL)', 1, NULL, 24, NULL, '0.00', '2019-07-28 00:00:00', NULL, 0, 7, 99);
INSERT INTO `TestMaster` (`ID`, `Name`, `Type`, `PreTestInfo`, `ResultInHours`, `Components`, `Cost`, `CreatedDate`, `UpdatedDate`, `IsDeleted`, `PackageID`, `CompanyID`) VALUES(66, 'RENAL PROFILE/RENAL FUNCTION TEST (RFT/KFT)', 1, NULL, 24, NULL, '0.00', '2019-07-28 00:00:00', NULL, 0, 7, 99);
INSERT INTO `TestMaster` (`ID`, `Name`, `Type`, `PreTestInfo`, `ResultInHours`, `Components`, `Cost`, `CreatedDate`, `UpdatedDate`, `IsDeleted`, `PackageID`, `CompanyID`) VALUES(67, 'MICROALBUMIN ( MAU)- SPOT URINE', 1, NULL, 24, NULL, '0.00', '2019-07-28 00:00:00', NULL, 0, 7, 99);
INSERT INTO `TestMaster` (`ID`, `Name`, `Type`, `PreTestInfo`, `ResultInHours`, `Components`, `Cost`, `CreatedDate`, `UpdatedDate`, `IsDeleted`, `PackageID`, `CompanyID`) VALUES(68, 'COMPLETE BLOOD COUNT (CBC)', 1, NULL, 24, NULL, '0.00', '2019-07-28 00:00:00', NULL, 0, 8, 99);
INSERT INTO `TestMaster` (`ID`, `Name`, `Type`, `PreTestInfo`, `ResultInHours`, `Components`, `Cost`, `CreatedDate`, `UpdatedDate`, `IsDeleted`, `PackageID`, `CompanyID`) VALUES(69, 'GLUCOSE	 FASTING', 1, NULL, 24, NULL, '0.00', '2019-07-28 00:00:00', NULL, 0, 8, 99);
INSERT INTO `TestMaster` (`ID`, `Name`, `Type`, `PreTestInfo`, `ResultInHours`, `Components`, `Cost`, `CreatedDate`, `UpdatedDate`, `IsDeleted`, `PackageID`, `CompanyID`) VALUES(70, 'GLUCOSE	 POST PRANDIAL (PP) 2 HOURS (POST MEAL)', 1, NULL, 24, NULL, '0.00', '2019-07-28 00:00:00', NULL, 0, 8, 99);
INSERT INTO `TestMaster` (`ID`, `Name`, `Type`, `PreTestInfo`, `ResultInHours`, `Components`, `Cost`, `CreatedDate`, `UpdatedDate`, `IsDeleted`, `PackageID`, `CompanyID`) VALUES(71, 'UREA - SERUM', 1, NULL, 24, NULL, '0.00', '2019-07-28 00:00:00', NULL, 0, 8, 99);
INSERT INTO `TestMaster` (`ID`, `Name`, `Type`, `PreTestInfo`, `ResultInHours`, `Components`, `Cost`, `CreatedDate`, `UpdatedDate`, `IsDeleted`, `PackageID`, `CompanyID`) VALUES(72, 'CREATININE SERUM', 1, NULL, 24, NULL, '0.00', '2019-07-28 00:00:00', NULL, 0, 8, 99);
INSERT INTO `TestMaster` (`ID`, `Name`, `Type`, `PreTestInfo`, `ResultInHours`, `Components`, `Cost`, `CreatedDate`, `UpdatedDate`, `IsDeleted`, `PackageID`, `CompanyID`) VALUES(73, 'LIPID PROFILE', 1, NULL, 24, NULL, '0.00', '2019-07-28 00:00:00', NULL, 0, 8, 99);
INSERT INTO `TestMaster` (`ID`, `Name`, `Type`, `PreTestInfo`, `ResultInHours`, `Components`, `Cost`, `CreatedDate`, `UpdatedDate`, `IsDeleted`, `PackageID`, `CompanyID`) VALUES(74, 'BLOOD GROUP ABO AND RH FACTOR', 1, NULL, 24, NULL, '0.00', '2019-07-28 00:00:00', NULL, 0, 8, 99);
INSERT INTO `TestMaster` (`ID`, `Name`, `Type`, `PreTestInfo`, `ResultInHours`, `Components`, `Cost`, `CreatedDate`, `UpdatedDate`, `IsDeleted`, `PackageID`, `CompanyID`) VALUES(75, 'HBA1C GLYCATED HEMOGLOBIN', 1, NULL, 24, NULL, '0.00', '2019-07-28 00:00:00', NULL, 0, 8, 99);
INSERT INTO `TestMaster` (`ID`, `Name`, `Type`, `PreTestInfo`, `ResultInHours`, `Components`, `Cost`, `CreatedDate`, `UpdatedDate`, `IsDeleted`, `PackageID`, `CompanyID`) VALUES(76, 'GLUCOSE	 FASTING', 1, NULL, 24, NULL, '0.00', '2019-07-28 00:00:00', NULL, 0, 9, 99);
INSERT INTO `TestMaster` (`ID`, `Name`, `Type`, `PreTestInfo`, `ResultInHours`, `Components`, `Cost`, `CreatedDate`, `UpdatedDate`, `IsDeleted`, `PackageID`, `CompanyID`) VALUES(77, 'LIPID PROFILE', 1, NULL, 24, NULL, '0.00', '2019-07-28 00:00:00', NULL, 0, 9, 99);
INSERT INTO `TestMaster` (`ID`, `Name`, `Type`, `PreTestInfo`, `ResultInHours`, `Components`, `Cost`, `CreatedDate`, `UpdatedDate`, `IsDeleted`, `PackageID`, `CompanyID`) VALUES(78, 'UREA - SERUM', 1, NULL, 24, NULL, '0.00', '2019-07-28 00:00:00', NULL, 0, 9, 99);
INSERT INTO `TestMaster` (`ID`, `Name`, `Type`, `PreTestInfo`, `ResultInHours`, `Components`, `Cost`, `CreatedDate`, `UpdatedDate`, `IsDeleted`, `PackageID`, `CompanyID`) VALUES(79, 'CREATININE SERUM', 1, NULL, 24, NULL, '0.00', '2019-07-28 00:00:00', NULL, 0, 9, 99);
INSERT INTO `TestMaster` (`ID`, `Name`, `Type`, `PreTestInfo`, `ResultInHours`, `Components`, `Cost`, `CreatedDate`, `UpdatedDate`, `IsDeleted`, `PackageID`, `CompanyID`) VALUES(80, 'GLUCOSE	 FASTING', 1, NULL, 24, NULL, '0.00', '2019-07-28 00:00:00', NULL, 0, 10, 99);
INSERT INTO `TestMaster` (`ID`, `Name`, `Type`, `PreTestInfo`, `ResultInHours`, `Components`, `Cost`, `CreatedDate`, `UpdatedDate`, `IsDeleted`, `PackageID`, `CompanyID`) VALUES(81, 'HS-CRP (HIGH SENSITIVITY C-REACTIVE PROTEIN)', 1, NULL, 24, NULL, '0.00', '2019-07-28 00:00:00', NULL, 0, 10, 99);
INSERT INTO `TestMaster` (`ID`, `Name`, `Type`, `PreTestInfo`, `ResultInHours`, `Components`, `Cost`, `CreatedDate`, `UpdatedDate`, `IsDeleted`, `PackageID`, `CompanyID`) VALUES(82, 'LIPID PROFILE', 1, NULL, 24, NULL, '0.00', '2019-07-28 00:00:00', NULL, 0, 10, 99);
INSERT INTO `TestMaster` (`ID`, `Name`, `Type`, `PreTestInfo`, `ResultInHours`, `Components`, `Cost`, `CreatedDate`, `UpdatedDate`, `IsDeleted`, `PackageID`, `CompanyID`) VALUES(83, 'UREA - SERUM', 1, NULL, 24, NULL, '0.00', '2019-07-28 00:00:00', NULL, 0, 10, 99);
INSERT INTO `TestMaster` (`ID`, `Name`, `Type`, `PreTestInfo`, `ResultInHours`, `Components`, `Cost`, `CreatedDate`, `UpdatedDate`, `IsDeleted`, `PackageID`, `CompanyID`) VALUES(84, 'CREATININE SERUM', 1, NULL, 24, NULL, '0.00', '2019-07-28 00:00:00', NULL, 0, 10, 99);
INSERT INTO `TestMaster` (`ID`, `Name`, `Type`, `PreTestInfo`, `ResultInHours`, `Components`, `Cost`, `CreatedDate`, `UpdatedDate`, `IsDeleted`, `PackageID`, `CompanyID`) VALUES(85, 'COMPLETE BLOOD COUNT (CBC)', 1, NULL, 24, NULL, '0.00', '2019-07-28 00:00:00', NULL, 0, 11, 99);
INSERT INTO `TestMaster` (`ID`, `Name`, `Type`, `PreTestInfo`, `ResultInHours`, `Components`, `Cost`, `CreatedDate`, `UpdatedDate`, `IsDeleted`, `PackageID`, `CompanyID`) VALUES(86, 'GLUCOSE	 FASTING', 1, NULL, 24, NULL, '0.00', '2019-07-28 00:00:00', NULL, 0, 11, 99);
INSERT INTO `TestMaster` (`ID`, `Name`, `Type`, `PreTestInfo`, `ResultInHours`, `Components`, `Cost`, `CreatedDate`, `UpdatedDate`, `IsDeleted`, `PackageID`, `CompanyID`) VALUES(87, 'LIPID PROFILE', 1, NULL, 24, NULL, '0.00', '2019-07-28 00:00:00', NULL, 0, 11, 99);
INSERT INTO `TestMaster` (`ID`, `Name`, `Type`, `PreTestInfo`, `ResultInHours`, `Components`, `Cost`, `CreatedDate`, `UpdatedDate`, `IsDeleted`, `PackageID`, `CompanyID`) VALUES(88, 'GLUCOSE	 POST PRANDIAL (PP) 2 HOURS (POST MEAL)', 1, NULL, 24, NULL, '0.00', '2019-07-28 00:00:00', NULL, 0, 11, 99);
INSERT INTO `TestMaster` (`ID`, `Name`, `Type`, `PreTestInfo`, `ResultInHours`, `Components`, `Cost`, `CreatedDate`, `UpdatedDate`, `IsDeleted`, `PackageID`, `CompanyID`) VALUES(89, 'UREA - SERUM', 1, NULL, 24, NULL, '0.00', '2019-07-28 00:00:00', NULL, 0, 11, 99);
INSERT INTO `TestMaster` (`ID`, `Name`, `Type`, `PreTestInfo`, `ResultInHours`, `Components`, `Cost`, `CreatedDate`, `UpdatedDate`, `IsDeleted`, `PackageID`, `CompanyID`) VALUES(90, 'CREATININE SERUM', 1, NULL, 24, NULL, '0.00', '2019-07-28 00:00:00', NULL, 0, 11, 99);
INSERT INTO `TestMaster` (`ID`, `Name`, `Type`, `PreTestInfo`, `ResultInHours`, `Components`, `Cost`, `CreatedDate`, `UpdatedDate`, `IsDeleted`, `PackageID`, `CompanyID`) VALUES(91, 'THYROID STIMULATING HORMONE (TSH) SERUM', 1, NULL, 24, NULL, '0.00', '2019-07-28 00:00:00', NULL, 0, 11, 99);
INSERT INTO `TestMaster` (`ID`, `Name`, `Type`, `PreTestInfo`, `ResultInHours`, `Components`, `Cost`, `CreatedDate`, `UpdatedDate`, `IsDeleted`, `PackageID`, `CompanyID`) VALUES(92, 'COMPLETE BLOOD COUNT (CBC)', 1, NULL, 24, NULL, '0.00', '2019-07-28 00:00:00', NULL, 0, 12, 99);
INSERT INTO `TestMaster` (`ID`, `Name`, `Type`, `PreTestInfo`, `ResultInHours`, `Components`, `Cost`, `CreatedDate`, `UpdatedDate`, `IsDeleted`, `PackageID`, `CompanyID`) VALUES(93, 'GLUCOSE	 FASTING', 1, NULL, 24, NULL, '0.00', '2019-07-28 00:00:00', NULL, 0, 12, 99);
INSERT INTO `TestMaster` (`ID`, `Name`, `Type`, `PreTestInfo`, `ResultInHours`, `Components`, `Cost`, `CreatedDate`, `UpdatedDate`, `IsDeleted`, `PackageID`, `CompanyID`) VALUES(94, 'GLUCOSE	 POST PRANDIAL (PP) 2 HOURS (POST MEAL)', 1, NULL, 24, NULL, '0.00', '2019-07-28 00:00:00', NULL, 0, 12, 99);
INSERT INTO `TestMaster` (`ID`, `Name`, `Type`, `PreTestInfo`, `ResultInHours`, `Components`, `Cost`, `CreatedDate`, `UpdatedDate`, `IsDeleted`, `PackageID`, `CompanyID`) VALUES(95, 'UREA - SERUM', 1, NULL, 24, NULL, '0.00', '2019-07-28 00:00:00', NULL, 0, 12, 99);
INSERT INTO `TestMaster` (`ID`, `Name`, `Type`, `PreTestInfo`, `ResultInHours`, `Components`, `Cost`, `CreatedDate`, `UpdatedDate`, `IsDeleted`, `PackageID`, `CompanyID`) VALUES(96, 'CREATININE SERUM', 1, NULL, 24, NULL, '0.00', '2019-07-28 00:00:00', NULL, 0, 12, 99);
INSERT INTO `TestMaster` (`ID`, `Name`, `Type`, `PreTestInfo`, `ResultInHours`, `Components`, `Cost`, `CreatedDate`, `UpdatedDate`, `IsDeleted`, `PackageID`, `CompanyID`) VALUES(97, 'LIPID PROFILE', 1, NULL, 24, NULL, '0.00', '2019-07-28 00:00:00', NULL, 0, 12, 99);
INSERT INTO `TestMaster` (`ID`, `Name`, `Type`, `PreTestInfo`, `ResultInHours`, `Components`, `Cost`, `CreatedDate`, `UpdatedDate`, `IsDeleted`, `PackageID`, `CompanyID`) VALUES(98, 'BLOOD GROUP ABO AND RH FACTOR', 1, NULL, 24, NULL, '0.00', '2019-07-28 00:00:00', NULL, 0, 12, 99);
INSERT INTO `TestMaster` (`ID`, `Name`, `Type`, `PreTestInfo`, `ResultInHours`, `Components`, `Cost`, `CreatedDate`, `UpdatedDate`, `IsDeleted`, `PackageID`, `CompanyID`) VALUES(99, 'HBA1C GLYCATED HEMOGLOBIN', 1, NULL, 24, NULL, '0.00', '2019-07-28 00:00:00', NULL, 0, 12, 99);
INSERT INTO `TestMaster` (`ID`, `Name`, `Type`, `PreTestInfo`, `ResultInHours`, `Components`, `Cost`, `CreatedDate`, `UpdatedDate`, `IsDeleted`, `PackageID`, `CompanyID`) VALUES(100, 'ELECTROLYTES - SERUM', 1, NULL, 24, NULL, '0.00', '2019-07-28 00:00:00', NULL, 0, 12, 99);
INSERT INTO `TestMaster` (`ID`, `Name`, `Type`, `PreTestInfo`, `ResultInHours`, `Components`, `Cost`, `CreatedDate`, `UpdatedDate`, `IsDeleted`, `PackageID`, `CompanyID`) VALUES(101, 'THYROID PROFILE (TOTAL T3 TOTAL T4 TSH)', 1, NULL, 24, NULL, '0.00', '2019-07-28 00:00:00', NULL, 0, 12, 99);
INSERT INTO `TestMaster` (`ID`, `Name`, `Type`, `PreTestInfo`, `ResultInHours`, `Components`, `Cost`, `CreatedDate`, `UpdatedDate`, `IsDeleted`, `PackageID`, `CompanyID`) VALUES(102, 'LIVER FUNCTION TEST (LFT) WITH GGT', 1, NULL, 24, NULL, '0.00', '2019-07-28 00:00:00', NULL, 0, 12, 99);
INSERT INTO `TestMaster` (`ID`, `Name`, `Type`, `PreTestInfo`, `ResultInHours`, `Components`, `Cost`, `CreatedDate`, `UpdatedDate`, `IsDeleted`, `PackageID`, `CompanyID`) VALUES(103, 'HBA1C GLYCATED HEMOGLOBIN', 1, NULL, 24, NULL, '0.00', '2019-07-28 00:00:00', NULL, 0, 13, 99);
INSERT INTO `TestMaster` (`ID`, `Name`, `Type`, `PreTestInfo`, `ResultInHours`, `Components`, `Cost`, `CreatedDate`, `UpdatedDate`, `IsDeleted`, `PackageID`, `CompanyID`) VALUES(104, 'LIPID PROFILE', 1, NULL, 24, NULL, '0.00', '2019-07-28 00:00:00', NULL, 0, 13, 99);
INSERT INTO `TestMaster` (`ID`, `Name`, `Type`, `PreTestInfo`, `ResultInHours`, `Components`, `Cost`, `CreatedDate`, `UpdatedDate`, `IsDeleted`, `PackageID`, `CompanyID`) VALUES(105, 'LIVER FUNCTION TEST (LFT)', 1, NULL, 24, NULL, '0.00', '2019-07-28 00:00:00', NULL, 0, 13, 99);
INSERT INTO `TestMaster` (`ID`, `Name`, `Type`, `PreTestInfo`, `ResultInHours`, `Components`, `Cost`, `CreatedDate`, `UpdatedDate`, `IsDeleted`, `PackageID`, `CompanyID`) VALUES(106, 'RENAL PROFILE/RENAL FUNCTION TEST (RFT/KFT)', 1, NULL, 24, NULL, '0.00', '2019-07-28 00:00:00', NULL, 0, 13, 99);
INSERT INTO `TestMaster` (`ID`, `Name`, `Type`, `PreTestInfo`, `ResultInHours`, `Components`, `Cost`, `CreatedDate`, `UpdatedDate`, `IsDeleted`, `PackageID`, `CompanyID`) VALUES(107, 'COMPLETE BLOOD COUNT (CBC)', 1, NULL, 24, NULL, '0.00', '2019-07-28 00:00:00', NULL, 0, 17, 99);
INSERT INTO `TestMaster` (`ID`, `Name`, `Type`, `PreTestInfo`, `ResultInHours`, `Components`, `Cost`, `CreatedDate`, `UpdatedDate`, `IsDeleted`, `PackageID`, `CompanyID`) VALUES(108, 'COMPLETE URINE EXAMINATION', 2, NULL, 24, NULL, '0.00', '2019-07-28 00:00:00', NULL, 0, 17, 99);
INSERT INTO `TestMaster` (`ID`, `Name`, `Type`, `PreTestInfo`, `ResultInHours`, `Components`, `Cost`, `CreatedDate`, `UpdatedDate`, `IsDeleted`, `PackageID`, `CompanyID`) VALUES(109, 'GLUCOSE	 FASTING', 1, NULL, 24, NULL, '0.00', '2019-07-28 00:00:00', NULL, 0, 17, 99);
INSERT INTO `TestMaster` (`ID`, `Name`, `Type`, `PreTestInfo`, `ResultInHours`, `Components`, `Cost`, `CreatedDate`, `UpdatedDate`, `IsDeleted`, `PackageID`, `CompanyID`) VALUES(110, 'GLUCOSE	 POST PRANDIAL (PP) 2 HOURS (POST MEAL)', 1, NULL, 24, NULL, '0.00', '2019-07-28 00:00:00', NULL, 0, 17, 99);
INSERT INTO `TestMaster` (`ID`, `Name`, `Type`, `PreTestInfo`, `ResultInHours`, `Components`, `Cost`, `CreatedDate`, `UpdatedDate`, `IsDeleted`, `PackageID`, `CompanyID`) VALUES(111, 'HBA1C GLYCATED HEMOGLOBIN', 1, NULL, 24, NULL, '0.00', '2019-07-28 00:00:00', NULL, 0, 17, 99);
INSERT INTO `TestMaster` (`ID`, `Name`, `Type`, `PreTestInfo`, `ResultInHours`, `Components`, `Cost`, `CreatedDate`, `UpdatedDate`, `IsDeleted`, `PackageID`, `CompanyID`) VALUES(112, 'RENAL PROFILE/RENAL FUNCTION TEST (RFT/KFT)', 1, NULL, 24, NULL, '0.00', '2019-07-28 00:00:00', NULL, 0, 17, 99);
INSERT INTO `TestMaster` (`ID`, `Name`, `Type`, `PreTestInfo`, `ResultInHours`, `Components`, `Cost`, `CreatedDate`, `UpdatedDate`, `IsDeleted`, `PackageID`, `CompanyID`) VALUES(113, 'LIPID PROFILE', 1, NULL, 24, NULL, '0.00', '2019-07-28 00:00:00', NULL, 0, 17, 99);
INSERT INTO `TestMaster` (`ID`, `Name`, `Type`, `PreTestInfo`, `ResultInHours`, `Components`, `Cost`, `CreatedDate`, `UpdatedDate`, `IsDeleted`, `PackageID`, `CompanyID`) VALUES(114, 'LIVER FUNCTION TEST (LFT) WITH GGT', 1, NULL, 24, NULL, '0.00', '2019-07-28 00:00:00', NULL, 0, 17, 99);
INSERT INTO `TestMaster` (`ID`, `Name`, `Type`, `PreTestInfo`, `ResultInHours`, `Components`, `Cost`, `CreatedDate`, `UpdatedDate`, `IsDeleted`, `PackageID`, `CompanyID`) VALUES(115, 'COMPLETE BLOOD COUNT (CBC)', 1, NULL, 24, NULL, '0.00', '2019-07-28 00:00:00', NULL, 0, 18, 99);
INSERT INTO `TestMaster` (`ID`, `Name`, `Type`, `PreTestInfo`, `ResultInHours`, `Components`, `Cost`, `CreatedDate`, `UpdatedDate`, `IsDeleted`, `PackageID`, `CompanyID`) VALUES(116, 'COMPLETE URINE EXAMINATION', 2, NULL, 24, NULL, '0.00', '2019-07-28 00:00:00', NULL, 0, 18, 99);
INSERT INTO `TestMaster` (`ID`, `Name`, `Type`, `PreTestInfo`, `ResultInHours`, `Components`, `Cost`, `CreatedDate`, `UpdatedDate`, `IsDeleted`, `PackageID`, `CompanyID`) VALUES(117, 'GLUCOSE	 FASTING', 1, NULL, 24, NULL, '0.00', '2019-07-28 00:00:00', NULL, 0, 18, 99);
INSERT INTO `TestMaster` (`ID`, `Name`, `Type`, `PreTestInfo`, `ResultInHours`, `Components`, `Cost`, `CreatedDate`, `UpdatedDate`, `IsDeleted`, `PackageID`, `CompanyID`) VALUES(118, 'GLUCOSE	 POST PRANDIAL (PP) 2 HOURS (POST MEAL)', 1, NULL, 24, NULL, '0.00', '2019-07-28 00:00:00', NULL, 0, 18, 99);
INSERT INTO `TestMaster` (`ID`, `Name`, `Type`, `PreTestInfo`, `ResultInHours`, `Components`, `Cost`, `CreatedDate`, `UpdatedDate`, `IsDeleted`, `PackageID`, `CompanyID`) VALUES(119, 'HBA1C GLYCATED HEMOGLOBIN', 1, NULL, 24, NULL, '0.00', '2019-07-28 00:00:00', NULL, 0, 18, 99);
INSERT INTO `TestMaster` (`ID`, `Name`, `Type`, `PreTestInfo`, `ResultInHours`, `Components`, `Cost`, `CreatedDate`, `UpdatedDate`, `IsDeleted`, `PackageID`, `CompanyID`) VALUES(120, 'RENAL PROFILE/RENAL FUNCTION TEST (RFT/KFT)', 1, NULL, 24, NULL, '0.00', '2019-07-28 00:00:00', NULL, 0, 18, 99);
INSERT INTO `TestMaster` (`ID`, `Name`, `Type`, `PreTestInfo`, `ResultInHours`, `Components`, `Cost`, `CreatedDate`, `UpdatedDate`, `IsDeleted`, `PackageID`, `CompanyID`) VALUES(121, 'LIPID PROFILE', 1, NULL, 24, NULL, '0.00', '2019-07-28 00:00:00', NULL, 0, 18, 99);
INSERT INTO `TestMaster` (`ID`, `Name`, `Type`, `PreTestInfo`, `ResultInHours`, `Components`, `Cost`, `CreatedDate`, `UpdatedDate`, `IsDeleted`, `PackageID`, `CompanyID`) VALUES(122, 'LIVER FUNCTION TEST (LFT) WITH GGT', 1, NULL, 24, NULL, '0.00', '2019-07-28 00:00:00', NULL, 0, 18, 99);
INSERT INTO `TestMaster` (`ID`, `Name`, `Type`, `PreTestInfo`, `ResultInHours`, `Components`, `Cost`, `CreatedDate`, `UpdatedDate`, `IsDeleted`, `PackageID`, `CompanyID`) VALUES(123, 'THYROID PROFILE (TOTAL T3 TOTAL T4 TSH)', 1, NULL, 24, NULL, '0.00', '2019-07-28 00:00:00', NULL, 0, 18, 99);
INSERT INTO `TestMaster` (`ID`, `Name`, `Type`, `PreTestInfo`, `ResultInHours`, `Components`, `Cost`, `CreatedDate`, `UpdatedDate`, `IsDeleted`, `PackageID`, `CompanyID`) VALUES(124, 'COMPLETE BLOOD COUNT (CBC)', 1, NULL, 24, NULL, '0.00', '2019-07-28 00:00:00', NULL, 0, 19, 99);
INSERT INTO `TestMaster` (`ID`, `Name`, `Type`, `PreTestInfo`, `ResultInHours`, `Components`, `Cost`, `CreatedDate`, `UpdatedDate`, `IsDeleted`, `PackageID`, `CompanyID`) VALUES(125, 'COMPLETE URINE EXAMINATION', 2, NULL, 24, NULL, '0.00', '2019-07-28 00:00:00', NULL, 0, 19, 99);
INSERT INTO `TestMaster` (`ID`, `Name`, `Type`, `PreTestInfo`, `ResultInHours`, `Components`, `Cost`, `CreatedDate`, `UpdatedDate`, `IsDeleted`, `PackageID`, `CompanyID`) VALUES(126, 'GLUCOSE	 FASTING', 1, NULL, 24, NULL, '0.00', '2019-07-28 00:00:00', NULL, 0, 19, 99);
INSERT INTO `TestMaster` (`ID`, `Name`, `Type`, `PreTestInfo`, `ResultInHours`, `Components`, `Cost`, `CreatedDate`, `UpdatedDate`, `IsDeleted`, `PackageID`, `CompanyID`) VALUES(127, 'GLUCOSE	 POST PRANDIAL (PP) 2 HOURS (POST MEAL)', 1, NULL, 24, NULL, '0.00', '2019-07-28 00:00:00', NULL, 0, 19, 99);
INSERT INTO `TestMaster` (`ID`, `Name`, `Type`, `PreTestInfo`, `ResultInHours`, `Components`, `Cost`, `CreatedDate`, `UpdatedDate`, `IsDeleted`, `PackageID`, `CompanyID`) VALUES(128, 'HBA1C GLYCATED HEMOGLOBIN', 1, NULL, 24, NULL, '0.00', '2019-07-28 00:00:00', NULL, 0, 19, 99);
INSERT INTO `TestMaster` (`ID`, `Name`, `Type`, `PreTestInfo`, `ResultInHours`, `Components`, `Cost`, `CreatedDate`, `UpdatedDate`, `IsDeleted`, `PackageID`, `CompanyID`) VALUES(129, 'RENAL PROFILE/RENAL FUNCTION TEST (RFT/KFT)', 1, NULL, 24, NULL, '0.00', '2019-07-28 00:00:00', NULL, 0, 19, 99);
INSERT INTO `TestMaster` (`ID`, `Name`, `Type`, `PreTestInfo`, `ResultInHours`, `Components`, `Cost`, `CreatedDate`, `UpdatedDate`, `IsDeleted`, `PackageID`, `CompanyID`) VALUES(130, 'LIPID PROFILE', 1, NULL, 24, NULL, '0.00', '2019-07-28 00:00:00', NULL, 0, 19, 99);
INSERT INTO `TestMaster` (`ID`, `Name`, `Type`, `PreTestInfo`, `ResultInHours`, `Components`, `Cost`, `CreatedDate`, `UpdatedDate`, `IsDeleted`, `PackageID`, `CompanyID`) VALUES(131, 'LIVER FUNCTION TEST (LFT) WITH GGT', 1, NULL, 24, NULL, '0.00', '2019-07-28 00:00:00', NULL, 0, 19, 99);
INSERT INTO `TestMaster` (`ID`, `Name`, `Type`, `PreTestInfo`, `ResultInHours`, `Components`, `Cost`, `CreatedDate`, `UpdatedDate`, `IsDeleted`, `PackageID`, `CompanyID`) VALUES(132, 'THYROID PROFILE (TOTAL T3 TOTAL T4 TSH)', 1, NULL, 24, NULL, '0.00', '2019-07-28 00:00:00', NULL, 0, 19, 99);
INSERT INTO `TestMaster` (`ID`, `Name`, `Type`, `PreTestInfo`, `ResultInHours`, `Components`, `Cost`, `CreatedDate`, `UpdatedDate`, `IsDeleted`, `PackageID`, `CompanyID`) VALUES(134, 'VITAMIN B12', 3, NULL, 24, NULL, '0.00', '2019-07-28 00:00:00', NULL, 0, 19, 99);
INSERT INTO `TestMaster` (`ID`, `Name`, `Type`, `PreTestInfo`, `ResultInHours`, `Components`, `Cost`, `CreatedDate`, `UpdatedDate`, `IsDeleted`, `PackageID`, `CompanyID`) VALUES(135, 'VITAMIN D - 25 HYDROXY (D2+D3)', 3, NULL, 24, NULL, '0.00', '2019-07-28 00:00:00', NULL, 0, 19, 99);
INSERT INTO `TestMaster` (`ID`, `Name`, `Type`, `PreTestInfo`, `ResultInHours`, `Components`, `Cost`, `CreatedDate`, `UpdatedDate`, `IsDeleted`, `PackageID`, `CompanyID`) VALUES(136, 'COMPLETE BLOOD COUNT (CBC)', 1, NULL, 24, NULL, '0.00', '2019-07-28 00:00:00', NULL, 0, 20, 99);
INSERT INTO `TestMaster` (`ID`, `Name`, `Type`, `PreTestInfo`, `ResultInHours`, `Components`, `Cost`, `CreatedDate`, `UpdatedDate`, `IsDeleted`, `PackageID`, `CompanyID`) VALUES(137, 'COMPLETE URINE EXAMINATION', 2, NULL, 24, NULL, '0.00', '2019-07-28 00:00:00', NULL, 0, 20, 99);
INSERT INTO `TestMaster` (`ID`, `Name`, `Type`, `PreTestInfo`, `ResultInHours`, `Components`, `Cost`, `CreatedDate`, `UpdatedDate`, `IsDeleted`, `PackageID`, `CompanyID`) VALUES(138, 'GLUCOSE	 FASTING', 1, NULL, 24, NULL, '0.00', '2019-07-28 00:00:00', NULL, 0, 20, 99);
INSERT INTO `TestMaster` (`ID`, `Name`, `Type`, `PreTestInfo`, `ResultInHours`, `Components`, `Cost`, `CreatedDate`, `UpdatedDate`, `IsDeleted`, `PackageID`, `CompanyID`) VALUES(139, 'GLUCOSE	 POST PRANDIAL (PP) 2 HOURS (POST MEAL)', 1, NULL, 24, NULL, '0.00', '2019-07-28 00:00:00', NULL, 0, 20, 99);
INSERT INTO `TestMaster` (`ID`, `Name`, `Type`, `PreTestInfo`, `ResultInHours`, `Components`, `Cost`, `CreatedDate`, `UpdatedDate`, `IsDeleted`, `PackageID`, `CompanyID`) VALUES(140, 'HBA1C GLYCATED HEMOGLOBIN', 1, NULL, 24, NULL, '0.00', '2019-07-28 00:00:00', NULL, 0, 20, 99);
INSERT INTO `TestMaster` (`ID`, `Name`, `Type`, `PreTestInfo`, `ResultInHours`, `Components`, `Cost`, `CreatedDate`, `UpdatedDate`, `IsDeleted`, `PackageID`, `CompanyID`) VALUES(141, 'RENAL PROFILE/RENAL FUNCTION TEST (RFT/KFT)', 1, NULL, 24, NULL, '0.00', '2019-07-28 00:00:00', NULL, 0, 20, 99);
INSERT INTO `TestMaster` (`ID`, `Name`, `Type`, `PreTestInfo`, `ResultInHours`, `Components`, `Cost`, `CreatedDate`, `UpdatedDate`, `IsDeleted`, `PackageID`, `CompanyID`) VALUES(142, 'LIPID PROFILE', 1, NULL, 24, NULL, '0.00', '2019-07-28 00:00:00', NULL, 0, 20, 99);
INSERT INTO `TestMaster` (`ID`, `Name`, `Type`, `PreTestInfo`, `ResultInHours`, `Components`, `Cost`, `CreatedDate`, `UpdatedDate`, `IsDeleted`, `PackageID`, `CompanyID`) VALUES(143, 'LIVER FUNCTION TEST (LFT) WITH GGT', 1, NULL, 24, NULL, '0.00', '2019-07-28 00:00:00', NULL, 0, 20, 99);
INSERT INTO `TestMaster` (`ID`, `Name`, `Type`, `PreTestInfo`, `ResultInHours`, `Components`, `Cost`, `CreatedDate`, `UpdatedDate`, `IsDeleted`, `PackageID`, `CompanyID`) VALUES(144, 'THYROID PROFILE (TOTAL T3 TOTAL T4 TSH)', 1, NULL, 24, NULL, '0.00', '2019-07-28 00:00:00', NULL, 0, 20, 99);
INSERT INTO `TestMaster` (`ID`, `Name`, `Type`, `PreTestInfo`, `ResultInHours`, `Components`, `Cost`, `CreatedDate`, `UpdatedDate`, `IsDeleted`, `PackageID`, `CompanyID`) VALUES(145, 'VITAMIN B12', 3, NULL, 24, NULL, '0.00', '2019-07-28 00:00:00', NULL, 0, 20, 99);
INSERT INTO `TestMaster` (`ID`, `Name`, `Type`, `PreTestInfo`, `ResultInHours`, `Components`, `Cost`, `CreatedDate`, `UpdatedDate`, `IsDeleted`, `PackageID`, `CompanyID`) VALUES(146, 'VITAMIN D - 25 HYDROXY (D2+D3)', 3, NULL, 24, NULL, '0.00', '2019-07-28 00:00:00', NULL, 0, 20, 99);
INSERT INTO `TestMaster` (`ID`, `Name`, `Type`, `PreTestInfo`, `ResultInHours`, `Components`, `Cost`, `CreatedDate`, `UpdatedDate`, `IsDeleted`, `PackageID`, `CompanyID`) VALUES(147, 'BLOOD GROUP ABO AND RH FACTOR', 1, NULL, 24, NULL, '0.00', '2019-07-28 00:00:00', NULL, 0, 20, 99);
INSERT INTO `TestMaster` (`ID`, `Name`, `Type`, `PreTestInfo`, `ResultInHours`, `Components`, `Cost`, `CreatedDate`, `UpdatedDate`, `IsDeleted`, `PackageID`, `CompanyID`) VALUES(148, 'IMMUNOCAP PHADITOP ADULT SCREENING', 1, NULL, 24, NULL, '0.00', '2019-07-28 00:00:00', NULL, 0, 20, 99);
INSERT INTO `TestMaster` (`ID`, `Name`, `Type`, `PreTestInfo`, `ResultInHours`, `Components`, `Cost`, `CreatedDate`, `UpdatedDate`, `IsDeleted`, `PackageID`, `CompanyID`) VALUES(149, 'COMPLETE BLOOD COUNT (CBC)', 1, NULL, 24, NULL, '0.00', '2019-07-28 00:00:00', NULL, 0, 21, 99);
INSERT INTO `TestMaster` (`ID`, `Name`, `Type`, `PreTestInfo`, `ResultInHours`, `Components`, `Cost`, `CreatedDate`, `UpdatedDate`, `IsDeleted`, `PackageID`, `CompanyID`) VALUES(150, 'COMPLETE URINE EXAMINATION', 2, NULL, 24, NULL, '0.00', '2019-07-28 00:00:00', NULL, 0, 21, 99);
INSERT INTO `TestMaster` (`ID`, `Name`, `Type`, `PreTestInfo`, `ResultInHours`, `Components`, `Cost`, `CreatedDate`, `UpdatedDate`, `IsDeleted`, `PackageID`, `CompanyID`) VALUES(151, 'GLUCOSE	 FASTING', 1, NULL, 24, NULL, '0.00', '2019-07-28 00:00:00', NULL, 0, 21, 99);
INSERT INTO `TestMaster` (`ID`, `Name`, `Type`, `PreTestInfo`, `ResultInHours`, `Components`, `Cost`, `CreatedDate`, `UpdatedDate`, `IsDeleted`, `PackageID`, `CompanyID`) VALUES(152, 'GLUCOSE	 POST PRANDIAL (PP) 2 HOURS (POST MEAL)', 1, NULL, 24, NULL, '0.00', '2019-07-28 00:00:00', NULL, 0, 21, 99);
INSERT INTO `TestMaster` (`ID`, `Name`, `Type`, `PreTestInfo`, `ResultInHours`, `Components`, `Cost`, `CreatedDate`, `UpdatedDate`, `IsDeleted`, `PackageID`, `CompanyID`) VALUES(153, 'HBA1C GLYCATED HEMOGLOBIN', 1, NULL, 24, NULL, '0.00', '2019-07-28 00:00:00', NULL, 0, 21, 99);
INSERT INTO `TestMaster` (`ID`, `Name`, `Type`, `PreTestInfo`, `ResultInHours`, `Components`, `Cost`, `CreatedDate`, `UpdatedDate`, `IsDeleted`, `PackageID`, `CompanyID`) VALUES(154, 'RENAL PROFILE/RENAL FUNCTION TEST (RFT/KFT)', 1, NULL, 24, NULL, '0.00', '2019-07-28 00:00:00', NULL, 0, 21, 99);
INSERT INTO `TestMaster` (`ID`, `Name`, `Type`, `PreTestInfo`, `ResultInHours`, `Components`, `Cost`, `CreatedDate`, `UpdatedDate`, `IsDeleted`, `PackageID`, `CompanyID`) VALUES(155, 'LIPID PROFILE', 1, NULL, 24, NULL, '0.00', '2019-07-28 00:00:00', NULL, 0, 21, 99);
INSERT INTO `TestMaster` (`ID`, `Name`, `Type`, `PreTestInfo`, `ResultInHours`, `Components`, `Cost`, `CreatedDate`, `UpdatedDate`, `IsDeleted`, `PackageID`, `CompanyID`) VALUES(156, 'LIVER FUNCTION TEST (LFT) WITH GGT', 1, NULL, 24, NULL, '0.00', '2019-07-28 00:00:00', NULL, 0, 21, 99);
INSERT INTO `TestMaster` (`ID`, `Name`, `Type`, `PreTestInfo`, `ResultInHours`, `Components`, `Cost`, `CreatedDate`, `UpdatedDate`, `IsDeleted`, `PackageID`, `CompanyID`) VALUES(157, 'THYROID PROFILE (TOTAL T3 TOTAL T4 TSH)', 1, NULL, 24, NULL, '0.00', '2019-07-28 00:00:00', NULL, 0, 21, 99);
INSERT INTO `TestMaster` (`ID`, `Name`, `Type`, `PreTestInfo`, `ResultInHours`, `Components`, `Cost`, `CreatedDate`, `UpdatedDate`, `IsDeleted`, `PackageID`, `CompanyID`) VALUES(158, 'VITAMIN B12', 1, NULL, 24, NULL, '0.00', '2019-07-28 00:00:00', NULL, 0, 21, 99);
INSERT INTO `TestMaster` (`ID`, `Name`, `Type`, `PreTestInfo`, `ResultInHours`, `Components`, `Cost`, `CreatedDate`, `UpdatedDate`, `IsDeleted`, `PackageID`, `CompanyID`) VALUES(159, 'VITAMIN D - 25 HYDROXY (D2+D3)', 1, NULL, 24, NULL, '0.00', '2019-07-28 00:00:00', NULL, 0, 21, 99);
INSERT INTO `TestMaster` (`ID`, `Name`, `Type`, `PreTestInfo`, `ResultInHours`, `Components`, `Cost`, `CreatedDate`, `UpdatedDate`, `IsDeleted`, `PackageID`, `CompanyID`) VALUES(160, 'BLOOD GROUP ABO AND RH FACTOR', 1, NULL, 24, NULL, '0.00', '2019-07-28 00:00:00', NULL, 0, 21, 99);
INSERT INTO `TestMaster` (`ID`, `Name`, `Type`, `PreTestInfo`, `ResultInHours`, `Components`, `Cost`, `CreatedDate`, `UpdatedDate`, `IsDeleted`, `PackageID`, `CompanyID`) VALUES(161, 'IMMUNOCAP PHADITOP ADULT SCREENING', 1, NULL, 24, NULL, '0.00', '2019-07-28 00:00:00', NULL, 0, 21, 99);
INSERT INTO `TestMaster` (`ID`, `Name`, `Type`, `PreTestInfo`, `ResultInHours`, `Components`, `Cost`, `CreatedDate`, `UpdatedDate`, `IsDeleted`, `PackageID`, `CompanyID`) VALUES(162, 'IRON - SERUM', 1, NULL, 24, NULL, '0.00', '2019-07-28 00:00:00', NULL, 0, 21, 99);
INSERT INTO `TestMaster` (`ID`, `Name`, `Type`, `PreTestInfo`, `ResultInHours`, `Components`, `Cost`, `CreatedDate`, `UpdatedDate`, `IsDeleted`, `PackageID`, `CompanyID`) VALUES(163, 'TOTAL IRON BINDING CAPACITY ( TIBC) - SERUM', 1, NULL, 24, NULL, '0.00', '2019-07-28 00:00:00', NULL, 0, 21, 99);
INSERT INTO `TestMaster` (`ID`, `Name`, `Type`, `PreTestInfo`, `ResultInHours`, `Components`, `Cost`, `CreatedDate`, `UpdatedDate`, `IsDeleted`, `PackageID`, `CompanyID`) VALUES(164, 'ERYTHROCYTE SEDIMENTATION RATE (ESR)', 1, NULL, 24, NULL, '0.00', '2019-07-28 00:00:00', NULL, 0, 21, 99);
INSERT INTO `TestMaster` (`ID`, `Name`, `Type`, `PreTestInfo`, `ResultInHours`, `Components`, `Cost`, `CreatedDate`, `UpdatedDate`, `IsDeleted`, `PackageID`, `CompanyID`) VALUES(165, 'MICROALBUMIN ( MAU)- SPOT URINE', 2, NULL, 24, NULL, '0.00', '2019-07-28 00:00:00', NULL, 0, 21, 99);
INSERT INTO `TestMaster` (`ID`, `Name`, `Type`, `PreTestInfo`, `ResultInHours`, `Components`, `Cost`, `CreatedDate`, `UpdatedDate`, `IsDeleted`, `PackageID`, `CompanyID`) VALUES(166, 'THYROID PROFILE TOTAL(T3,T4,TSH)', 1, NULL, 24, NULL, '0.00', '2019-07-28 00:00:00', NULL, 0, 22, 99);
INSERT INTO `TestMaster` (`ID`, `Name`, `Type`, `PreTestInfo`, `ResultInHours`, `Components`, `Cost`, `CreatedDate`, `UpdatedDate`, `IsDeleted`, `PackageID`, `CompanyID`) VALUES(167, 'FREE T3 (FT3)', 1, NULL, 24, NULL, '0.00', '2019-07-28 00:00:00', NULL, 0, 22, 99);
INSERT INTO `TestMaster` (`ID`, `Name`, `Type`, `PreTestInfo`, `ResultInHours`, `Components`, `Cost`, `CreatedDate`, `UpdatedDate`, `IsDeleted`, `PackageID`, `CompanyID`) VALUES(168, 'FREE T4 (FT4)', 1, NULL, 24, NULL, '0.00', '2019-07-28 00:00:00', NULL, 0, 22, 99);
INSERT INTO `TestMaster` (`ID`, `Name`, `Type`, `PreTestInfo`, `ResultInHours`, `Components`, `Cost`, `CreatedDate`, `UpdatedDate`, `IsDeleted`, `PackageID`, `CompanyID`) VALUES(169, 'CALCIUM SERUM', 1, NULL, 24, NULL, '0.00', '2019-07-28 00:00:00', NULL, 0, 22, 99);
INSERT INTO `TestMaster` (`ID`, `Name`, `Type`, `PreTestInfo`, `ResultInHours`, `Components`, `Cost`, `CreatedDate`, `UpdatedDate`, `IsDeleted`, `PackageID`, `CompanyID`) VALUES(170, 'VITAMIN D - 25 HYDROXY (D2+D3)', 3, NULL, 24, NULL, '0.00', '2019-07-28 00:00:00', NULL, 0, 23, 99);
INSERT INTO `TestMaster` (`ID`, `Name`, `Type`, `PreTestInfo`, `ResultInHours`, `Components`, `Cost`, `CreatedDate`, `UpdatedDate`, `IsDeleted`, `PackageID`, `CompanyID`) VALUES(171, 'VITAMIN B12', 3, NULL, 24, NULL, '0.00', '2019-07-28 00:00:00', NULL, 0, 23, 99);
INSERT INTO `TestMaster` (`ID`, `Name`, `Type`, `PreTestInfo`, `ResultInHours`, `Components`, `Cost`, `CreatedDate`, `UpdatedDate`, `IsDeleted`, `PackageID`, `CompanyID`) VALUES(172, 'CALCIUM SERUM', 1, NULL, 24, NULL, '0.00', '2019-07-28 00:00:00', NULL, 0, 23, 99);
INSERT INTO `TestMaster` (`ID`, `Name`, `Type`, `PreTestInfo`, `ResultInHours`, `Components`, `Cost`, `CreatedDate`, `UpdatedDate`, `IsDeleted`, `PackageID`, `CompanyID`) VALUES(173, 'COMPLETE BLOOD COUNT (CBC)', 1, NULL, 24, NULL, '0.00', '2019-07-28 00:00:00', NULL, 0, 24, 99);
INSERT INTO `TestMaster` (`ID`, `Name`, `Type`, `PreTestInfo`, `ResultInHours`, `Components`, `Cost`, `CreatedDate`, `UpdatedDate`, `IsDeleted`, `PackageID`, `CompanyID`) VALUES(174, 'VITAMIN D - 25 HYDROXY (D2+D3)', 3, NULL, 24, NULL, '0.00', '2019-07-28 00:00:00', NULL, 0, 24, 99);
INSERT INTO `TestMaster` (`ID`, `Name`, `Type`, `PreTestInfo`, `ResultInHours`, `Components`, `Cost`, `CreatedDate`, `UpdatedDate`, `IsDeleted`, `PackageID`, `CompanyID`) VALUES(175, 'CALCIUM SERUM', 1, NULL, 24, NULL, '0.00', '2019-07-28 00:00:00', NULL, 0, 24, 99);
INSERT INTO `TestMaster` (`ID`, `Name`, `Type`, `PreTestInfo`, `ResultInHours`, `Components`, `Cost`, `CreatedDate`, `UpdatedDate`, `IsDeleted`, `PackageID`, `CompanyID`) VALUES(176, 'PHOSPHORUS INORGANIC - SERUM', 1, NULL, 24, NULL, '0.00', '2019-07-28 00:00:00', NULL, 0, 24, 99);
INSERT INTO `TestMaster` (`ID`, `Name`, `Type`, `PreTestInfo`, `ResultInHours`, `Components`, `Cost`, `CreatedDate`, `UpdatedDate`, `IsDeleted`, `PackageID`, `CompanyID`) VALUES(177, 'ALKALINE PHOSPHATASE - SERUM', 1, NULL, 24, NULL, '0.00', '2019-07-28 00:00:00', NULL, 0, 24, 99);
INSERT INTO `TestMaster` (`ID`, `Name`, `Type`, `PreTestInfo`, `ResultInHours`, `Components`, `Cost`, `CreatedDate`, `UpdatedDate`, `IsDeleted`, `PackageID`, `CompanyID`) VALUES(178, 'ALKALINE PHOSPHATASE - SERUM', 1, NULL, 24, NULL, '0.00', '2019-07-28 00:00:00', NULL, 0, 25, 99);
INSERT INTO `TestMaster` (`ID`, `Name`, `Type`, `PreTestInfo`, `ResultInHours`, `Components`, `Cost`, `CreatedDate`, `UpdatedDate`, `IsDeleted`, `PackageID`, `CompanyID`) VALUES(179, 'VITAMIN D - 25 HYDROXY (D2+D3)', 1, NULL, 24, NULL, '0.00', '2019-07-28 00:00:00', NULL, 0, 25, 99);
INSERT INTO `TestMaster` (`ID`, `Name`, `Type`, `PreTestInfo`, `ResultInHours`, `Components`, `Cost`, `CreatedDate`, `UpdatedDate`, `IsDeleted`, `PackageID`, `CompanyID`) VALUES(180, 'CALCIUM SERUM', 1, NULL, 24, NULL, '0.00', '2019-07-28 00:00:00', NULL, 0, 25, 99);
INSERT INTO `TestMaster` (`ID`, `Name`, `Type`, `PreTestInfo`, `ResultInHours`, `Components`, `Cost`, `CreatedDate`, `UpdatedDate`, `IsDeleted`, `PackageID`, `CompanyID`) VALUES(181, 'PARATHYROID HORMONE [PTH]', 1, NULL, 24, NULL, '0.00', '2019-07-28 00:00:00', NULL, 0, 25, 99);
INSERT INTO `TestMaster` (`ID`, `Name`, `Type`, `PreTestInfo`, `ResultInHours`, `Components`, `Cost`, `CreatedDate`, `UpdatedDate`, `IsDeleted`, `PackageID`, `CompanyID`) VALUES(182, 'THYROXINE (T4 TOTAL) SERUM', 1, NULL, 24, NULL, '0.00', '2019-07-28 00:00:00', NULL, 0, 25, 99);
INSERT INTO `TestMaster` (`ID`, `Name`, `Type`, `PreTestInfo`, `ResultInHours`, `Components`, `Cost`, `CreatedDate`, `UpdatedDate`, `IsDeleted`, `PackageID`, `CompanyID`) VALUES(183, 'THYROID STIMULATING HORMONE (TSH) SERUM', 1, NULL, 24, NULL, '0.00', '2019-07-28 00:00:00', NULL, 0, 25, 99);
INSERT INTO `TestMaster` (`ID`, `Name`, `Type`, `PreTestInfo`, `ResultInHours`, `Components`, `Cost`, `CreatedDate`, `UpdatedDate`, `IsDeleted`, `PackageID`, `CompanyID`) VALUES(184, 'Glucose Fasting', 1, NULL, 24, NULL, '0.00', '2019-07-28 00:00:00', NULL, 0, 26, 99);
INSERT INTO `TestMaster` (`ID`, `Name`, `Type`, `PreTestInfo`, `ResultInHours`, `Components`, `Cost`, `CreatedDate`, `UpdatedDate`, `IsDeleted`, `PackageID`, `CompanyID`) VALUES(185, 'URINE R/E', 1, NULL, 24, NULL, '0.00', '2019-07-28 00:00:00', NULL, 0, 26, 99);
INSERT INTO `TestMaster` (`ID`, `Name`, `Type`, `PreTestInfo`, `ResultInHours`, `Components`, `Cost`, `CreatedDate`, `UpdatedDate`, `IsDeleted`, `PackageID`, `CompanyID`) VALUES(186, 'BLOOD GROUP ABO AND RH FACTOR', 1, NULL, 24, NULL, '0.00', '2019-07-28 00:00:00', NULL, 0, 26, 99);
INSERT INTO `TestMaster` (`ID`, `Name`, `Type`, `PreTestInfo`, `ResultInHours`, `Components`, `Cost`, `CreatedDate`, `UpdatedDate`, `IsDeleted`, `PackageID`, `CompanyID`) VALUES(187, 'HIV I & II', 1, NULL, 24, NULL, '0.00', '2019-07-28 00:00:00', NULL, 0, 26, 99);
INSERT INTO `TestMaster` (`ID`, `Name`, `Type`, `PreTestInfo`, `ResultInHours`, `Components`, `Cost`, `CreatedDate`, `UpdatedDate`, `IsDeleted`, `PackageID`, `CompanyID`) VALUES(188, 'HBSAG / AUSTRALIA ANTIGEN', 1, NULL, 24, NULL, '0.00', '2019-07-28 00:00:00', NULL, 0, 26, 99);
INSERT INTO `TestMaster` (`ID`, `Name`, `Type`, `PreTestInfo`, `ResultInHours`, `Components`, `Cost`, `CreatedDate`, `UpdatedDate`, `IsDeleted`, `PackageID`, `CompanyID`) VALUES(189, 'ANTI HCV', 1, NULL, 24, NULL, '0.00', '2019-07-28 00:00:00', NULL, 0, 26, 99);
INSERT INTO `TestMaster` (`ID`, `Name`, `Type`, `PreTestInfo`, `ResultInHours`, `Components`, `Cost`, `CreatedDate`, `UpdatedDate`, `IsDeleted`, `PackageID`, `CompanyID`) VALUES(190, 'VDRL', 1, NULL, 24, NULL, '0.00', '2019-07-28 00:00:00', NULL, 0, 26, 99);
INSERT INTO `TestMaster` (`ID`, `Name`, `Type`, `PreTestInfo`, `ResultInHours`, `Components`, `Cost`, `CreatedDate`, `UpdatedDate`, `IsDeleted`, `PackageID`, `CompanyID`) VALUES(191, 'THALASSEMIA PROFILE', 1, NULL, 24, NULL, '0.00', '2019-07-28 00:00:00', NULL, 0, 26, 99);
INSERT INTO `TestMaster` (`ID`, `Name`, `Type`, `PreTestInfo`, `ResultInHours`, `Components`, `Cost`, `CreatedDate`, `UpdatedDate`, `IsDeleted`, `PackageID`, `CompanyID`) VALUES(192, 'CBC', 1, NULL, 24, NULL, '0.00', '2019-07-28 00:00:00', NULL, 0, 27, 99);
INSERT INTO `TestMaster` (`ID`, `Name`, `Type`, `PreTestInfo`, `ResultInHours`, `Components`, `Cost`, `CreatedDate`, `UpdatedDate`, `IsDeleted`, `PackageID`, `CompanyID`) VALUES(193, 'BLOOD GROUP ABO AND RH FACTOR', 1, NULL, 24, NULL, '0.00', '2019-07-28 00:00:00', NULL, 0, 27, 99);
INSERT INTO `TestMaster` (`ID`, `Name`, `Type`, `PreTestInfo`, `ResultInHours`, `Components`, `Cost`, `CreatedDate`, `UpdatedDate`, `IsDeleted`, `PackageID`, `CompanyID`) VALUES(194, 'HIV I & II', 1, NULL, 24, NULL, '0.00', '2019-07-28 00:00:00', NULL, 0, 27, 99);
INSERT INTO `TestMaster` (`ID`, `Name`, `Type`, `PreTestInfo`, `ResultInHours`, `Components`, `Cost`, `CreatedDate`, `UpdatedDate`, `IsDeleted`, `PackageID`, `CompanyID`) VALUES(195, 'HBSAG ', 1, NULL, 24, NULL, '0.00', '2019-07-28 00:00:00', NULL, 0, 27, 99);
INSERT INTO `TestMaster` (`ID`, `Name`, `Type`, `PreTestInfo`, `ResultInHours`, `Components`, `Cost`, `CreatedDate`, `UpdatedDate`, `IsDeleted`, `PackageID`, `CompanyID`) VALUES(196, 'VDRL', 1, NULL, 24, NULL, '0.00', '2019-07-28 00:00:00', NULL, 0, 27, 99);
INSERT INTO `TestMaster` (`ID`, `Name`, `Type`, `PreTestInfo`, `ResultInHours`, `Components`, `Cost`, `CreatedDate`, `UpdatedDate`, `IsDeleted`, `PackageID`, `CompanyID`) VALUES(197, 'RBS', 1, NULL, 24, NULL, '0.00', '2019-07-28 00:00:00', NULL, 0, 27, 99);
INSERT INTO `TestMaster` (`ID`, `Name`, `Type`, `PreTestInfo`, `ResultInHours`, `Components`, `Cost`, `CreatedDate`, `UpdatedDate`, `IsDeleted`, `PackageID`, `CompanyID`) VALUES(198, 'URINE R/E', 1, NULL, 24, NULL, '0.00', '2019-07-28 00:00:00', NULL, 0, 27, 99);
INSERT INTO `TestMaster` (`ID`, `Name`, `Type`, `PreTestInfo`, `ResultInHours`, `Components`, `Cost`, `CreatedDate`, `UpdatedDate`, `IsDeleted`, `PackageID`, `CompanyID`) VALUES(199, 'GLUCOSE	 FASTING', 1, NULL, 24, NULL, '0.00', '2019-07-28 00:00:00', NULL, 0, 28, 99);
INSERT INTO `TestMaster` (`ID`, `Name`, `Type`, `PreTestInfo`, `ResultInHours`, `Components`, `Cost`, `CreatedDate`, `UpdatedDate`, `IsDeleted`, `PackageID`, `CompanyID`) VALUES(200, 'CBC', 1, NULL, 24, NULL, '0.00', '2019-07-28 00:00:00', NULL, 0, 28, 99);
INSERT INTO `TestMaster` (`ID`, `Name`, `Type`, `PreTestInfo`, `ResultInHours`, `Components`, `Cost`, `CreatedDate`, `UpdatedDate`, `IsDeleted`, `PackageID`, `CompanyID`) VALUES(201, 'URINE R/E', 1, NULL, 24, NULL, '0.00', '2019-07-28 00:00:00', NULL, 0, 28, 99);
INSERT INTO `TestMaster` (`ID`, `Name`, `Type`, `PreTestInfo`, `ResultInHours`, `Components`, `Cost`, `CreatedDate`, `UpdatedDate`, `IsDeleted`, `PackageID`, `CompanyID`) VALUES(202, 'BLOOD GROUP ABO AND RH FACTOR', 1, NULL, 24, NULL, '0.00', '2019-07-28 00:00:00', NULL, 0, 28, 99);
INSERT INTO `TestMaster` (`ID`, `Name`, `Type`, `PreTestInfo`, `ResultInHours`, `Components`, `Cost`, `CreatedDate`, `UpdatedDate`, `IsDeleted`, `PackageID`, `CompanyID`) VALUES(203, 'HIV I & II', 1, NULL, 24, NULL, '0.00', '2019-07-28 00:00:00', NULL, 0, 28, 99);
INSERT INTO `TestMaster` (`ID`, `Name`, `Type`, `PreTestInfo`, `ResultInHours`, `Components`, `Cost`, `CreatedDate`, `UpdatedDate`, `IsDeleted`, `PackageID`, `CompanyID`) VALUES(204, 'HBSAG ', 1, NULL, 24, NULL, '0.00', '2019-07-28 00:00:00', NULL, 0, 28, 99);
INSERT INTO `TestMaster` (`ID`, `Name`, `Type`, `PreTestInfo`, `ResultInHours`, `Components`, `Cost`, `CreatedDate`, `UpdatedDate`, `IsDeleted`, `PackageID`, `CompanyID`) VALUES(205, 'ANTI HCV', 1, NULL, 24, NULL, '0.00', '2019-07-28 00:00:00', NULL, 0, 28, 99);
INSERT INTO `TestMaster` (`ID`, `Name`, `Type`, `PreTestInfo`, `ResultInHours`, `Components`, `Cost`, `CreatedDate`, `UpdatedDate`, `IsDeleted`, `PackageID`, `CompanyID`) VALUES(206, 'VDRL', 1, NULL, 24, NULL, '0.00', '2019-07-28 00:00:00', NULL, 0, 28, 99);
INSERT INTO `TestMaster` (`ID`, `Name`, `Type`, `PreTestInfo`, `ResultInHours`, `Components`, `Cost`, `CreatedDate`, `UpdatedDate`, `IsDeleted`, `PackageID`, `CompanyID`) VALUES(207, 'GLUCOSE	 FASTING', 1, NULL, 24, NULL, '0.00', '2019-07-28 00:00:00', NULL, 0, 29, 99);
INSERT INTO `TestMaster` (`ID`, `Name`, `Type`, `PreTestInfo`, `ResultInHours`, `Components`, `Cost`, `CreatedDate`, `UpdatedDate`, `IsDeleted`, `PackageID`, `CompanyID`) VALUES(208, 'URINE R/E', 1, NULL, 24, NULL, '0.00', '2019-07-28 00:00:00', NULL, 0, 29, 99);
INSERT INTO `TestMaster` (`ID`, `Name`, `Type`, `PreTestInfo`, `ResultInHours`, `Components`, `Cost`, `CreatedDate`, `UpdatedDate`, `IsDeleted`, `PackageID`, `CompanyID`) VALUES(209, 'BLOOD GROUP ABO AND RH FACTOR', 1, NULL, 24, NULL, '0.00', '2019-07-28 00:00:00', NULL, 0, 29, 99);
INSERT INTO `TestMaster` (`ID`, `Name`, `Type`, `PreTestInfo`, `ResultInHours`, `Components`, `Cost`, `CreatedDate`, `UpdatedDate`, `IsDeleted`, `PackageID`, `CompanyID`) VALUES(210, 'HIV I & II', 1, NULL, 24, NULL, '0.00', '2019-07-28 00:00:00', NULL, 0, 29, 99);
INSERT INTO `TestMaster` (`ID`, `Name`, `Type`, `PreTestInfo`, `ResultInHours`, `Components`, `Cost`, `CreatedDate`, `UpdatedDate`, `IsDeleted`, `PackageID`, `CompanyID`) VALUES(212, 'HBSAG ', 1, NULL, 24, NULL, '0.00', '2019-07-28 00:00:00', NULL, 0, 29, 99);
INSERT INTO `TestMaster` (`ID`, `Name`, `Type`, `PreTestInfo`, `ResultInHours`, `Components`, `Cost`, `CreatedDate`, `UpdatedDate`, `IsDeleted`, `PackageID`, `CompanyID`) VALUES(213, 'ANTI HCV', 1, NULL, 24, NULL, '0.00', '2019-07-28 00:00:00', NULL, 0, 29, 99);
INSERT INTO `TestMaster` (`ID`, `Name`, `Type`, `PreTestInfo`, `ResultInHours`, `Components`, `Cost`, `CreatedDate`, `UpdatedDate`, `IsDeleted`, `PackageID`, `CompanyID`) VALUES(214, 'VDRL', 1, NULL, 24, NULL, '0.00', '2019-07-28 00:00:00', NULL, 0, 29, 99);
INSERT INTO `TestMaster` (`ID`, `Name`, `Type`, `PreTestInfo`, `ResultInHours`, `Components`, `Cost`, `CreatedDate`, `UpdatedDate`, `IsDeleted`, `PackageID`, `CompanyID`) VALUES(215, 'CBC', 1, NULL, 24, NULL, '0.00', '2019-07-28 00:00:00', NULL, 0, 29, 99);
INSERT INTO `TestMaster` (`ID`, `Name`, `Type`, `PreTestInfo`, `ResultInHours`, `Components`, `Cost`, `CreatedDate`, `UpdatedDate`, `IsDeleted`, `PackageID`, `CompanyID`) VALUES(216, 'GLUCOSE	 FASTING', 1, NULL, 24, NULL, '0.00', '2019-07-28 00:00:00', NULL, 0, 30, 99);
INSERT INTO `TestMaster` (`ID`, `Name`, `Type`, `PreTestInfo`, `ResultInHours`, `Components`, `Cost`, `CreatedDate`, `UpdatedDate`, `IsDeleted`, `PackageID`, `CompanyID`) VALUES(217, 'CBC', 1, NULL, 24, NULL, '0.00', '2019-07-28 00:00:00', NULL, 0, 30, 99);
INSERT INTO `TestMaster` (`ID`, `Name`, `Type`, `PreTestInfo`, `ResultInHours`, `Components`, `Cost`, `CreatedDate`, `UpdatedDate`, `IsDeleted`, `PackageID`, `CompanyID`) VALUES(218, 'URINE R/E', 2, NULL, 24, NULL, '0.00', '2019-07-28 00:00:00', NULL, 0, 30, 99);
INSERT INTO `TestMaster` (`ID`, `Name`, `Type`, `PreTestInfo`, `ResultInHours`, `Components`, `Cost`, `CreatedDate`, `UpdatedDate`, `IsDeleted`, `PackageID`, `CompanyID`) VALUES(221, 'HIV I & II', 1, NULL, 24, NULL, '0.00', '2019-07-28 00:00:00', NULL, 0, 30, 99);
INSERT INTO `TestMaster` (`ID`, `Name`, `Type`, `PreTestInfo`, `ResultInHours`, `Components`, `Cost`, `CreatedDate`, `UpdatedDate`, `IsDeleted`, `PackageID`, `CompanyID`) VALUES(222, 'HBSAG ', 1, NULL, 24, NULL, '0.00', '2019-07-28 00:00:00', NULL, 0, 30, 99);
INSERT INTO `TestMaster` (`ID`, `Name`, `Type`, `PreTestInfo`, `ResultInHours`, `Components`, `Cost`, `CreatedDate`, `UpdatedDate`, `IsDeleted`, `PackageID`, `CompanyID`) VALUES(223, 'ANTI HCV', 1, NULL, 24, NULL, '0.00', '2019-07-28 00:00:00', NULL, 0, 30, 99);
INSERT INTO `TestMaster` (`ID`, `Name`, `Type`, `PreTestInfo`, `ResultInHours`, `Components`, `Cost`, `CreatedDate`, `UpdatedDate`, `IsDeleted`, `PackageID`, `CompanyID`) VALUES(224, 'VDRL', 1, NULL, 24, NULL, '0.00', '2019-07-28 00:00:00', NULL, 0, 30, 99);
INSERT INTO `TestMaster` (`ID`, `Name`, `Type`, `PreTestInfo`, `ResultInHours`, `Components`, `Cost`, `CreatedDate`, `UpdatedDate`, `IsDeleted`, `PackageID`, `CompanyID`) VALUES(225, 'THALASSEMIA PROFILE', 1, NULL, 24, NULL, '0.00', '2019-07-28 00:00:00', NULL, 0, 30, 99);
INSERT INTO `TestMaster` (`ID`, `Name`, `Type`, `PreTestInfo`, `ResultInHours`, `Components`, `Cost`, `CreatedDate`, `UpdatedDate`, `IsDeleted`, `PackageID`, `CompanyID`) VALUES(226, 'COMPLETE BLOOD COUNT (CBC)', 1, NULL, 24, NULL, '0.00', '2019-07-28 00:00:00', NULL, 0, 31, 99);
INSERT INTO `TestMaster` (`ID`, `Name`, `Type`, `PreTestInfo`, `ResultInHours`, `Components`, `Cost`, `CreatedDate`, `UpdatedDate`, `IsDeleted`, `PackageID`, `CompanyID`) VALUES(227, 'ERYTHROCYTE SEDIMENTATION RATE (ESR)', 1, NULL, 24, NULL, '0.00', '2019-07-28 00:00:00', NULL, 0, 31, 99);
INSERT INTO `TestMaster` (`ID`, `Name`, `Type`, `PreTestInfo`, `ResultInHours`, `Components`, `Cost`, `CreatedDate`, `UpdatedDate`, `IsDeleted`, `PackageID`, `CompanyID`) VALUES(228, 'BLOOD GROUP ABO AND RH FACTOR', 1, NULL, 24, NULL, '0.00', '2019-07-28 00:00:00', NULL, 0, 31, 99);
INSERT INTO `TestMaster` (`ID`, `Name`, `Type`, `PreTestInfo`, `ResultInHours`, `Components`, `Cost`, `CreatedDate`, `UpdatedDate`, `IsDeleted`, `PackageID`, `CompanyID`) VALUES(229, 'GLUCOSE	 FASTING', 1, NULL, 24, NULL, '0.00', '2019-07-28 00:00:00', NULL, 0, 31, 99);
INSERT INTO `TestMaster` (`ID`, `Name`, `Type`, `PreTestInfo`, `ResultInHours`, `Components`, `Cost`, `CreatedDate`, `UpdatedDate`, `IsDeleted`, `PackageID`, `CompanyID`) VALUES(230, 'LIPID PROFILE', 1, NULL, 24, NULL, '0.00', '2019-07-28 00:00:00', NULL, 0, 31, 99);
INSERT INTO `TestMaster` (`ID`, `Name`, `Type`, `PreTestInfo`, `ResultInHours`, `Components`, `Cost`, `CreatedDate`, `UpdatedDate`, `IsDeleted`, `PackageID`, `CompanyID`) VALUES(231, 'GLUCOSE	 POST PRANDIAL (PP) 2 HOURS (POST MEAL)', 1, NULL, 24, NULL, '0.00', '2019-07-28 00:00:00', NULL, 0, 31, 99);
INSERT INTO `TestMaster` (`ID`, `Name`, `Type`, `PreTestInfo`, `ResultInHours`, `Components`, `Cost`, `CreatedDate`, `UpdatedDate`, `IsDeleted`, `PackageID`, `CompanyID`) VALUES(232, 'HBA1C GLYCATED HEMOGLOBIN', 1, NULL, 24, NULL, '0.00', '2019-07-28 00:00:00', NULL, 0, 31, 99);
INSERT INTO `TestMaster` (`ID`, `Name`, `Type`, `PreTestInfo`, `ResultInHours`, `Components`, `Cost`, `CreatedDate`, `UpdatedDate`, `IsDeleted`, `PackageID`, `CompanyID`) VALUES(233, 'RENAL PROFILE/RENAL FUNCTION TEST (RFT/KFT)', 1, NULL, 24, NULL, '0.00', '2019-07-28 00:00:00', NULL, 0, 31, 99);
INSERT INTO `TestMaster` (`ID`, `Name`, `Type`, `PreTestInfo`, `ResultInHours`, `Components`, `Cost`, `CreatedDate`, `UpdatedDate`, `IsDeleted`, `PackageID`, `CompanyID`) VALUES(234, 'LIVER FUNCTION TEST (LFT) WITH GGT', 1, NULL, 24, NULL, '0.00', '2019-07-28 00:00:00', NULL, 0, 31, 99);
INSERT INTO `TestMaster` (`ID`, `Name`, `Type`, `PreTestInfo`, `ResultInHours`, `Components`, `Cost`, `CreatedDate`, `UpdatedDate`, `IsDeleted`, `PackageID`, `CompanyID`) VALUES(235, 'PROSTATIC SPECIFIC ANTIGEN (PSA TOTAL)', 1, NULL, 24, NULL, '0.00', '2019-07-28 00:00:00', NULL, 0, 31, 99);
INSERT INTO `TestMaster` (`ID`, `Name`, `Type`, `PreTestInfo`, `ResultInHours`, `Components`, `Cost`, `CreatedDate`, `UpdatedDate`, `IsDeleted`, `PackageID`, `CompanyID`) VALUES(236, 'COMPLETE URINE EXAMINATION', 2, NULL, 24, NULL, '0.00', '2019-07-28 00:00:00', NULL, 0, 31, 99);
INSERT INTO `TestMaster` (`ID`, `Name`, `Type`, `PreTestInfo`, `ResultInHours`, `Components`, `Cost`, `CreatedDate`, `UpdatedDate`, `IsDeleted`, `PackageID`, `CompanyID`) VALUES(237, 'COMPLETE BLOOD COUNT (CBC)', 1, NULL, 24, NULL, '0.00', '2019-07-28 00:00:00', NULL, 0, 32, 99);
INSERT INTO `TestMaster` (`ID`, `Name`, `Type`, `PreTestInfo`, `ResultInHours`, `Components`, `Cost`, `CreatedDate`, `UpdatedDate`, `IsDeleted`, `PackageID`, `CompanyID`) VALUES(238, 'ERYTHROCYTE SEDIMENTATION RATE (ESR)', 1, NULL, 24, NULL, '0.00', '2019-07-28 00:00:00', NULL, 0, 32, 99);
INSERT INTO `TestMaster` (`ID`, `Name`, `Type`, `PreTestInfo`, `ResultInHours`, `Components`, `Cost`, `CreatedDate`, `UpdatedDate`, `IsDeleted`, `PackageID`, `CompanyID`) VALUES(239, 'BLOOD GROUP ABO AND RH FACTOR', 1, NULL, 24, NULL, '0.00', '2019-07-28 00:00:00', NULL, 0, 32, 99);
INSERT INTO `TestMaster` (`ID`, `Name`, `Type`, `PreTestInfo`, `ResultInHours`, `Components`, `Cost`, `CreatedDate`, `UpdatedDate`, `IsDeleted`, `PackageID`, `CompanyID`) VALUES(240, 'LIPID PROFILE', 1, NULL, 24, NULL, '0.00', '2019-07-28 00:00:00', NULL, 0, 32, 99);
INSERT INTO `TestMaster` (`ID`, `Name`, `Type`, `PreTestInfo`, `ResultInHours`, `Components`, `Cost`, `CreatedDate`, `UpdatedDate`, `IsDeleted`, `PackageID`, `CompanyID`) VALUES(241, 'GLUCOSE	 FASTING', 1, NULL, 24, NULL, '0.00', '2019-07-28 00:00:00', NULL, 0, 32, 99);
INSERT INTO `TestMaster` (`ID`, `Name`, `Type`, `PreTestInfo`, `ResultInHours`, `Components`, `Cost`, `CreatedDate`, `UpdatedDate`, `IsDeleted`, `PackageID`, `CompanyID`) VALUES(242, 'GLUCOSE	 POST PRANDIAL (PP) 2 HOURS (POST MEAL)', 1, NULL, 24, NULL, '0.00', '2019-07-28 00:00:00', NULL, 0, 32, 99);
INSERT INTO `TestMaster` (`ID`, `Name`, `Type`, `PreTestInfo`, `ResultInHours`, `Components`, `Cost`, `CreatedDate`, `UpdatedDate`, `IsDeleted`, `PackageID`, `CompanyID`) VALUES(243, 'VITAMIN B12', 3, NULL, 24, NULL, '0.00', '2019-07-28 00:00:00', NULL, 0, 32, 99);
INSERT INTO `TestMaster` (`ID`, `Name`, `Type`, `PreTestInfo`, `ResultInHours`, `Components`, `Cost`, `CreatedDate`, `UpdatedDate`, `IsDeleted`, `PackageID`, `CompanyID`) VALUES(244, 'THYROID STIMULATING HORMONE (TSH)', 1, NULL, 24, NULL, '0.00', '2019-07-28 00:00:00', NULL, 0, 32, 99);
INSERT INTO `TestMaster` (`ID`, `Name`, `Type`, `PreTestInfo`, `ResultInHours`, `Components`, `Cost`, `CreatedDate`, `UpdatedDate`, `IsDeleted`, `PackageID`, `CompanyID`) VALUES(245, 'VITAMIN D - 25 HYDROXY (D2+D3)', 3, NULL, 24, NULL, '0.00', '2019-07-28 00:00:00', NULL, 0, 32, 99);
INSERT INTO `TestMaster` (`ID`, `Name`, `Type`, `PreTestInfo`, `ResultInHours`, `Components`, `Cost`, `CreatedDate`, `UpdatedDate`, `IsDeleted`, `PackageID`, `CompanyID`) VALUES(247, 'COMPLETE URINE EXAMINATION', 2, NULL, 24, NULL, '0.00', '2019-07-28 00:00:00', NULL, 0, 32, 99);
INSERT INTO `TestMaster` (`ID`, `Name`, `Type`, `PreTestInfo`, `ResultInHours`, `Components`, `Cost`, `CreatedDate`, `UpdatedDate`, `IsDeleted`, `PackageID`, `CompanyID`) VALUES(248, 'COMPLETE BLOOD COUNT (CBC)', 1, NULL, 24, NULL, '0.00', '2019-07-28 00:00:00', NULL, 0, 33, 99);
INSERT INTO `TestMaster` (`ID`, `Name`, `Type`, `PreTestInfo`, `ResultInHours`, `Components`, `Cost`, `CreatedDate`, `UpdatedDate`, `IsDeleted`, `PackageID`, `CompanyID`) VALUES(249, 'COMPLETE URINE EXAMINATION', 1, NULL, 24, NULL, '0.00', '2019-07-28 00:00:00', NULL, 0, 33, 99);
INSERT INTO `TestMaster` (`ID`, `Name`, `Type`, `PreTestInfo`, `ResultInHours`, `Components`, `Cost`, `CreatedDate`, `UpdatedDate`, `IsDeleted`, `PackageID`, `CompanyID`) VALUES(250, 'GLUCOSE	 FASTING', 1, NULL, 24, NULL, '0.00', '2019-07-28 00:00:00', NULL, 0, 33, 99);
INSERT INTO `TestMaster` (`ID`, `Name`, `Type`, `PreTestInfo`, `ResultInHours`, `Components`, `Cost`, `CreatedDate`, `UpdatedDate`, `IsDeleted`, `PackageID`, `CompanyID`) VALUES(251, 'GLUCOSE	 POST PRANDIAL (PP) 2 HOURS (POST MEAL)', 1, NULL, 24, NULL, '0.00', '2019-07-28 00:00:00', NULL, 0, 33, 99);
INSERT INTO `TestMaster` (`ID`, `Name`, `Type`, `PreTestInfo`, `ResultInHours`, `Components`, `Cost`, `CreatedDate`, `UpdatedDate`, `IsDeleted`, `PackageID`, `CompanyID`) VALUES(252, 'UREA - SERUM', 1, NULL, 24, NULL, '0.00', '2019-07-28 00:00:00', NULL, 0, 33, 99);
INSERT INTO `TestMaster` (`ID`, `Name`, `Type`, `PreTestInfo`, `ResultInHours`, `Components`, `Cost`, `CreatedDate`, `UpdatedDate`, `IsDeleted`, `PackageID`, `CompanyID`) VALUES(253, 'LIPID PROFILE', 1, NULL, 24, NULL, '0.00', '2019-07-28 00:00:00', NULL, 0, 33, 99);
INSERT INTO `TestMaster` (`ID`, `Name`, `Type`, `PreTestInfo`, `ResultInHours`, `Components`, `Cost`, `CreatedDate`, `UpdatedDate`, `IsDeleted`, `PackageID`, `CompanyID`) VALUES(254, 'LIVER FUNCTION TEST (LFT) WITH GGT', 1, NULL, 24, NULL, '0.00', '2019-07-28 00:00:00', NULL, 0, 33, 99);
INSERT INTO `TestMaster` (`ID`, `Name`, `Type`, `PreTestInfo`, `ResultInHours`, `Components`, `Cost`, `CreatedDate`, `UpdatedDate`, `IsDeleted`, `PackageID`, `CompanyID`) VALUES(255, 'HBS AG SCREENING(RAPID)', 1, NULL, 24, NULL, '0.00', '2019-07-28 00:00:00', NULL, 0, 33, 99);
INSERT INTO `TestMaster` (`ID`, `Name`, `Type`, `PreTestInfo`, `ResultInHours`, `Components`, `Cost`, `CreatedDate`, `UpdatedDate`, `IsDeleted`, `PackageID`, `CompanyID`) VALUES(256, 'URIC ACID - SERUM', 1, NULL, 24, NULL, '0.00', '2019-07-28 00:00:00', NULL, 0, 33, 99);
INSERT INTO `TestMaster` (`ID`, `Name`, `Type`, `PreTestInfo`, `ResultInHours`, `Components`, `Cost`, `CreatedDate`, `UpdatedDate`, `IsDeleted`, `PackageID`, `CompanyID`) VALUES(257, 'CREATININE SERUM', 1, NULL, 24, NULL, '0.00', '2019-07-28 00:00:00', NULL, 0, 33, 99);
INSERT INTO `TestMaster` (`ID`, `Name`, `Type`, `PreTestInfo`, `ResultInHours`, `Components`, `Cost`, `CreatedDate`, `UpdatedDate`, `IsDeleted`, `PackageID`, `CompanyID`) VALUES(258, 'COMPLETE BLOOD COUNT (CBC)', 1, NULL, 24, NULL, '0.00', '2019-07-28 00:00:00', NULL, 0, 34, 99);
INSERT INTO `TestMaster` (`ID`, `Name`, `Type`, `PreTestInfo`, `ResultInHours`, `Components`, `Cost`, `CreatedDate`, `UpdatedDate`, `IsDeleted`, `PackageID`, `CompanyID`) VALUES(259, 'GLUCOSE	 FASTING', 1, NULL, 24, NULL, '0.00', '2019-07-28 00:00:00', NULL, 0, 34, 99);
INSERT INTO `TestMaster` (`ID`, `Name`, `Type`, `PreTestInfo`, `ResultInHours`, `Components`, `Cost`, `CreatedDate`, `UpdatedDate`, `IsDeleted`, `PackageID`, `CompanyID`) VALUES(260, 'GLUCOSE	 POST PRANDIAL (PP) 2 HOURS (POST MEAL)', 1, NULL, 24, NULL, '0.00', '2019-07-28 00:00:00', NULL, 0, 34, 99);
INSERT INTO `TestMaster` (`ID`, `Name`, `Type`, `PreTestInfo`, `ResultInHours`, `Components`, `Cost`, `CreatedDate`, `UpdatedDate`, `IsDeleted`, `PackageID`, `CompanyID`) VALUES(261, 'LIPID PROFILE', 1, NULL, 24, NULL, '0.00', '2019-07-28 00:00:00', NULL, 0, 34, 99);
INSERT INTO `TestMaster` (`ID`, `Name`, `Type`, `PreTestInfo`, `ResultInHours`, `Components`, `Cost`, `CreatedDate`, `UpdatedDate`, `IsDeleted`, `PackageID`, `CompanyID`) VALUES(262, 'UREA - SERUM', 1, NULL, 24, NULL, '0.00', '2019-07-28 00:00:00', NULL, 0, 34, 99);
INSERT INTO `TestMaster` (`ID`, `Name`, `Type`, `PreTestInfo`, `ResultInHours`, `Components`, `Cost`, `CreatedDate`, `UpdatedDate`, `IsDeleted`, `PackageID`, `CompanyID`) VALUES(263, 'CREATININE SERUM', 1, NULL, 24, NULL, '0.00', '2019-07-28 00:00:00', NULL, 0, 34, 99);
INSERT INTO `TestMaster` (`ID`, `Name`, `Type`, `PreTestInfo`, `ResultInHours`, `Components`, `Cost`, `CreatedDate`, `UpdatedDate`, `IsDeleted`, `PackageID`, `CompanyID`) VALUES(264, 'BLOOD GROUP ABO AND RH FACTOR', 1, NULL, 24, NULL, '0.00', '2019-07-28 00:00:00', NULL, 0, 34, 99);
INSERT INTO `TestMaster` (`ID`, `Name`, `Type`, `PreTestInfo`, `ResultInHours`, `Components`, `Cost`, `CreatedDate`, `UpdatedDate`, `IsDeleted`, `PackageID`, `CompanyID`) VALUES(265, 'HBA1C', 1, NULL, 24, NULL, '0.00', '2019-07-28 00:00:00', NULL, 0, 34, 99);
INSERT INTO `TestMaster` (`ID`, `Name`, `Type`, `PreTestInfo`, `ResultInHours`, `Components`, `Cost`, `CreatedDate`, `UpdatedDate`, `IsDeleted`, `PackageID`, `CompanyID`) VALUES(266, 'GLYCATED HEMOGLOBIN', 1, NULL, 24, NULL, '0.00', '2019-07-28 00:00:00', NULL, 0, 34, 99);
INSERT INTO `TestMaster` (`ID`, `Name`, `Type`, `PreTestInfo`, `ResultInHours`, `Components`, `Cost`, `CreatedDate`, `UpdatedDate`, `IsDeleted`, `PackageID`, `CompanyID`) VALUES(267, 'ELECTROLYTES - SERUM', 1, NULL, 24, NULL, '0.00', '2019-07-28 00:00:00', NULL, 0, 34, 99);
INSERT INTO `TestMaster` (`ID`, `Name`, `Type`, `PreTestInfo`, `ResultInHours`, `Components`, `Cost`, `CreatedDate`, `UpdatedDate`, `IsDeleted`, `PackageID`, `CompanyID`) VALUES(268, 'THYROID PROFILE(T3,T4,TSH)', 1, NULL, 24, NULL, '0.00', '2019-07-28 00:00:00', NULL, 0, 34, 99);
INSERT INTO `TestMaster` (`ID`, `Name`, `Type`, `PreTestInfo`, `ResultInHours`, `Components`, `Cost`, `CreatedDate`, `UpdatedDate`, `IsDeleted`, `PackageID`, `CompanyID`) VALUES(269, 'LIVER FUNCTION TEST (LFT) WITH GGT', 1, NULL, 24, NULL, '0.00', '2019-07-28 00:00:00', NULL, 0, 34, 99);
INSERT INTO `TestMaster` (`ID`, `Name`, `Type`, `PreTestInfo`, `ResultInHours`, `Components`, `Cost`, `CreatedDate`, `UpdatedDate`, `IsDeleted`, `PackageID`, `CompanyID`) VALUES(219220, 'BLOOD GROUP ABO AND RH FACTOR', 1, NULL, 24, NULL, '0.00', '2019-07-28 00:00:00', NULL, 0, 30, 99);
INSERT INTO `TestMaster` (`ID`, `Name`, `Type`, `PreTestInfo`, `ResultInHours`, `Components`, `Cost`, `CreatedDate`, `UpdatedDate`, `IsDeleted`, `PackageID`, `CompanyID`) VALUES(219221, '', 1, NULL, 0, NULL, '0.00', '0000-00-00 00:00:00', NULL, 0, NULL, 99);
INSERT INTO `TestMaster` (`ID`, `Name`, `Type`, `PreTestInfo`, `ResultInHours`, `Components`, `Cost`, `CreatedDate`, `UpdatedDate`, `IsDeleted`, `PackageID`, `CompanyID`) VALUES(219222, '', 1, NULL, 0, NULL, '0.00', '0000-00-00 00:00:00', NULL, 0, NULL, 99);
INSERT INTO `TestMaster` (`ID`, `Name`, `Type`, `PreTestInfo`, `ResultInHours`, `Components`, `Cost`, `CreatedDate`, `UpdatedDate`, `IsDeleted`, `PackageID`, `CompanyID`) VALUES(219223, '', 1, NULL, 0, NULL, '0.00', '0000-00-00 00:00:00', NULL, 0, NULL, 99);
INSERT INTO `TestMaster` (`ID`, `Name`, `Type`, `PreTestInfo`, `ResultInHours`, `Components`, `Cost`, `CreatedDate`, `UpdatedDate`, `IsDeleted`, `PackageID`, `CompanyID`) VALUES(219224, '', 1, NULL, 0, NULL, '0.00', '0000-00-00 00:00:00', NULL, 0, NULL, 99);
INSERT INTO `TestMaster` (`ID`, `Name`, `Type`, `PreTestInfo`, `ResultInHours`, `Components`, `Cost`, `CreatedDate`, `UpdatedDate`, `IsDeleted`, `PackageID`, `CompanyID`) VALUES(219225, '', 1, NULL, 0, NULL, '0.00', '0000-00-00 00:00:00', NULL, 0, NULL, 99);

-- --------------------------------------------------------

--
-- Table structure for table `UploadedReports`
--

CREATE TABLE `UploadedReports` (
  `ID` int(9) NOT NULL,
  `UserID` int(9) NOT NULL COMMENT 'UserId of type customer (type =1)',
  `FileName` varchar(50) NOT NULL,
  `File` blob,
  `UploadedDate` datetime NOT NULL,
  `UploadedBy` int(9) NOT NULL DEFAULT '1' COMMENT 'Employee who uploaded - USERID of type = 3 (employee)',
  `IsDeleted` int(1) NOT NULL DEFAULT '0',
  `CompanyID` int(2) NOT NULL DEFAULT '99'
) ENGINE=InnoDB DEFAULT CHARSET=utf8;

--
-- Dumping data for table `UploadedReports`
--

INSERT INTO `UploadedReports` (`ID`, `UserID`, `FileName`, `File`, `UploadedDate`, `UploadedBy`, `IsDeleted`, `CompanyID`) VALUES(1, 10, 'Report_1_DOCTORS LIST WITH DETAILS.docx', NULL, '2019-09-18 17:47:16', 1, 0, 2);
INSERT INTO `UploadedReports` (`ID`, `UserID`, `FileName`, `File`, `UploadedDate`, `UploadedBy`, `IsDeleted`, `CompanyID`) VALUES(2, 10, 'Report_9_COVER6.png', NULL, '2019-09-18 21:31:07', 9, 0, 2);
INSERT INTO `UploadedReports` (`ID`, `UserID`, `FileName`, `File`, `UploadedDate`, `UploadedBy`, `IsDeleted`, `CompanyID`) VALUES(3, 10, 'Report_9_DOCTORS LIST WITH DETAILS.docx', NULL, '2019-09-18 21:33:40', 9, 0, 2);
INSERT INTO `UploadedReports` (`ID`, `UserID`, `FileName`, `File`, `UploadedDate`, `UploadedBy`, `IsDeleted`, `CompanyID`) VALUES(4, 9, 'Report_9_COVER3.png', NULL, '2019-09-18 21:36:46', 9, 0, 2);
INSERT INTO `UploadedReports` (`ID`, `UserID`, `FileName`, `File`, `UploadedDate`, `UploadedBy`, `IsDeleted`, `CompanyID`) VALUES(5, 11, 'Report_11_COVER6.png', 0x89504e470d0a1a0a0000000d494844520000036d0000010e0802000000956f6840000000017352474200aece1ce90000000467414d410000b18f0bfc6105000000097048597300000ec300000ec301c76fa8640000ffa549444154785eecfd07b85645b6e78ff7ccdc67eefce7f79b3bcfcc3373ff33cfcc7f669ee95640515154cca1b5dbb673b781130041c48c01030a4a3223923387c321c32107c9394a5272ce190e9c9cc35bffcfaab577bdfb0de77040db2bf42e979b7a6baf5ab56ad5aa55df5d3b9c9fcd6c903eb951dae89bd2ce7c32e548df19fb07ce3cd46fc6c1bed30ff69f06918fa3832185145248218514524821fd1dd0a17e40c16971851080f074af19e39ab4fcd9b40669531aa64dba216d5ce3b4cc5bd24634491bd9242de396d4914d94e467e6cd2d46ded282b3fa33a490420a29a490420a29a4bf038aa2c1381a7d93a0c79f4d6d98060125273792df136e4c425a5edbd9907e4c6214ae6020ea5f4b39ebe6af0f4f7d2828a13669b595d74689fc5a92587e09baa185505ca14f972d2d819c4a7172124b946a2baf3f0525d4479af224521cdb8f48a996e20a6346ca5732158a325c16258cfb95f5fa726b4d6ad4028a2bac27d5d6d6e5eaa0a4b58214c700d57e56c62859793c0579341f2c09526de5ff72548b1fd6493f442f92b75bb7e41fa25da164722e6d871faaf5907eb2c4f8821e3d1c19d2d542d31a08c515fe80a4f2ebd3cadf540d47f5d12448b5f1d75f08b3029adaa005e4e5ff06a47ad65fabef4f57d09c53d2511cc38f4ba996e20abd91d2bcaf672d9cf5a180b4ef43976dae7ab45b9b37feb0e3e2db304a710c8e929d12cbd75d4b2991a1b62a9714f5a3d3f7f0aeef45c9db75f6a93b52fd0de2d8bf941d42fac9518823af41d2f5a60e52b6b800cdcfa4213b58255818575207b1aedba53dbe1c52e175509039898675afbefed938394a41f9b5f5bd0ed2ea8e82858ec791131ee0f7a2b02bb924a984a4944c7ecc4f5792d8cde0d9290d81ce1e7a768589744986daa8b65ac1f2dac622581e64d64c1ca9c0a414c779059428c7fd54256bd3ca511cbf2b0f52622b97f076bf4a1d14c77f5914270a4a3c1b2c0992eb6362ddc492dac871d693df516cc5a887c7b125a540c57a9527a5207352fe38864b52b09613e2c8b10518a2982fe66ca354a1404952094a7a2a8eea18d9bacb43ba9628c491d726d567f6c62d60752c6989745971211147c635a4d282c7fa52dd2beba5d6ddef4f68ab14571e47c90c1b8dec97a4cbb349fdc8c98cd1bf7e16d32ad15a3f0a05fdd3355d9bc72ac38fa667509fa09e97a4cb62be027ffe9e7d57dd9c862a2d78bc2a0855a3da5ebe0d9392ca8c919c409731b23ea9b43a647e0f4a1a6dea1585fe36fa8474ed508823af294a8c5c944033ae17d27c224f6da4e1c3d50a929607d9e2288e39290519e28e71a4fc8e5c49e2d96089534c0b93923238b225f1b1d5b1250ad49fc19260a13b15cc5f01c5550c8ad27cb0a4360a72d64671556a23c78f41928ebe92e34c3a10b595c4511df2eba6a06447713cb551b05fc18ad31ab4b0142d09727e1f5299b5110c712a69c6fdac8d929ed55ab5691ee4d4a0e142879e0d1e83a4d5eba6b82a71a43caa98d3cd65e29895f45422b953b555d7c24b525c2da89ed82b48711294929ed292daaad44149a5598a82e6ba2d59076915ad1ba558441ee44f24e5710a2492ceacd89268c5907ee214e2c8bf0b72f3f9ca26e79555b96473f5395b070354f7d920254a8bfb19a04baf13b5d5ad5d66949427c8192c510a966bbe3ee4aac7558cfb5907b9ba8ebfb6fc95516d12ea905cc7da531f52c9b509af8d6834b8e8ba7216ce381c79659428a13699aeb05695fcba4ac112c790b424283091943f48710c8eea3e9b4841812eaf3f9554b1a4ba25e54f4a4919ea593748ae8aa32bc091905f379e9cd84b9e558a638012cb1db39407d05ed0aa411ea56079623e09c5e248288e5f7fd6252140218ebcaa29c491d71ab928accfbe4c6e246fe23b0a8692a494c8c0cfb8ea71a282135e4b9252625c70a2e248257bd4281ab51325388233aec431ab9c78b13ec531bb9f71992069c5386d833fe1090a5406c713ccd74daea2e327a332e3c83517ace2285831a8582229732239518ee22ad6931225685e9bd092440debd639482a2d48c15e682b4a7115eb2027c4d5558a6353baa49ec1be04f3084c6c027285962d3982719c49297856f35acbb51e2cd19f8e3f91f46c902758a272948285da96fe0c56716caed055d753c1bcb2394ae45772fd0a525c5da5389ea494d8681cc32549f58c131294233f2550db4715fda71583fc89a43c41ba8cb6127812c9b1c591936345098e8c1bd93aea06c7454b9c28287836a4ab8e421c790d53fc33d44a096cf114c7935837ee27549f109034523851418ae589c19181f22825ab1543b5488ed2658530272d2833ae2428504b8267833feb20e50cf2074b8294d4b64a71d2eae05472fc418ae3f96129ae954b6a78490a4a73c25dc915509c84ef23adb6dec535514b61721c0939ce448a637055eab0b3634ea444b6604990eaa8529fc244726c418ae38923d7c1b85a4a8ead6ebab25a8ee2aa2b25e1f12e98bdf10d322792ab1847716c4af5e189a3b82a49298823edcf180a722ad5e16f50dd6743fa89538823af11725397d9a84f4342337d9a7d9d47e4f569a7601557518e8dd28385d08ceb5bccbccea338b1e461481a35ea268d1a9e62bf6801cdf845ba34a192b5b9402b4ee1fab4a55d70cc75e80f89268dd2b31ba442be042f9a4f69900a91516dfdb3925721b31aa473f464229c2ed4a2ad4a8869da5769d6f52d67fd3c5d8ce08f910e533ca7cdab70af83bec2ae157a8a34e557ad822d06b5a2aefe74a41ac246eb73ae4f4fd4443beb324edae44bedebc0836d55492a3a9968abe4f5ae41ba93c951f55109f524ed1414d77128d81de5518a9300c515f23338ca9ec256263f61d0f77f8355a0a49263e87ae76c42f0abcc404342c142d864e002b594a8eb385d375d67130966554fc7c5420141034ea04aa3d75139ea814ab1d220c78365e4d664ecdd4925d55c55d5992e199f540e19a79876939f90ea49060ff15afc85e7e1d31bc607aba4a4ed5271d62f5235daf8da7a6793caa15c1a8d751ea764dde44290e47dcd918002647c39125ec8a86e8e5c5bf179d55cd9e246a481a73f3267349026a4a77ec5389dc953a2e3ab0c1e5969c116e32828c72d13ae8fae17641c05ebd259650e5262494857238538f25a2366a652f60de9931aca7ded4937c862ef7d99b9713ac7c937a6274e608d112e4028c1a61226dcd062fc8d69e36f4a1fd7388d8c0809dcc50856a92739c97a94ef30db8fd6068953f4c2b572596d397e95affaa3bcd35fe53b36c8af6bf7711d4af3a1a47fd6c9147b8ebb3165cc4d69505299ae8ad6d24ed546aaa71ee3686223efdbce89621d51ae75510365ac56a9d2d9c65297534eb160ade0703b097550508e23afba6fb1445236ad0b0534f486432507a561f0a0cd0328bf2e720de1f9ea39566db59ef7cd646d284e7e6da4d29cc2ea3ffc44beb60588ccf6577147f591ac84fd55ced446e9aae158dfa3bc86122c1324b539a7e091f96e7b3ad97b9ac5ebb53d7a64cb63a559e4e714d653f0387e5737e90c0dd2e4461652d78e239d64fa45ef5c3727364673391537cab569a5447f2974cc418a2b472c755d75750c48d9eaf65b5bcbb3a1e46bd90f4e4a0e4d26cab14d47c78e093ec1ff7e7b02c59713bd637efa1d1169f6feb81d7aa9c5a9e0598f276a49951c235fabd4561e274aa5296119d8e8851d59398e6b9c1a37b521af966f735712d2554d218ebc8a29662db4eb013396a93bfa66f92b46239aa40dbd2d6d50d3d40177a4f6bb33b577b3e67d1e7a66d41f5f9b9dd279d2832f10cab56e742627db4b800d394818fae8f3e39f7e676ebb8f67b6e936eea9b7fbdedb02c999b748ec802d1af16d80886a958c68113d594286344ded73470abaf5154ae3485e7f72a4519a187a9bf485a8449cd26b5c95c0ba5b470c52cb4004e8cc5bc408fdef6d95f987f6535b7e401726a674ccf8cd4b7def484138b6a20b56b2f43d5ea6b50985906b1d6586df9adaf78ea787fffa85f14fbf35fbf98fa7b6ee32ee89b7063ffcaccaa46b74705a03d932819fe04e13a36f1235b4833a2241d22e3b0b40713c9ca2faa89b65bda1ef22d69276737a43595ab4a7fdee69414fb35b7d30fbf91ed2d3c75fa0eee0db52f40f5809f375b20b6537d2a23d65ed21fa3322fd9ac94028b9d6514669e0edc233e2566166a5411a7de4e8e4401eb8f1b71f9481fcd81b65349136f491e72635ef38ebd9eeb3db8a869891b6108bdd18654f43db3b1598489c4a3ceb39ff4df2675d87dfaace2faedbb759f3decd52fb3fd812b3cc49fd60da032f8a0d63bdd4e5552c3f216c827ba058ff7b5b8ef9cb9bd3da74456732fdee6b39d0da93165dddfa6b8b651430692b9c528fea7767f3618fb69bf0f45bb432e7b98f3051c6632f8ab97c8f9a7abd4c014fa0bd0d6a9594f90e4fffdb53e8a91db5e6d4eadf4c6696e6a1d8b1935af88c4a73e82d288d2a410790fc1d692a0772e58e28c4e6d8df89d28c765c1bc2676c375319f109cddfd58933f6c9b7063dfc2c85236e4b473194a1aef3194833d44573ba80268ca608b955460785e3da727957974b296288d6d54e91475b829b30db391e77fd0c519171c1626a55a636b5d0416ba9fc20bf925346e87a9902c0a9e14da4aefa21ad635e3457388b17a9b589cf1c211a82342f3fb5755f7377b67f336f3898f2f40e51d2d39bd2d09042a4c14f06e1040d67250944fef82a0f1ea292559a662c79fa40945b8bc5f45dbb4f9423c3c0e9c80e79f459467646dbae38f0c4947746f80eac93256ee75b44d9281177fd10d25547218ebc8a8939e9a6253048e7f392a73f5cdf61c0b79f641d1834ebccf815055f7f5bb3ee80d975ce9c2c33f9c6e41973deac6adf9b10a975351c0805702485840c60e2a887db1de83fc36c396e728d29f00939e7aaccaa7d1bbb640cbfab9502144f483d48852f7ca293f9f6acd9e9d32e4b2e037d7baa72f9aedca9ebbffb78cca4bfbc052cd08654610fb026447f256d62d4cd69c3ef796673b7cce285df993395d2773457fde9cee1c20b5356af78bd0f984057564f72ac28250a616099244c4f7fb2e389510b445504066d72d1986da7b0f9ec965dd0160b5385bac0112a6e79a98fd976ceefe339afd78e5cdfe5e89fdd71267ae4d4d6b3c73e9a185c3bd18a108c4de8e988bb637b8a4a85562bf2470a73a6ac5ef55a1f1645aa7b36f4f1b18a025ad911396f9b3e2fcda932513a67be3b59b37a5ff1dccd07fa4f5bf6f29743ef6a8987d035ed6652d22630c5b02629539fea78227391d97e5a0ca503a17643c33d3917b2d7ce6ffb3178373816758caf3204094d1636ff705d870138ccfe41b34e4ff09d7fb7effc0c7a8ed9f012ce2fab97b32119cdeb4f0805e0c15c4b5efaac68ce1673aa3c3ad664ce5494ccdfbab27d6f16c8a0b6b591ca4c2cb4adb000a78965f028cf329178cb4c598d6586dc26b3db995ab6cc1b09acc4cfbf7eaa93d972d66cb743163f6aa7bd8c1dbbc2d99bf7f49e32af4d8fc1b7cb6c1258e036442ddaa364de9356da8ea028eb0f3bd43762c9b548eb0bf6e0872a2a684ffc8da101ebd0cd93990b4432fda277f8a7769371d976eadcb815b35a7c38e4561cc01b1d35ecccebe5084c315fef36dbac26bbad7a9b73a6ffe675140eb6e59ad6baf408b846ddfc8ca55e5de988689b3b6605de6bd96cdcb34f1a387ccf11b517ffd5c628d7c76d67cbc6aec16e9c45b83617479e32d66f5573228699b793ba66f7694ff36fcf4d795c3487361116b036c239a513df53d2b7f62e7f04b53c2e74206debd9839f4dc2c2d1b6180bda8299cc96b3d9bf95b6149ac326e3bbd956a445152262fd56a2146897e38e7366fe6e20a9f65a8eb2832e77a84634499bf2b475e06da7652819d00407fefab98f098938b0177c7c0ae643ba7a29c4915725e9f4232e409a2766111359f9ccbaa3a62062ca8d29b344a622622a2dd5d8638159f4666fa2219185ba4e94e2488d83cc7682efdaeec3cd9932536225544b75920881aa6822628a8dd99733a5751722b2dd2091ba7513f2d193457ade33dd25d6a8628e10eba8c2b64b174a65c9a9dc7078ee2b9f73594c28d48e7b0263a1069de2082a628d5fd975b8397851944455845bcda35da0c47621b2e5e89c173e21cca198b38936e16ccb91183afc9176a7b257c84a5f66ab5747223555229084404c44210a179b8a75fb26fcf5ad91445824344ac7da1bde1b6a8a6cbfe081b48f9a4f4a55268607e12591e343e7b054303aba2a207cfc0db203babacb707328577aaa63edf5b43aaa95dfd3d92f7e8493d053ed1412a6374c079447470409585e1b151d62d5e02ca24aedd01f2bdc3d74d6a0075ad33b0fd6fb83a276536362b7ccc75e3a377bbd29b20e8910e74b09768b6c3a3c39e53dfaa863a1d2ea4334045231df1c157482c7220dc2f9556d257a516456bcfa15601a7e954f46c75ae54cb39bfa59b7a4a373e1f2eda6d82a8611ac493d420e928b4dd9aadda37efb8a387f82343290ca8ccb737496c9faf54b67677d233a3bcb44f02a6b1c67193b76359b8f4d4a7d0f384ec5e9d7897d7410990e33da7697055bf40c7456a8c654557bc357512325f0309b18bb3d67377c346a50b374aa8b6276eea3d5d81b5367b5ee2668800ea200551871ba8f26ce1312093694dc751657443d9d926e62821e863ddaee241307ef62e220d03900c7ea9aa803149ab275fb463ff5a60c5083143a88b4d9d7494ffbdd992aa808cd698e2a3477c17079897069cb0e9fda56f35a17fb00a1063cd8da9cad928eabaaeac3e72a47dcdf4677f775c86224344a1fdf387541ab408ca25649a474f94e9c139e20514b2b42ae758eaaf9803bace625188af9686351ae19f7c45b5c42a0fcba4e43056f5519b186368435c4206e0e567b19c927108525917d997301dfd1b6989e5a8b4c9e19fdd45b8c32ca809599aa735b7797cb15ba131d5fcb1f14ab25daa28e0e6aef3ea7e32b3db5d384cb868cdfbc94336bbd7560cb6647b6467a63e5535deb32f7371ec681336f6571f16245d06e8ed480215d5d14e2c8ab9274fa31e5743692b7314bee2c98cd87090d55126b653e13a0aa6d98aa3035a5b68458fcf5dbbdeac0911644a69d183a4fa203cb4f8d08a914aa26e3e725239102cc9153bda8dda7c1bb2789d1c1110cb011f5e6b6e94a64f704466a106ee57b4d28a1b91792c8b1b0159aa2afbf1d79ffb3c18d1991190b25590086356b7961d24ad19f706ce39a15585d1da961d572f2c51a7441227b64db9713f5c60d929dfebaeb438616c7fcf175d93192f5402a624fabad2c83fc743689ca3c53b9e2f53e986542e3f4cc5bec8251263684c1e7174dc873d4ea7e610c597e310e328f8c988b9268a8638719bd9e12a689d735de58ab5855ccfdf4062baf7a6baff10a46b59b4ed4ec67bb82c0b40abd0b68e209518241460410488b20b65d39d39fecc88a927d83f7a28c23c40208b29fee680ee6cb9266a143508e534f7f7a76cba95ef5ee40c0190283d2ea26da6291abfaeea8c01debb12a3c6058f9095859faa60c0afc745c2ba27654f3062d18eb717f78ddec3a2f4b63d4792483ffa84c1185b630ecbb30f189b7b11e1210e5a469de93999087042a799601a5894db5157fc4dd4f67199968ab3a0ecabc49a024c3871b809304403cd74d00564da42cd0d3a4730a5136d97951646a96ef1effd82b8402994dd7cb6d6ea44d0795160a1fa85eab38993ea940ef4813789a0088bd6707358de9296231e6c4dfbf6e769c56984bd2ae715422aff2c98b101ce07cf99ad77bcb56b7dd3626b2d1d9afee4a95fdb3ca48b941317b819427680ce569283a7c7e5e67313dc2ce8bdeefa7f6a12eda529946714871336b4ce7094e0279aeac24469548ecf1fa5819c95db5033753b62005eb72d4d655f3decd52654baf92d1a92e55cd8b4cd6538280517ee50743d18d320dce10a6404f6b5bb58c37886a252db724e572ad5811d9953537eb2660b7dcf1979dc82a698bb362cf2293d15c70e49c5f886e042219df0299e6981139b645af097f4c3df97459dbe5a73fbe5e90e7882871e043f9625b2646b4a2d7111b6cbd12e9210e9053bdf6dd4119f68a5d2e5f13e60592d580215d5d14e2c8ab8c749ae9f4d359e762561c8e94905dc3d2cd922031944444d028b6a043321ce93721a0a7fb480bc2849f24b5882372456e377b588404e2f9a708fda7ca32ffd09e2becc4b559e53b528559aebe6e2d315a44f84944d1a26c435ae25a96124291d55f881216ddeda732fff41acb8327d3625f6d0bc9136e4c1d72477ae1921dc26941a4275976026aacfe36a2f95df3cef2b3d81c19b570e0ed022591a60852322cf937a58dfcf58be6709ef4d46a15ad059228b69b73b2f5e535e79d9515b16ace731fb1f08cbc3975cbbb43c5a472816e3703a8ab9d0dd4d2e44976243c36531439316c2e1050cdcb3a37a8597a113da57542b5d6655d91c5989e5ac5c4080185bd9e468e8c5cc092a03d9d7abdac0dde88d8e5d6258f5f87033d05a2f90da934888e1f2d1cfba4ace8007ab731a932c7fcaebd39512a3ce230e29356a6dd1503fb428c88dd1a9153aa3c2d1698852f7fa1b71d836bbc68eb3b92234e297938d2f6d757d35bd2bc3ceb5a4964d9ebbd1547cacbc5b622625532cdb1e20ebbb7b5d97a52710f2a51ddeb263a430cabcc2949d6d411b3f3f4b007da301c2aca29561bd10ade6b2d532c7d478855d85ac6ee21e12750d0326a6af429a85efc724f2cc3d8216a5683f4d18d53a63d27c80f394c70edacc78c34193e3b82b2a7e81bc231d0c4f653837fd54ec6ce3e95e8e1c80271837224baa665fa5b37104ff07d528fda04f6d97986ebcfe0dbeb881df1d88be6609e181343aa28882a348db371143bc7fa1526cda998f97cf7914da238d2436315828f81cba28fc391761c13499ebd6b244ff59d9fbf51d413237b7bbd3823ad14ccd9cc2c40b8dd9bd72b46a6bc37eb1950991145a298373a15a66085e048ce6a1389c3ed3b923c7f1cafb90588a27981ec11caa5a9ee47e659aba2939a57acaa36914669da1b53182894e8a13cd68cd8aad81ccc988bb6c4ffbec4ff5da729b728d032149a514fdbfdc85f489c743812c92863c5daae71d4717492f5a7646c7378feee737a2b0339a31ba78ef893756019597b63c1d8b9023f63ea1c989f7e3c915690931f99d3fe3326a0bcae6e679fee5f6034f2484e3469483f7d0a71e45546c169a6b34e6723a190191ebdafcd6ac434d630cdecad92992cd7852c1e85822309618938923cebd398475f34e72a247cb8358c8072b674ffc4456b3ecedcdc7bfcc595db354690bc085b664e4c5d99714b8ad347755399aaad1285e869514b77811136560a118c2e96e66dd85bbe7e7fc5da0365ebf6557e7bc49c2894c58635c0eaefda32df1d1f71bfaedc044779b649b724519e65e3d0c019443d14f7944732552e549e9bb7e1dbbe93d77e9cb17df08c92357ba475fa6557166799e59d06b348234a16157bfb189903ee48ad58b693908d384f071b2e23df1dfb6e60f6f22e83377d39f6d084a566f719173a3d36a2fceef37def6b49f8ded8e60bb37a7ff137fb2ad60995acdb5bba7e5fe9dabdf91bf709ec83d951a5c9dbb48fb318c1925803322bf7edfe60940dc16255d6b3fd8367887de47699f442ba00aebd504e4fbfeb3371dd2723770c99293d25a6a349b5ec1008afede90abfa73a22636f4ed35533aa0676cb2d433d4f876f0e46b69d6281973e5a6924964669b74ceee3eb1aa3c3ad76a3a46cfe779c659d11361aa76916a46d27b6f499b4e8edbe8bdeeefd6def4918c1b71b42654744f2fb73873ed006218812781aeb4541e29492dcd7de60ef6b2b40a12fb4658703b20ab0e8d62c7f2d1e4772545fa5b9114dd24e0c9f4f75cfa454b1639dbbf8dbcdbd276ef872dcb9059b443ece5fcd39dbafd2c8a9d18b180ebaaf5f60d19745749854be230aa396290718f8ae2263676ab61dc7324bdeea0b91c149b42d1860931d26f2fbc4325cb3218ae6984a1e8e14f420432c0377b1f8a27521c685e123530332cea9146976ec58f5bd76cb4cc192ad3a761647fa384350a9c591c0978b252aad7ced5e3b373dd279aa54b37a5fd9940db2472553d233e6e0dbd34a96d92b3abb432ccd31e38a4dd5d663db064c5df9c1d0cdbd26c8c4d9734e1d80e46985927bcf0eb9bb259785002074b308e92ce530081ac35cb966c25f6bc591aa83dc9a78a08db95025fce203763bb046c0a858f26ce5c087da80b192e2c8f1373123baa3adbd1a57ad04471261dc98c2a90d39d29f411c299aef3ca3632d57f26892efe1489a5eddee0bb3fc40858d0c6252e2de9a0398fac2e67d62373bcb3c9b941a46c1b23116c24306fec8ea7ddbbb8ca2a1a8952c8e149dc19db13872d4cd767cf3757cad587882e3eb0fa823dae2588556d9df30be3ac73142fe6299da48403ddb964c936a71e0094bdeea8d037fdb7b8238705c4864313a949b715f9b4937581cc965a78f2343ba7a29c4915719b9b015b73e29282436ad6ff3f9fa0e0356be3360f5db0356bc336041a70179eb76eb1a23a19cd95e3b8e2418812d8e0f98cde42732487460e613058ee58d4b799795923832c2be97b767d84c77a75278107bbe72d8ddad343a38ad1289868844b42e8fe9b0aa45a1aa39bf6647cfbbe5b9c6e1b74a9c2233f0f6d4e92d3f2c5bca5264791c9599c2999b58fc2635b2df81f3ef6bb3a84c7fa68b3cdd254baed51fc5ca4cde8aed598fbf82e6a0048e59b7a45337fb990fcd2ee23b5c36e622969e9eab18f3d8cb2c3f28a9da8239567519a28f36da1d012bb3c86cec357ee0ed69a39aa467de9a8ecc914dd258f636f6192f2bbabdf1ed092c8aacff3413ab625b800eed8a1ab6774a9fdd9b6af2aaa25d838acd170fb48013235892c70c209ac86a2c1b5174191831a57517d9c9f0365a2c38288d142e979e0e6b92425b10e335e4b6b429f4546e2c8aadfd68ce226a7beabfa6001c91bb7816477ad6b023d2ebae181de8f2dc173f35db4e5abbf99c50a159fae2170c2bdd441aae8586a3fffc866858e9a325ec566cb60c9ed2ff4eb9d1cf92866dc930ca0bdfeb6bf24199de9d35b5f0ba8f4765dee4bda1ac2f2e04c94d042579c4f386d4d56d3f5fd7413c5f69e1fb037236ec91a5cb2d63c5d1fd482403f882fe8ffe19bf6c674e545245f7c8e46aaad0acf97cf480a629288cb603ee485bd163843c235be5cf29eb36c31f6b37e1264124c84cc4914e5b32b4e22ca33b888996e1c8706399251d07983c6180d3b34ca1f9e6a35130208a2ec4e148915621b75f3fbd3795a1876de86d025bf17c50dd5486f8bbe382d2dc28e3364566d12b3d691481e20f2a2dd03bc0135eaaef05cb0c6ae23903193c4dbd9453cc3e9c530dcb9192759d87598fb24083e6983fc5e6bb9e13b02175d14dd51b7477ab6f7b4d3485561975277180c8961e594c1c001076f376f51c8e8433705f5b8dac64e1a0e880cf507d75c7412ece880e36ac49bf90506c96bd3f0809d6c7bc2758300284401c587124fc6255b4aa1053d059d756225197a382ad288e14cd6516c4e1486d05235893ca7871642018af6e0f363717ab307eb0bf9f3fd8826b5a78301a478d249076211647dacee2998566647379163306477ad7099eb7e4afb4de62bfbfe164221fb2e32b6d71a4aea255c2e3c43fbc214ec2803a472a31dbfb4feddf4c02ece89ba51738003eb3ec9dfe3ab29a84b3d86cee262191ee5bcb47878f8ccb877415518823af32d23805c5cd372dcfbe413e0f4958611a73243c11594e4f59c9ba185c87e6bff925518c35cfcd5badce2a4234319b4f5b7e1f87954616751b4c74d086348e0cbca7a5399a2bd1cdc591e2c882361fb9bb7b4e721c710a09b4ae38522a6b75ef9e514c2de504b6ee1c3d57a06495307bbdc83733da76e7ace048dbdca48602cb8a966cd3ab6461436c7984ebecaf1e6829b7ff6cd3706acca547437ef7923920b79ce0d4c58e564e662d246ec2003f7193d5575e5d0cf294999dc367f7bb43564d7d4d5e65f213550f4d58acab9dc468e957a478f56e04d21de5948cbdf94b9e5608b5b260c0e9a8d00cbe4bbed5a746f0c85eb57b121ab460640b80d7f45487a05ade3c285bb7aff7fd2db18908f71745e4b0500d7ffc2573f0bc3eed2a5da09592c8a951d25365c35be4f9488b237dcd75f725aac3b406a215d2063dfa9c8c3ea360a5c9ea5866ce8f5a0af4c185d0108160b58d9f8f1581d5321622b32252b46a17c094550dbbf932a50a8069f7e0e9a64c9fc4b0ab26970a4bb7314630c0a6760b66b4dc113f31a68057ebfceaff7def48393c63a5426dcf1f6271244715a8d246de9cbae993d17681b4ab6c44b6f30b97ec00c4a024fc588026fade9e7a71ce06c47ad715685b1cd9d26b1ccbe7f4eb44328440284ebe66b88cd9fc996719b79617ae16cbd856bc8186999fb8c7ee813350430c2d96914d569c5cc7059518ee20f2136978c2d21d000e0c027a401419ed2c638787546d3f1ee3cf728777230da19b00c176f64681453032b21591f225bbf4798f99feb7e2d51bb547da47ca211a224f60c14ffa354b93e789edf586688535cbccd68cd9839acad7b8e4f6b7fdf854f60d2d910c4cdf3b7931973a304a05ab55f9caddb48b3424f746da6e416370d4862355373c1f521de854f1bc2d88f27a8a0e969c3e17176cc6925a1d28698f9ead18686f3f323097bf078e94d1117bdad8a5385299e36acdf905b552710673be8a16a9251bfad4ca3103ee16f783d3f5170ab625cf35d1968df6d2df2438d25e75f83852bc173bdbf1a5fa2c7f7cf5a8a4799a80d43208d9faf1181bbdfd5dedca48de9a5db89c9bfe5a85f58890feedb069729f8421d335a52c52b170070b0d9a334ccaa96d9171f990ae220a71e4b54ccc6aa29ebc8751e6ef09c90e9999d7218a2399cc70eacca7506e03e5c8f248b0167ed69b9325bdee6781913f9040809ed45000190bfc99051b459abbd02c89aceb38585768185c4450c98ef8498bb2fb550f1ca9fc0441e263e992edba1e8856b2c0d794aede0dbff2500bb6eca7de9505d5821b114be42a3233d23f40abc9f2b0a35d00fc9d2d621c57ccb35ffa581e03b0fb3d9e7dce57819388aa044d2a7efdfc27e8291a2ab190e75464fcb21dcd694f559ad361d8a3edb8fe46943ebd2e3273ab06dfdb0a81715d833005115ceebba1aa6ba2d00c6926f7f282fce4b5396d65ca93efca62efaad89ece6cf121cb2a0dc1af8ab95a9937a54c7bf563a9821fe8ba0ea63c5739f8976db5a7549c15c091623d7f443c0574ebce5a0fbcb8b4c750b96365b18bac7315c6ac3ec4daa066b13ca9fb46cd77f734a5c5b2c8b62fc7e339744d1724ed23476a8d7ffc35b9dd26cf605822b3e73c1706224d514b00bb0489de696795e07784f39f988af38b8918373194c5916e2f44d9540847d0f9f9b99b982c9ece35350cfdd237fb00bf50128c38bd614bcc85ade6b495575b3c4b22b63c7271d116baa657087513adeccf945be754f4bcaeccc86b5e562b372b3966db2fe68cff6d7bdf32d63f516fcff921dee7050458381c1945064b77e057303067e91aa2d44ad6a5d3a6bcd0cd7a823f2eccf133e57def15db723196fd9c3d9b8023d1444529e92772205555e56b9e2e30c1a7bffc91ece2dbbbd5a2159a9fa918fa683bc54f2a4af95192ebcf3e8fb73505f2d805b346e02256bd58d5e7815670a2f6573e8e449a7b3ed2bbaf1d1844ab8387235178e0236d058dc97ffe3d077f0b4dee7123e462d5f007da8e0bbc414c86e638dae723af211c693d818016dc8ff4bc658940407b551c15ae5bf59a87dcc872c4024747c8d4c62c2281685c6a36f619cfb4b212c4fe320ad692343df28fed65f79dcb396b7c998f3b2ee875ceac5f081b19ed8b6b5d332e1fd24f9c421c79ed90ae61cc46662fc49c67556039cf9b108f23bf7e5bee6bbb154b6b7164ce4ffa4d7b73c63e5bc6b40704b080ad3ec8653d67894430430827641cc85e2a2b90c391a56653d7918a2361705140253be22712bcbba897c29130cfbc4ed003da4e7ce26dc5735e15d6800233ea572fbaf007b8d9de6b52b4a7c82cafc95dbad5df514b9de65ef1b660885ad41518b7ee206621aa4a2de2758959d0b10fb899d6c1317b86cc20f0498b0a44cacd9e090b694bfb95d84782acd97b5e2c83a975e12f304001bd52571e325a05530471a4b44213b138d235446457c3d2face2fbd9ecaf37062bdc8c5655e4f5d2d4885b03291e9dd2cb57ac341960d92447f6a159b45eff463d0113bfa66fbbe762d38d269cb71ce2f5a60b731a916b2db3b68b2ced1cd9d17e90bd254011c6f7fd60271a1ea1a593ee02935dbbe9a807d90a343a69c36d3824e990da7ccfe1cb3ffa21cf7e5988d271002cfb4862d2f892383ce0fe0e30851fdd4148b23190aedb27dcfa6361c39e4d614f95014ac0e20169a71bf6d4f7f3d1ebb53c8823decde67a4fb3a64b806037db40018add2ea26e0a658c6e248690abf2a33dbbf9accf0c55a861e89c08c5b523ccb1cc03839666f8ef9e6a432333b30b8872383c8c0e248f4648e8b71ac4032737fde829820ef3e9f2ad5b1137e8b3686fefe65789029fb914c346b04c13d15c6ed47a29b7b86848c1a8dd9a4c25d43b061e16dc367a009d00139562b733c6b31134ad4f6b5228f9cb93f97bcdcb9de7d5e6f3b88e5a99b6f32ffd05e257bef6bdb2b490f47bae723038328622d8ec40770e9651f0c51976682c9554155e4d4b6fd12d9c4c92db22c31abdf1bcc7582aacd513348b3385262142d7ace70253852df7d49c4916ffe8838f24d6ac5e348c1eb3a2ed1fd663aeefe44a41b684aa84813902e1958e058c602a61566110958061cd97702d3cd76c4c391d4851ff5061312d79f327b2f9a4339e6a075e07527dd7ea44ad6be5085bcb61bd25544218ebcd648e7a11e753ff2e2c4008e241ed9effe381c199cc3849249cdda7ed77ec09ab7e4d9cad56f0ff8e6cd012b5af420582b1b470d5bac07f2b60d71ca01bb62b3c43e21871c0dc4b0718c46078b03f889847ae2485b516e7e4d6ad46250d3b4d2f5fb60b36b80ad526cd6c81a207b0f70120acb97eda6a70894e8c64a536c16bedf8f4542e4d8d54583234d28d15fc1645f4c54fb8826957283f8c8a4a568080317cd552bf7e8ea2567b15e8999f9ce971844571dfaa2d6d33c6866d4cd69f229e00bf6b3e4b9f678c6ccffcbfbb4058f5340cd4215d476f7b5a509320938528dc64f8dcbc0faaaa5d25374763d5dd0a95fd62d447ca908056bcdb8be85de60dafae544223ead78062c33c7262e47615af1462401472a36d51b9a4823cf3a475f06ffe165c12e76d78a31114ff84e3e0b32fe26e920ccac585bbe9a886220099a421e024b371decf9408bb137cb27661cda831970c35237a2893c5631c43ecf878331b23484b420d11d354b72f2bfaaad84f3bbfd4831143ac4e248aa90e1880e1c69d7e48abad1dbeb0566d03d72e3d5f1c0cf822da376ba4418900991c93714aa899453332eef88d6e57140b18c68654d1d51cb307dd42618475fd9613d06d0003dc53296e8142ead781d7f900cc8cfc391f6e952ffbe366ae30fb0a1153adb2ecb3500c8a6e69b838a51841faf2e3413d3dfc74960cb561c19dd8f34558b77e9f6275844ffda78907404e37a8a92c56b9938de7314d2c712b3f4b5afd09c261c9b1a1f210867c4cdbc1d723324cf1233e8b499f3c47b3a4c75e3c84442320273176df55123558c29aee9dbe61d999516738b56659182f95bb015fcc167009080d935465157aae3c4d7048e4cbcaf5db9641733579b9e73bd37beea8790e6a5b946326d6163107711334b68c1dfe5ad8c146d39d8f75e99da70524567b7aa474f09b3c41f5af1a7b6ac4d88d28e8774b5538823af2972372394823892a821d1109c14c09154d1c9acf399394f3022e8d807a50512c186105d84a4090b536018fe483b5971dd6664550d012bfb4f1d822b6e3023d52f1f4792571c494522d191f14be908cc12fea85212399c319fa8a41d91fd8c7d39844592c46b0b0226b7fa40d76644e925b2aa647f0a1ee2ecead7fab0c8794b05b52ae56135baefad01bbcf51428ba22771b9c88c6dd5090bd028122004faf245323287354d27e2f7bba70581151ad2ace5989be56fa071d691aa4161521c39f4ce288e74e11890c4624046b4da434fbd6f192a0e98f4cc076835ebfa963040aa15fe60f362c3acc6a92bdfe8ebd95cf7562b4cd1aa5d7237d6e248f7be36a610160f477a46836083c808f47cf5d318b4516e2ae76e85196f519d316c76ab0f643f5bdeb341a26c7181624fcd5d3ff4e1b68a849c5fa9e438a2bf2c5d71778abd53b590abab34e2b6b4181c293e639625e048d7bb8c7b5a63492fa9339c296580e2a00f266545d40ff5c126b682b9c88c7ab89d72224d9955b2e65d090331add5870295ec9d68a98e9c72671981d4c8d1b9aca3494687920c42b089e67142e08e8723e53eb5c391ee4ea5ece0aa10ecc94f064866ca9ef3ead5c24feb0566d4136fc22323f27c8f9891ad30569a0ca8d347096625f2da35ed236c82c8f79c8db14fb1999e2a1347991d27472a92c103192f264e1f3b6bc870358535e8235780a2b38fc6bce7236bc1913aac3434e2e1e7ccc56abccef9f3f9753b3fba3fd5ac39804f8ae519e50a798e65c0a36db1153852fbe54bf09ebda13a245df897c59117fe563892ab0e2ac2831ca4b96155a2449bd016c988b4f40fe5a1054601b32895999c591b706002353e36f9c6982bba20798bd4a59e00d1dec51586f4d3a410475ecb44700425c4e048e251e0be363c4c693763dd5457d2f0e19db52b3a1196c2e1b7a6edec3305995e8096082b1fc101d27975fdf755556c902841423d71a4236a813c36f61c272b9c7daa4c6a95454e4f5dc38aae1d91c87bae92c88b562e5e0f7eec795921aef3bae354d25638ca5afbd47bb25ad4f81fdf011cef3899714bca841bedea7542ee0006e3f280df88cc3976d521ce4e6f98cec5b74a53f914c2e06862e3249fad716a0822b138529328901c47a666374cd1d542f666cec9bb9c6855474fa92810bc514b5d1705e13dd5516deead8b7467c749d6c5490de5ef6527e0485935754cddf509ad23078c726ade37b2065b7c26d24accf62ea358d427fa6fcba28c40e44dc71859ef595b5a4455ae048e157ed373ec90479e036d004991093f9a6b4f557feffac1b79567ae4bad3d7184f30b8eb4af27cb928902fe7b369c55b3d09cbb7337fae1e7b180b719693dc19c2ed5ad1a71e9c066b6e0a4dd67a43b01f43ff637afd06bce7ada26e803710a1e19f48dc7b07fa265367c317ad0a3cfc18065e0a40a7ae2e154c407f45a0852f7a01cb8e39e8fa48f8a0cca033b4c6a5510e4cceb5af01310d0fff1e7054958dc29ade306b9a6df43ade1672cbcfd48fbcd01f1ae4a93b76af727f7d9bf9eecef8942836f97f1a59521b7c96e131555310839036f4b01824bbf02383bf31171511892da475b87012203e1691c710c7a5d378e44208404886ee239a8246f8bfbe1421558fd7926a86e77cf095ccf787e8bd98bcde2cede5bdb581552c7c0503fc4f3913f088eb41fccfa217024b83cf17dedbcd5c0ebe64c6a263b23cb98428caf0cae7f6700e13afb680bf312a809f82e02786d790e3cd63930b5a6fa1b9cb46eeb0ae954721db9dc791dd24f8d421c79cd12f396889c1447ce7f2b398ef4e8fae80d47cd7b67ed135154ccf8dd2be64c3981c38bc5449022b3a4d3200287fb2b05f1327da290c0775938922a331ba48fbe39f5eb377ab985416a95470a166f27fc6947be7aa0a5c447bb8f526564212410138e89658466c4d2ae6aa5514cd5e3ba79e42fdba1bfe8a0c4da7a346f6493d4f137d827c972e4b12a590074f7a2c0f47c405e5b76381239baf0d004197b4347be468456c46e5635f2da2e3c8ef4275508b8893832785f5bedcf523aa591bcea242bd37d2d6537cbe148ec9f53ddf39ee6713da562760386c36b9db3d2531f474a5b98e8683eeb848e483c8eac8c5c58bd030be04223ecf792f4bef3b05f3e7730631ec05100b72a2c5ffbcb01fbe26fb4ae5711c804aecd6ad9457a67bf452a44e288c2a5c69cadbc3075cdfce73f1d748770ca1e86dd33d35eabe6ce5642feda9394824b913273ac278e54f9b49ef54bc191742a6a9fd3a574595512661f4fcb9394bbe2f7231d8ed487cc5cad206943f234aa67196f534784601e7ee2e1e72a73a67996010f0102a822ed5a1f70da52828f7176da735de37064d9d25d400a94514e869e234409fe76247b992995ab26efed93f24864fd41f8514ff40747e206ee2b57a877b63867c5b692c53bca176d2b5fe41d4b1753b2ad74d18eca053b2e0e59e4f605d18a86e41222cfbf30530a7c8500ad9453ab2851c88830d3e914936bb6fddc0f85b8741c8e4cbcaf0d9bf61499baad38e08eb4d2253bf55a57702723956b32fef0322870ca5f3ba89f7b03576e2e2eda22e5562548d5bb467164f4bb3ff62e81e5f1c6775bc5426f6419563d32d632be43178e6e2cbda621687ac396983dbb4d179323ef63aa2545142652073e5f95336dddbc173e1d7cbb7cc74aa7b6eaacc790ae310a71e435453acf95f8c90426ead5862389dab031c3e174112d8edc35a81e0955836f4bb9b8e43b599b2d8c1099e4371c619160115299caaf3235ef48035ffd71a4fe44ace0c857bf90f53280238b97c97aa980a0d743ade46c859cf2e2f5b9aade778bcec450e4d02ead2bb38ae5c8d9cc879ed375254ac7f2c1917447a2f90582638d58afa6467064bef9e27e798c4c71e44459d705294e6dd4727223416c206f351a7947fc8c232d4442d2fbdac99e8f8ce2c83e0fb4521ce9ad4cc4ee7395bdee161c090315c950c58d856b4b7b6a9bb14b08263a561083232d4c674ce56c75a4e2f8f96d59730e667e7d60e4bc0323e79e9cb4b278e54e73b654361e2cfa916329424aa6a6bc1f45123ea4a369569125af7c69ce544b15912c7f958ea3d445ed32e9ac397871e7b019594f7600b1e1965457e4ad429292da24ae50498da6470f4706ef6b27e048bd3a8230c2e8475e50fb7816c03e763f9253c2e94b8650d5e2486f1115c9011ce9747319d5c7cb5b309aa596395da1ea6113bb3be85b8639854f1ecadd397cf628cf32520b9d21c4aa40ff3d1b70a468cb3594cc47f922e0aecfeef5bef98711e42b804d521082e76c1b324d24d3845bfe4b223bbe1897798b20d4b137fabb9bee0942f48118e80a5b2b78948c6c459b0d47692bdb8f15984bbc3adfafab54680635938913340504e28f2fb1d78d328feccfd93f975d580f473a5c15c091d8932a10ed5285292070f9d7edcc05f9d8b89d23f2c703cdba4368451819747b73fda32ff225791de50b55c31f7c56ff0ca32a40e69ac491f883fc357670a4fd7b36d2292c09215f4733667ced9533977c1b0fe33fae5d2e956934e396d4652fab038b345a4455cf50d4a510373b7071d7f099639e788349344e90a837520809e95aa210475e53c43c0f92e248fdee0ff35c2639f1a21e3852abc7e589ceac167b7a4f919543d7060d19e7cac6fff9cd2cfb976a558eab9b4830d0e215e048013ab5e048fb46426a521cf995dd8f2486228776695dd1033f95387b691c291b6ab6458b2313f62305474e69c84f6f07c50987b41789a48642426d3812c95a1d4e6b34b9af3de77a56e2a438929ed68e23ed4e1ee50e47e209d216eb87bf1f39ba718ac3919a44136c08a029b15801bcc88ac202e3ae1f6028976700a6a475cab825854659fbb5771ed9bfb808941cfdfbf6e7bfde608aadb42a69406113224408fadb2f034496ed9efce43b239bd85db1a09c04529bc41542da5f47387fdd3852d95414aa26dd8f8cc391ba63cad5942cd8c1bff9048e7cfc55d55cf72321a724859a51a2dc5a2615cbe4ccdbe859c6de4fa7e998f518cb1478960111229fd1d45d7fe4c4e0487914d0560450ee3fb3a6ef84ad3d27ecfc5c8e5b7b8edb3f70e6c519ebcc810b3294884538c408e0d2072e0cbda79548b6771b64bf2a38cbace99410aec4750847efb35695a662cbe121fecce548d7ea8f2383c42925cd2387a3ba741d3812663487b42ec30a585cd563b8f4d4de9da70adebbb757b6de9f656aef1e314bfc19bdd4ce2591f5ef0de22c0de9430e8cf2b58423590860c0321e8ecc97f1f570a4bd6e0c0e2e797f7c6dc7ab22e55b0e132554d560bb4cedacdfb7976fa9123768ab8a6b6db9921183bb3b0f448f7cf94bee539f784b6ef2e88556e0de82bbec0ce9eaa510475ecb54f77ee4ccd8fb7ac18a4a3adb61d0b035f2e6d4d9edbf90e5013001002062d838b5acd38091377b57abca99541ae40250fd71a41211308a23dd4e89c591fd9b5940d0204570a47f5fdbbb9375dec791fe9b98aea7da0a47ced68123e5be3638b23a80230bcc970fca4704eded36a94eeba28095a6f2b52d252d771d71a46ac0202b6eb2effe20592baa4c15c56230e1c6288e442b4846e17c55afbb9bc38356da3a55a6c77e139bc23a70a41b115583048f2e09c005db10c8cf432a36a180d9357f75d747e44fef24457e7a1f968ee06cf02c7cf173b3f9a48c91e051bdaf2a62a39b70f8d5c58a9d03a70fbabb955b2f457f7fd5b9dc2507e0757c5af2fbda88d551d35d340823d48123a33a58b2fb916763f6238bcd98dfbcc28c83076b2b736d8404908ab54c2a9074e14b9f9acdc7ed9f33f5401eda5618798f4a245342172e56ec183475e03d2dd532a88410a6b0dd41b40f24b8e71dbd2af66fa22210024993478815aec32a9cf8f3b9ca59ed3e52608dda598d639e9ff3ba264364eb2ad16b2f638fc8df7858deebf7c305ba4571a440129bf177d9b5218e89a475b56b1cb10fc7593f9777d462ef6b5b1c19f80e799c9011b7a5e52f97cfcd6a67b5f5697f79d7626579297e6aeb2e82a5ecf32ac2501e2999ff2d3ac38057e864f929e1485beb6f8423b164ccf8ca24979928195b82e7c8f86aaf397adda751cc2553fbd694052f31b58f4b7086592eae2450409eff2087b1b850b163c0948177b7902d643bfb5488f642f32a39a4ab8e421c792d13f3fcfbe04847131bc99fde9adafc3d73a6cc3e10638970536c0e66cc25fe12cb66d9cf94d42d4d4fc17c05381205e680627d1c29d7bbe0c8e5f2a6211d0161f47e3001479eabb9121c49548dc391c1fd48793e526a296223836e1079c8c97714f7d39196a3527d70a472f2b3561c79ae9285079e208e8cd38ac2cbc291c1c43583663c1329b1609498d2557be73dd39df50985b56b8ea4757bcf913c4dc0d3fff69429adbbc87bf7274ba42d561786298a6cecbe4b09ebd6f1ac87e44befd40a0aac27697fc9d48d2367ca2398a2a4d6a22dc191859e7dec65524d92fd485b25098eb4fb91f5c4910ab9940dd0803ef2e999361fc45a46848b2651cb44cca6a3a31e7c0ecba8b5f1fc7120bf763d645e581c29daf849eb06f3fa53660fd268e274d9c2f65f1222d48df529e4781c89110acbab0e9c95f7afe9f2ee0051c271e7d9cae99b195cb52447cc15c5918e62716470472a482a442d03333ff579c7d8f76ce271a44ad35a0c41e6a32f48ebeef95d50d1ae73f6d3452dc091584fa41dcca3dc03ebcca0f355837ef52ca7b0c3f486825cc9ffb470e4f7feee0f5dc3d3dcf812242d4f8d29f0c757c75432e7fd8c8c6f851d5fab6a14472aa902e2c04d756a2f36a7caad035b1f0b5eb4a00ce51b4f0c7f44a63615511b22e3f6ef43ba4a29c491d732d51347726432bb7c80246a107d601ef1a7f6e6709e5c6eda1b5e82238b4dfedc2d836f97c00d336c2aa46ed2b8537f1ca93f11ce8231f7b59e76bd94a715a55659a468d976c591f07cf960f43d9b781c59fbfbda9c1df150db181c091d91f76ca23852bf12428bf138523e6c896e90bbaf4d1e7d6851de15f8b97c635923b86d57eca94d3b35802997bcafcd31b05a44dfb3611594b10070f86f14b1e84e6a28196a59ad84c8434808e248698825e4705e3c8eb410ddd384051883d316946b8fb2e5609704fe531e168c7395b35ff8c45f693c9d95e44ef7f5de435168a21b18239ba40dbbbbd5eab707942ddc2ae6051e55c907d54520ff81e371b37507dd13b7080c9aa2fe54dbf3919909df218730daa887e58d2bb58f28830b0570a46b9d2a511ca9cfd821b948f6235198b38e533baef920e9b310ee2c55a808861bd1246de83d6299f2055be5cba37a67d6bd3f0e957a96d195184f63e082ef6b0793572548f4081f46489ea95ab47dc2ef5f0701d071ed608cb44a0158366298dc553b3eb94f902eae42c71d6199c1b7a5509819f82a247d99dc48fe327e0c8eac16cf897bcf268e28d4b9c3cc62d67054cf21837a497064e0beb60e2275b31bc85f5ed8d42d13d36101cfcf4bcd8e9173c191181905a8425f4e4e908f88c1806a629662b3bccb607c981621e45ce338d24651e957a58cef47f747c797611dd454e252707c319daa6adb15384ed3de3300561f5a9765e2d6d4a1f73c8303572cdc612edaa98d0e04573520bd2833d51b0e0ebf134ff022611cb942ed9d2b0fe9a74c218ebc9689c9fffd70a42c09727d0ffed8714a3630fcfd0e410f1b8e0eb9bff5f89bbcd7141c5c889310473010f82e1747528b58b6eee351027400b274852a65917333d6b2626947beb82755de1f64996411d49ee699418f3e871188a1c8a15d15e5c4721410fcd77744ac443b5df32266e729c591b27a9dc4766e6f46e272bfc79e2568d68623211a828163f60db2b1412bda9ce248e5716a10acebf79e8dfcd49549d06df0bb3f68e57a1afb16b9d7b47d6c91b3d94f484fc1255e58a7a2fdee0f55a238d2dd0aacac39b761779fdf3e3ffc57cf0fb334e2b117673cd763439ff1e64c91b5b3c8119d819b67cac73e227f5b487576a40a68a1aa049187133047df337ef3d277fd269973769fdbfeed13e99135c2e64fb38056ce502a8163fde9b270244690fd48eb095ebff004fbfd484ec1e05aa78a7d3e32f63d9b4233ce7f3ed27192a94d676d5a899f280327791c92c51ecb0c7ffca52dfdb2c532a06af9b345f6eac836b4e9b32cb0b8d61238e2bd19833a6eececed48fa4239d7481019e8624df5a6c307b2e64d4a7d0f7c00bcd00d63d5817954db578400197ab90827d68823adae6419447f730ebc6795812c8ecc78585c149ea43651c9b8ae220cf23073c4e73926b9afeddeb3f16d88fe5467bc2a96ef524e311b9c65664ad7be197f7e6dc2ef84c6fce1b5e17f796dfea7c3e02179162b37b98bbfc5268852835ce338d2ee37ebf8eadbfd4e320213895351b25f0286538912d4403844de4e6d096be2c0fd99daa53481f5d4d4a2554964ebc763f469542aaa10ed8b13a83221cd87f413a710475ecbc494ae034732ed99b43a99dd8c0d4e5df20497fef7b62c5b257f3d4563818db911733077f4af5fe2eca4e82d8924e13528f90abe431ea4114dd20e8c5ea86a48f8a34a69e4c8a8e877c8055d1dccd5b541186cbc9e90fe3e4ac230c5fff69ed3c7d7246df92bbd8cfd0eb9a749a52958bb9b30475c9635c0fb0eb9206889cb45666ccb8eaca916477ad6534baae6d81c95a8883e4a2c6c63fdef90bb27fc540d0a65e7061cc9427b291c99dd40ded7a617a2d5fe5cf48cae4c85869ea2153812b638ad34be83c916bffaa509fe3d9b0a53b2660f608b2a9c4dc09191dc553b06dc213ea084ad46dd2caf290028cd41f990b5ea2cfca5e660dfe9f6a39bd296760d7dc0254ae4b1a7f608220303cc881dde2425f3b7af984dc719dc806ea0f9d343eaf797066ba3da7024aba99a8563507ee67dcfaa4f7ace108b23158e0b354a47b1f8ef90179a2cfb573a11a8839b94ecf586588629006199093761876837190bf2d80a6b0fbf354d2cb3f1182807957ccb182c33f076e19911fbf7b5e9a3f054460a371fc868f1ee9427df9df59777a73d2199297f7873cc2f5f187a678b21b7a63082084755af5f906c13a6ceb8cebe15ae5f35b76f71c95e5decdfcd136fb46f1a05eda65eed7acd29b1cfbe7331f62936d35264327236ce3efca49053cc7100cd57773567d6e0e4805710894c5efd2b03b5e048860306686603793966e8e32fca4e98fb56174da306eea4a81a02559778cf5468121e11583dfca1b60c8df4d186be6b1d4756bbf1c5d4971c5f6d91230dd9a9ad943abeb14c10f8a5a2f55e7e220d5fc2d346fdf6a59a6f8f6adcc68c7447c662db5954458e0e2efcda17d7ae3614d2d542218ebc9689c95c1f1c0967dcbcd55042f521b7a59d9db54ec2aedd1191d84414385739b9656722b8d4b27ff2d83e9f9424bcc688bd221ca912a8c205aefc2546165107748acda61ea3326f950fcec14328ac5ab34f960796541858184ae48beb20247a8a7a4049275033043216aaef3e1e837da82262a955614ecc58abfb1cc8ac59770099b2ada171b9d8cc7efb4bf4af2d0252316fec4ab3c37f988ce37767673ef63a6dc5b5ce91ea411ce9d12570a498a266d55e5d99bc9ebabf51749db74fa0b5b26f90714455eae2099b3f1f1d8323cbccc969abb0003c5829f8f7b5e56c45a468c50e9676c00a06b4361422c36a34f7fd3e7ad30a73cb3e1996d97a06c558609026da367b76498bee5fb7eeca620c2d68d57de66fe5797f15e2fa85349881a7639ef0beea17a542f9bbe4131b471f7db36e16957049aa3f8e54f9827eecdd584dc29f1f49bc1b4b15d96f3b5924960f685bf77d5bc85aa645f69d6d17b7ec8effcf15cb744db48c5adb5966ec5f3bc8ebd80e90d9bdbdb1bf7f8d2a893852bcbf3c52b27c37c08b53b4a84b3e8a214d495a91bb077277525bb45323755683f4208ec40dc468fedfcd43028e8456ae7764a23db5b7235c39ce56bee1807845e04a63f1eb5fd11d147042d4f83a95f0b4e2ac9566fb59b3e79cd0ceb3e6dbf3d9bf7d1d6678e42a91d9e4fd5d44fb6296c59163ec1fe2a33a844c4676ed27fe5d0b8d2ef6c1039254492029b74f6848a6d4aceb3c8ce980401ac56e8a2339e56684c591c2501b69bfe823fa5c318ee45a31098eacff7b36b1f74f46367f8b5a0e478ab7f83852c757af1312c7d73501b94b059a9b7857db652d3e9af74c77ebc0dd173dd363cee3025539e5f8957986fc9dd8d48ca7df9016ed9589b48856f926e30fb279af43af15699abceb9a2a10d25541218ebc96a96e1ce9e6b0e377d378eaf5e9acdf80c8a323e64b50064429d011c81259f1767f823ec25dc54b9227d68f44b5e1c811b7c500050d2e640852598fbfa25f368e562932e3fef406a7f4cfc9d0d37d83a6d353ce7a71bf3cb27ffcc2e14d52924625165105caa5f3b6d23a60c8b34f8959de7d38ab08b586de967a68e4d700114dd2fdf2c8aeacb95c677356b78e9c40cda386d9764abe2a5266bf3709aebd68c63ef2621cc2d00ca6101ce9bf67e351028ee4481ec21a40438cbf7fe04c963d140ef67464136156adc8408a1ef466376b4cfec26fb10f5504b75af4b9bceb105dcf6ac591b74a4f75755195908671befa656b16039604982b10c9da70ba8a26180e7826dc983aefe9ceac7ca648fe0ea75081a95cb82df39624171bf0a32776a8d97952ecef00539161ad5281b4ae9cc18a9724943f35459c1f69b2802133e6beb687b9e154f90cb7395e28de8e0bd5d867270acd98c75ec64f7c1de46a043b304002b69caaa87db61cb0256cf6cf397a3ad86b272f6fdb42d4fca73eb0cf3e8aa7a10f96295fb035ce32b40531946a99c88e935858b4d25e149939cff6d00b2471541f47ca1c85c1ffbb88d485016dc9683739f233ae212de7484018e7ee6bdb91d5fd2a8723d50d8275dd4f2f4f438d52998f7467f7e8afc5f9ab446d8b57cca111f3b0f0e41be5cf34c3ec94d1ab23c1405bcf8aab306b70a7921aac94f1d88b2a3916475a23088e7c5baef7fcdd3288d957b69a8b4979ca16ce60a22b5ece4fca20a2d4e72b22c50bbfd341c414e31ba70a8e0c3e67592e314a7064604ce348a0b9fde3b10889e2c8dde7d01c23c4e148ece0d792a3d69afb73323f248e1cf5b4c591bf906bf8581c191d5fc591faccaed347c9167a33853cfe3633f50373dedfd62d952f769979db86dc9a8226d88d2aca4c46cdd8bb5973b3eda4f645220f7d2930d3db761751011ca98d6ac5603ea49f3e8538f25aa6381c29d19c391cf8fbda3a8775ba7274444c01ac6cfa748c5b51240e570920d836641a8b815b991ce9da9974c748656a9e00418b411ce9c5e80a93bf52ee1929675038419030776ef2ea188cc862b3f5b82e6fc8845f6412f7896e6e8381307aa674c4a3cfd3591a750235484d6ed422f396b4714fbdedee82e95a62f2ccb03fc80b1344f95137a7cd7fe50b59db405d5880769179b62ce3617967364e263a5038e0be56fabca328003f152f540571619028141c59e7f3914ae421bfa7695e4f63704ce9c847a4a73a347e1f855806c6dc9c9e99f2b66cb6593822d19c8ee49a11bf979ec21cc491f889880ddcc573d290ac1fce94756e5f8ebfced9b521d78cfcf58b636f961d50168f89bf7f5d9c07ddf4ad1d9a3b9cabb7cf04e906d67ef8d179d01d69451bf78b1ced14f58accc2673fc6a4ae3b645cadfa90dd8f14b7d14e89322591256f288ed4af7e7a32553e9d2d58b64dd04f60cf7bde0b9fe227d68c903c1d81adb29ff6fec2a4a80a5b45a464cd1eb5550c25c391ce325e75baec5b26ae83fcc4327848f186fdf2a5242aa9564591af9ffb5871e4b81ba24f343253a59b3e8e4467e005427ce5251fd744d0b004048b23ed5fc771bb4709f7b55d5d259549f9f486e9d916472287c938fbb5cfe44f307bfe86896acca9b2218f3c2777a293b5dbf3e156f227fb1d5cc661ce57f5b957900ded0a8edc13c09120201f47aa3444814b463ff6b27d533b3034c86140cbec03a3eea8df42aa906eca0c55f740e6859a41bf7a96ab205af470646c8c2a58b1ab3e3872927d9d4ef0f18df6d918b09d9d29b2734f7397c691767ef938b2546b591c492d38d56ed482b45614b3d68e2369cec3918caf7d5f5bc75771a41ddf987e2116521ca9adccbc4e70e4a83fbfa1d790541709b47220f7abbb9a734a7ba415c930b218b377b3d4caf538b0f27b3872d60b3dd0caad41da17ad1bcc730ce9a74f218ebc9689d0e0e1c872b94427b8483c4ac091caccca0af9b5d296bcd5d714d9fb476ec12b3385b337137198ff963f39a9b4da48031fcb8c7ef51ab10417116e9fc61bd6d40b8b7a641125360116977f32026678485e2f0acda277fa81f35cc4a1ca90a6a9359b8f10ee55ac285f1a39377b3d810c3912e2e16c20fb25f0b302f5bfb755f137f656b8c50db25a9447f2677e831c9a2626721c7a574bf97ab3bd9f2e7a22b3ccec18345d177eb712106d050c354d95b746ecfe25abbe3057468ad6ec568441a390f2eb4f74763892e42d57813ba451661f78a910aefeabb7484fb52209cde9e95777a6e84aa36417801660bb81f7b42aa2a7a064dd6cb33dcd9b253d451a360494cc024762645953bd9bf8207bae19ac1c91a68322aba3bef7b0f50442b0b35dd705478efec36b58159808c3d03b5b98d3a5515c48bf4a0c6b18a6a06b087404f3985bd2063cd8dae4cad80aa752a1c9fe5387f1b5bcd7591f02471eb7381205bc95b5161ca944f9b6be934cb17447163c52b939377b03cbb3ae9110f082213b3676117df77c86be97985dc367b248c3a032b56b4eb2e629a7b3b29719b58c9d622511d09b5a66eaf5de8b6b10fccc948158e66265d42c34571499f8e70e68621198ff970ced0e9358b0228a2383735c054253e5cf8ac4405e5be8e1b929edb89ca015b9f214dc5319c591d20bd99a8ab11bc2c9abc29a47cee41bd3fbdfdbd2ecbb1063a532b365c8f4414d655a51115b89c08669d90de5a5e06f064d8219b368225fba527aa16c1e8e8ce22ac191e39e101c8993cf6c20cf1f33dc5b3e1b4b2b34e74dff0a53b2ebf8e1718b4e662d3c9eb5f8f8e885c7462de27872d4e263a317ee1fb7b87aaffc619b9a1afbdd033b102bbb0f632ed0228695abb512ef29645149ae7577e9b337b511dde1480739325326364af19eecb4d82e0e476af721cda8f5e6fe5c405bcfbb2d8eb4b50893a2dbc52438d2d58ac391342436b738d2bbaf1d87236bfc15a122fa7c240211e508c99022636d051c49d7faddd352df3e648e482b7872b119ff4297114d8407213a649ac1817b3dd2dae454c2ef8d0b5ae599514fbcce9c52ffccbe417c1e66ed9ad6251fd2d542218ebc96c9c791ab8919840c99c344b1643852e6adbf4264de9236b34d3773ae920051490512e1a22692b7eb68cf475bb3a2102f58713912b8bde3adf24875e64d29042c15581bd1100c2c570e474a24224a5646ceafd9c155f8b02629c39ad8bfe476abc0b2110f3f7764e402536cdfbb7498a9cc98b58706dc211dd4e80376997a7d2ab072d19bbd254afadf409198556c0e4f5c32ecded6f40b2292b2f6a0f0f05f3d5fb4709bec4c38a04340cc8f4c79f25d621f4aea572da8b2fe932c59a7eddfc6f0a2737e645997a1a887281a85c80cb92d6dfacb1f99b31261611399082c897cd373b46e1d615b488dc0518d8f108723a50a6a24c391ae0a84289a9bdfa1375da32d92686547f6e8842583ef6d2563213d1536cc38e2d1178a176d17a3b99eda2e643f253d55c96838bb8decbe70d653de7f62555b87d096d61547ca8af5adbc1903b3b73ab236fc5170a4f6110b9f9a0e8693e6e0110d41b18772273df301e015ddf0402538fbdc95766efa1aa083264fc323f9c36ef7b6761078058464c59108f48045ccf391f13812e547ffbebdc991d6ed07d2ad1a7935b3deea25636d3d07e5b39fef6acecbdf97f7fa25c634639bbf83f3bb39a51643a6cad7bcfe64444e4d5f2b8ea7af138ba9ad655abd8f0be9a829a17fbf66691760764f56d005988fe40fbe539013cdd168743f52e7b8ec47ee0019e042f173dcd3a72e1ce9fd759c2a795c419f58c00dbeb847be0883538d64be2bd929cf9108c391530c25c80051fa614e0a377f94251e65ff8291280ff82b8cacfa60e880a629236fe68247ec8990c1b7a5cc7ef12373a154e7b8109912032844085aa170fc7d6d180447ca7b36009d19d7090ca2cb35abe5620923d8e196fb27733e18d0ef4ed110a84a43f4820c3a93c187d77c3a8a81403719476bdbbc65db60c662744770a47dcfc60f268618852630c444bfc011fb4058439d01391e8eb45a096e9320038e7c0bf9ce2b34033376531ce9ed475a1ce9ed47daf76ca8e5c62b58cbe2487fef33763f5271e41c1f47baf76c98bbe2c2f6b6c367f7eaf8c6f4054785b44794e09934472b7869ce94d55ca2b330482b6237638ee64d6df901b6b5535b5ee462be90c7f8a7663b6fb776c6810fe6f7bf4bbec3effc93be682457729609e9aaa010475ecb6471649ae048bbde7b91a5f6f7b5c9b3124cfff3dbe67891ee0d44c37a65e4e0aa4d7b262c3c3c76e1b1b14b8e8e597874cc623d522285a3179e1bb970490b79ea25310a68e08338452b1e8eb4b7579cfceae339bb278aa8c356e6f1492b087082b14a4513565c6f9f8c3074386fec63af2662569a2690154e5dc7baebf53722ebab3cc7b33f67e7e0190b3af49ef5e2478bdfe97770cc02794f028451256c76d5111cb673c0148229a2908cce98081b0eb9bba5597f08835447e0f6fff84a912958b66de97b0327b6e834b54dd7551f0e13d804dc44bd1af9e0881f31f3063dd01a21c18829f6b1a87d72a316839aa6c9e78a9ca9c914c87ded2438d2fec561d58ab354cc9bb14171b08523f656b5ede9f621d34099b35efc64c9bbfda5a7278a84cdf5146b17999dfda7b184ab646412fae52e5e7044ca4d91ff5681eaac36713832b2fe6014a2d1f445332db513ebbaf2e360539abf277fe3d83d33804c0c526c72e66d5cf6fea0a9adbb64fde58d196dbbaffe6884d9699f28b5485dd65a3b160746cc611d022568af111bbc1b5e1f622d3c250b9e748a643b1e59fe5a6f5638ceaaffab6431af9d2fac9745d9ebf11f0f3ae8581746f666ce9dfdeaa7d35ffcf8bb4153ccc5721d65b4957e9599f205db759b2d51a6e61da96526a7bc6772e43be73196293217e76d5a6e2d33eacfafb3de7b96b1ef33c126a8ceb78c8e1d4e85340f19d82b0a7183f24879028ea4dddaf47185303331a78323ad34514c1cd298e3b93b272d3c24739c29afb33e4a4c558ec7b3169fea379bf152511c31e6b0662d231b0e611fd48a229b6293bb7cdbd2f7fb4f6af1deb467bb2def32f8c44c268e9c227933115c72386fe8fddec499d4304510d24ec1911e8ff5377d5f9b2ec0c3dc9777db7365026a12939eaf1ef8485b81dad6c93188be79a679cac7fce6150555d228c7ca1a73b166f483ed6817c3ce7bc67b7a8406e5083e3b719118683bee45bfb823b10b53e4642c1e75771b9c0153789afb1754a2b9fd823af2d5f89066747ee97323829bcf55697f6546502bc70cace3f948ff196869abc21f3b627881dcd7c6388a23e582166fc99368e099ba3238bef17d51e2a78e2fd6c66ea2f9d3ef995c99da24da928d0686acd09c9faf53fb03a6368eb4faa391f2c1383b01b5fb34c8cf6343bfc68151584dc4bcd6be900fe96aa410475ecb4434743892a8e145b1226f3f52d73c26b39bc3c4085682fcd12b98ea5e2492792f2b002143e2328b3d4805f4406888920d58ac76b96673b70c958c3417ec5c5e7fd2a2452dde5dd428a11b7290864cc22eadd0a220b21a7be15b2ddfa980e158e1a4169dd053a0580058685f26dc983ae2ded6e63bd92a139da37b8d564f5605562cda45be836e1061aec414cfdba2f777d43210da7294cbebdfb5176c8d3e55d5f2593a95893288621d8244a687d5bcb374a7c02cebd09788899019b17fa530064706dfb32193eccd5faf969f470e2b0a0badf4947ec90361be56b44befe829a09023c68ceb69313dfdcef51469fe8878aba637f4763f72b8ff7ca4b2d1aee248aa172fda4a976954d639c41698256ff5cdf45f77457feaeeef375d2ce32be049c6506ab77cab24797456f59460d87361e8036d58fff4992dda95e3e5e348fbbe76a053c5313892a34a56a25fb438f6572f9923f9b2be5af44992de6146f4c43ef8791565016b9f291bf787d7717b1ddc3899415233462d8334df325e2b7196b108d231084fb931bb73063fd886e6b8aed037ac1d8ea48f5c51e096ba1f4977ea8f23210f47fafb551ece402b4c41bb5840dfab90191a207456e3eccfa75f2a4a85033b32ffd0de1c65e25814a91653a3158b9f7ba35fa6dbb2a2bff070364f7c69a4fd4666cc1d5bbb1f29fbdfd8cdbeaf9dd5d81bca5137a76eea3946deeb72f70dc0f78b760cb60e3cf7e72de81d6c33af6b21e4bf988cc2151b0f4a8b745347a124b2a9d370dc38f3a654c191c5f2ca8ea73644bbdadfda88b30ceb0533e2d1e7c5b6d7cbd381aa3949660a126ac1913806a68b3e7f6c71241d91fd576a5da8378eb44f2e4a5f8857f6f948bcdaddd7f6fe2ea27d3ed2eb11e30b0a44736f7c83e4f7974e1d28e02a5d956468760e9caae81f2136446343eb274107266f9fbd91e1a02d8c0cc3be9c11f7b71977630a72dc97cc9d2942ba1a29c491d732113e98f9e727ad2652100fbdef65949a39eff422c4bb35064e9dc6f01358cf8d5f467428f5feaab24431a84afe740a2552489082f4ac662c9c9088b3fa930c105e70857601828c122db2f8c95b1df6ed1fa5724fb8d744b0212f060104095b9b8e8efb6d7b9a50981547b40811a047feb25d64c53e8962767d5239fa340f4b1647f21e76d375abc89c9bbc7244b39658400d12842cd31aa5632ed943da7f5102abbd41a3ea81b2a5018115f28a836a2b0a13c173cd771f8f01caa8aa743c46a6350bdacaf391b95554c102447624a0360b86abe5f883311795b4a7f2275896ef11c0416f64c5937ed9ae8962aa8c2a2636442bdbd38c3b5b0222b5a70c16a28056b39e95a7c1e817a389fd91717155ccf391b07154b719d234f5c2d435ac0ae8acae82f06f064d825fd938dacb98d4dd7db365ff03cc6d971367254d410dc988e22c5afb2f4efbeb3bf40e0d9d05ae8068fdd8f4958c2fea952afe2893e723594d391bf45225f21063fd759b1ef20498ddd751dd9cce1c910691a453e7ab16bfd94b056a7532b5e92c03c729fb97b5d16d6f9fa941cbb00abb56f4e2cd6fdd62562cc38aee5b6662637100c682a994ddce7b1d843eca3dd04af97ba175e3c8380d557395264f5bda9bb988acb07f3610bb417459ed00590bc85763c8784e8b771dcfc799d5a994e8265355f6aef67b7f0acb4940be2395c351bac9642ca8d9f151161307cc8456fa3d45eff9c82ae960811a24df8c7dd2fb7b3693ed97cf8b371de00c72087408a4c54ddd3241843a95b48f4aa264a3742e5138bba9df643811c8a1d8ba7dc9e21dc056a0925c59958a870729688738526b88290acdc0df3c4fa3d85910219adb67168bf4618942775fdb7baf4587033dfdfedabfaac0e5a5f4b73a5ffb7bd1f4bba7aef7b5c90866dd7d1605183bd1049f29361989dffd29144f2b088caf9df2311df17f4a50222f9d3ae68faf7ee9a2290e9c2d6f3559077675754c35b9c1955ea30c616a7feea427df196dd1bf8e85f6829f215dbd14e2c86b9998ed84e3bc09726b8f592db1c05ea12ee8d09b2896144766dc967661ec0a414b3073a90a31ffc9ebb1169230619f465afb512691bd6e1c49f9b8c6f65a9f0b566dc2b502b99d1e8872d615bd503e9cb7e1f3ac41f7b4447315e864ba9f5a428f889bc3ee6eb56fc46c73a1527089bd6806ec4980b37f85c513ae1b8ac78b367d322afa264120ba69171469c916c5e32f172cfa4ee02c15a96e3730ac4c7ffb56647ada7efdd267600527d391f762bb36d4481e4bd207a13c2354caa5fc90662d83e3a21947ae442d39f4ae96b6a7e512a6195f6b49f411c5d4922ad6f674e3a7dad3e8f39a33ed1f4607477af7b5adadd438fadd1f6d8b63ac3552b7f5181ddd51e35861cc77c7e98e6aae04dc0159ce79e123b3f5b82880dd90cf7f3e828c2aa9035d6872e76e1cf9f8cb789136a774b93b914a239ba49e9eb252ccc24588daa1d0ac6c2ffb91080f7a6994ae17dc4fefe4a6fcdef3e23c9894dee910cb3fbeb632caf933dacafb3174d9d913216e8ce2285a7ebd3886b5cc2762193454cbf81ea5cf45886564ec04fea2f985afc532eaff931a7a301157971d44797f56fb28bb47558be54b3dca804a64683a388871a485740169de7e158b3fad6337195fedb52f5f2de093b09141c923f9da68502cc450a276c1a26de22db1dd8c8e3eddc4ced8e170deac573ed19b9e131bc930d9ef29dabbc33bce2a18958140c84533f1af82c6e0c19f273ede5e4039e528ac46cb37dedf4ab8c17bf70b829923251cc1919c1dfdf4dbd25fa6ad27d9987335c37ff5fc8826690b5bf94f7a405ceb710c743c4a6a137b94eed8a6073fe6e1486f271547b2d7b472d6be2154078e4437419f67ab64dc6b04af8b71ced7b91fe9df25102b01fd68086db176bec97acac39130331672b92886b2fe8cadd0c7cec7687762c93b059b3fbeaa360e8ce7cf7aa187dc1271533b7164b52eddb7537bd46f5e96c9e58711d0bcf6c2752aa4ab91421c792d13818925b32a6bb57cee8b5849f8b84094346b5fe90d640caea33a9385ffa6b4ca8c1526c7ff93ca170319884c629e233c64ce9a1d1f643ac92a5625bb3c448bc4a0e5e9ddd144f4094a1392382b4418dd9f6b361c3995b564e9abbdc0855c4c5351e3a6cae4cad8971c833358365083d568cc632f1fcf5820f77ad0b050166341811c0b6ca31b8eece9953dec81364896c5c63e3b15941324da25f4133abf6edd357fe637e678899894a511511c55e68588597bf8dbae9923ee6d3de666d976aa3b38721625cdb1aa180b9c31594d5b4e6a18f80c61ed24c66c9c2e3dfdcd2bc746cc373bced89e5a9508eeaa1532371ed9f7d5948c079e2588b3e8ea77a7a90be9888cbb215546e4b4350b12207c60fe2efc21ae453782e31e6867b6e746352773c69cec321ef98e0da3a9130eb9239d412c9cbd51f6f9b01b8aa9926a3a4a4e94e64c5e33b7b5bcd0cdb247451ddcef43285f3ac63abf760a25cf998d2ff61e6bff7e0c1ac2432658454b689dba00f46d9f8c355b4f454deab4dd93b3aff7d48cfb3ccf49145207e9b052c55966d96b5f16ccda8005622ca3194a8e975c98b412948f6564bfd00ad15900121a7f43eae29676e0984ada47fa3b77172e6119840db273442a6a752539159838d3eddb2a22ed4cc0626e7c95e27e3aa27c77c1c89be566a51308f1936e6270949ff34cb7023771e81a9ea97d842e46ccba839bba8e60e26052197d2afa5fcfe14875b3e9bc740dada84e7327cdac3fbc85c29c1ddf38f564b709124f5419d57cc521aefde2f4091a61e675f260c990dbd2ccc6b35ec453c9a7ccae8e2346dd9cb622ad3b31cd9319476a87c423421075ca8c79e805f016cd71b560369f15cdf52c6c27cd8c3fbc4d805265e2b5b26fe70cbd3dcd1ca9b45a0916d45a236f978d40c7e96a413ad0c39ba4984d6785992a3447f5d366ca9fc54a88859f99b5a44577d4f378384268a58a29515149f39cd2fceea291f6028c46b55d75e061766ac738b09b2910d58f979c9fb45a1dd89bdabe90a4849ece32215d1514e2c86b9998ea2cea40877e77a67ed92ce5abbb52fbdc91c235256b0c212038575d4822e2107cfbdd2117c4bd9bc513d7d6ee1824245338f0f678c9c188a079fda9eb34fcbd9b357712209b9712f444206a0fbc9d402ccc28465d87503d8ae2c898725742b026782167d41f5f9bf3d2c72b3a0e5cd72d63e9dbfde6bcf049c6632f5a8585c7497651329154e6e446b2960f699adae7ae94ecf44ef3db7fbeeec3e16bbb0e5bf256df196dbb0f7850de67d7dbeeacd0aa431d323945606544fadc254fd60bddc90049e114fb0da64b926a45467b8ad1c6fcf1f5392f7ebab4e38075dd86d3d3d9cf7f3cec372f0eb07f624e17215bc5c3912a848c2c0937c9bb3b3a161c311a4b206295278e5473d660750655beffed299937a54cbac14293eb3df96258bbc9877cb5db84a7de59f87acfd59d867cd32363d5fb8317b4ff72f45fdf440ecd8dd185dffeb595ef8f23e9eff05b659306ab6aa7181dd44099384eb521a43a7b26bd418c26a6fbe32bf35fedb9a6f3e0355d862f78bde798273af4bd2305cf71f6d4ba8e5448dd64474132984bd0a4b5ccf8a7dfc11a2b3b63994c2cb3b0fd9763fee259061e7c8f81d35abe9ef254dca826e9b8106c3a0a286c6f0acb284cb77fb61466d79cd38d4c9c9e30208d2e0fbc4dbe56430450a30549873b819a3b6f8993a9a428872ec0d3ffaef4ecf4f7e8e6fa2e2320377106df2edbc0ea3cf0d335f9cea8fa8f7d465927325a6968129bd8271fe0d1282703edebac469bd8d8dbee8a235f2bf1312e0e873511c95454c91a21716fe4e330fa771a396a4ff5a876483c4288625e50777ac396b4857c3471f261d3b7f2d1dc69e23256aba8ada4bfcd52b416ddc708d482276864f210123832e81a047add2d3a539dbe60196a59938ae7f39342f484c72aacbd935a4ada8b38a21c17d5f1d5d691a68470df81d3c63ffdd6c2d77aadee3408075ed16920a38c0313cce90b76d02e434ef960de511c4f483f7d0a71e4354ecc79662fe183358f23c44f288e2d4a8de47b22ca0f4dbe5136d59454823b2612e5c925073081dbfff0151384a1e4cb914d1147931ac94a0969f08aa3c48813fc4915bd9f85705605a270566301798478821a3151154e2a3929c1a934a9a1eceac94a63bf6d31ca7e11264ea6529c8478b22f23ab865e7f1354aae72d5daa64df908e04744093cc9b504c74735a5d521fa789a3ba8c13d0fc1255ec1b45142aff64fb67fa180b2ca61a92a104cdeb6aee8a2851436d42307a3d70aa739ef18d03dade2ce3eeb4bd32851d4a560910d23c8f0a7c494ac72ed8161494e32430f4c16eba8f255d723d8ef12e5f25ed35ed26522de5328b55c9a8b458523d6d37c59e744d7bea461f0975570f6aa5cd31404186a06ee4ebb8bd40b93be5246b7595acc2fd163522c51c1d73dc513390cac7bc4eb83270a4a436c51c05b5f2a81e1fc072b55443c8b5a59e1060109ec0f1d244ad4405e820852a161e6f64fda8489ec1756a24568792c6f04bfa6d483f290a71e4b54fccc999d7b598fd0b8f6626fc11d520e91c567e8e337e91ee6a2527fffd4748c526919cb066c3033355665fe7d32f5accfab9fca5ec28d1faf5227cfa75defb252e12b926bce602f2dd29c7ac0dc9b141babeaac22a2e92fd724ae08c5b935c1e52994e203f8375a5badd25720dc5f1d746727fd3fe8de319d7c91fce564bceb95e8ca012ea735fdbf104158074238a424825d37d155b1b29a70eb7e813e84b22a136044f7004a90ebf83265ad78248191d554f49253b0a16da2a5e2bdf9390a62ee494a4150fc3057ca636d26155dd7ccf896a4b46787c6df5e72589f19221bb5e863e5877560319f7a0c1c9388b91997abd58d55926ca26ef8b088f7670d62fe4838b71725cfe12a4de1890e6798eaf865062894fc1462154654ea933684f39abc21db3f3a23809ae9b8eb0bfabab9ec6c8daea72d693ec472dd5d06b2238891aa5a3926865f3f2709e7d3e4f254b977fe14d40af6e40e1cba2e9d7f9dbc681c820d3cad3dceb6652d2be6b2d6f4c7f2e41b8feb5a42ddfdbf1abb88afc743c1ceb4f890ad03b1d5f1598c8a66d69437175dd4f3289a7e24a42fa89538823ff0ec846ccc4d06c8928e0adfa71e4f8c9c4d54d5262a3494cc80e50d2b800b30459a912a3435494dcd812810ee18910bb9a0a0570406d71c7d7272a3f46c380046d348602677d8aca510b24d68ab38c361767ab38f2781215b872f2f44cda6ed05071da3af2c7857c52ad3cf971a4d2820211e2fa55db18d54d57562b8e0283ee69eeb4aacd0289a31f10526b4990829ad7da4a22d5a3ddfa90d6d26e82c0f4a2e27b52ddbdf04dea59389e027bd2f1a76209396e74824445e2c034b9dde16d80c53128299b32381e1d0b7d96c3714a792db6b5e5c975b032e3e5d49f9c6256ce95537d24041b5293ead1f30dff94a54bf7c80d8af36adfaadecf20251dc190ae610a71e4354e1a2f26db3b35c96e2e248f20c12ac18ac1f26089cb4371a2a05ac38d522379edc3550f5074ed81e057395e900aacb8b5c9570acaf74a3c12e15a12235929714597ad0561d0eaaed77a56f3fa16ad9638c8eb786a2318042b5bacaf14c7500705fbee55b7fd0daea64ab5f107f33164e5e8d958a2305aaeccea12f136b1e6d216b5d118ad7c6b474bfc8a8e82da5e1905856b8f341f3ceb981de93e99e685c11f1a5712fc9954c3a0e6416639e5c397441ecfe7036ee6c855d18c3024336090f46cb04a22a93241441527c451707c6ba3dae289cea604668fa22501355c794cfe0619c4444f730cd937c863394ac19bfb96bcf91bb4bf66b46e90b21ba604f116e4c406bda86e8a133ed9d75c84f8676ba3e04c71555cad603e86023124b196126e83f0e0d9cbed91926f552b33c86375509e98f2402dcd8774cd508823438a99db31f3dcee08eadae695c406055712fca91423a71ee5ff5264f549b6f2d542c1153729b9d5fd9254b7a8a0552fd928541f9e1f903cf512d0761d14d5d0d6aac30d04552714263ade0f4b493df36f6bd57a582f4e8138ece8caeb43b5f1bb263c990c4dc396eeecbf28d1d9184fb8e4e40ad82710b53c238b3418207d4a2189347f38c426758f4ee2d960495c5e33574ad14e5daafb49c8d7e472bde5fbd3f79c3b8a6ee30a43fa69528823af71d2c91cb346cacbb05106287856f35e89c6204b5e492db512035c22bf922b47b1208f467632880a9607f35746b58533950c889c6e7f5e568cae4d2b57aed2ea1949b59623afbc7e75836a6b7567c9b8f260496da49cd025ef847acb92ddb78bf3b14b5b32c1a334ef7e265df33c947399844c35485c138954db5957eefa253fddf315974f51afd0c9a585976a3d8e12ada19c89fcda5c7dace7f1246815a46079228f9638c2628953c0e3ac9701e189610b0e65b05cc9136be39b4061bf17d18c2f4d25243a6a701f5aeda09cfed92059cf8f391b5f3731affc5147bad41c577ea5b8537590b392cd78adbbd17702eba0a49c5a18f4a2b88e04d9e228d1d497a410475e4514e2c89042fa17205db33dbafc201b5248d7060571494821857435528823430ae92741219a0ce9ef87f0f669f68e44e8f6218574b593e048b7bbaefbd2b5ed4e07cf86145248f5a7e00c72f9990dd267344885b45c4ee92db99042ba76c8deed4db8b73bcd7afecceb85f8a9e5714f20841452483f1d8a9dbfd112e867b53da21173dfcd521c43482185544f8a9b41fa7372a316932c85932ba46b962c82d4b75e82b3c0fabf4c0128581e524821fd3429719eba12efbeb6fe9edc48fe2c95fb0e3ea4f920697948218574b9e44f1f9962e31ab7c8bcb9d5a0dbda0c6dd2867c902da490ae49722b88f5ffb4d0ff430ae92a229dbf6e163b023afe6c5a03f967fc8d69239ba40eba23ad7fb3b48177a691e1989438155248215d01e90c1a7c470ac79ef73cd3edc1173afce68d777ed5bee73d6de4eced3201430ae95a25cfff6fe7988eff777df0b9b71f8bfa7f482185f453269dbf4a5ac25cceb8351df4f8b319d70bba1cd234d51ca93605c6141b536824c3b1c81e430a29a4ef4b11219d50f9e48d2937b356ecb9efc54fba8f5f4edee40799430ae9daa202ebff9ac7ff9908e566c19afdf7bed0a3f3a885e2ff8e33a49042ba5a8865eb9cc96af6cccf665e2f9b917def4c35a72a4c95a93411535563aa22a62642e268aaed31a49042ba62aaae3635d5cc27c9579137178d19ba79ffff7ea757bbd9ebf28c09675948d726555b9fb7fe8fdb4bbe4a26023e3f6aeb61fcff99a92b980b51fe90420ae96aa12ad9731c7677ab008e3c5dc19c2f074772ba3a526384945b935733a49042aa1fb96422d5106592afa96466b1760edfb4efffbeddf3c5596b02eb68b8a086744d9126f57ff937e0ffe048fcbff59465e42372d67226480829a490fe05a9b62467abe526c3b07b83fb91164796f9d891a95e25b3de13c4cf3085294c979b74e2d845940905506442c93a7a218023c90b93a4709a85e99a4a9effeb22c2bfd6ff59598238d2fa7f35a794394c610ad34f2ae9dc0cce50cd08564c8a23bdfd481f476ade550b5398c27405c99b44fccb9caa968d49d6cea19bf7fd9f777ab69b2d385219c214a66b2ec9cae1fcdfe6bdfdc891db0ee3ffcf4c551c19a63085e96a4a0a0e93e2c8488823c314a61f3c799348d7d1288edcffbfdf0d716498aefd14e3ff218e0c5398aefea4e0b0361c59ada7431c19a630fd5049ef6b47d7511f47fedfb77b3eafcf472a4338cbc2740d267d38321e47c6ded716e70ffd3f4c61ba2a924ed5104786294c3f5ef226513c8e0cbc6713e2c8305db3298a23f1f0104786294c577bd2a92af8d0c391d7b50047f66e96e4be36a479572d4c610ad365269939de24d27cecf391de7ea465085398aec9e4fc5fd614ebff8223b71dc4ff1d8e0c5398c27415250587497164cc7b36218e0c5398be770a716498fe9e538cff27e2c8f0f9c83085e96a4c0a0e93ded70edfd70e53987ef8e44da22438f28be0f391610ad335999cffc7e0c8ade17b36610ad3559914100a3e0c716498c2f4e3240b1365f9947c1c8e9cbd2ac49161bab693f3ff104786294cd7400a716498c2f463a7181c69df3308716498fe7e528823c314a66b298538324c61fab1538823c3f4f79c421c19a6305d4b29c491610ad38f9d421c19a6bfe714e2c83085e95a4a218e0c53987eec14e2c830fd3da7104786294cd7520a716498c2f463a7104786e9ef39d50747722a5c65c214a6ab22e9540d716498c2f4e3a5104786e9ef398538324c61ba96924ed5104786294c3f5e0a716498fe9e538823c314a66b29e9540d716498c2f4e3a5104786e9ef398538324c61ba96924ed5104786294c3f5e0a716498fe9e537d706498c214a6ab258538324c61fab1538823c3f4f79c421c19a6305d4b29c491610ad38f9d421c19a6bfe714e2c83085e95a4a218e0c53987eec14e2c830fd3da7104786294cd7520a716498c2f463a7104786e9ef398538324c61ba96528823affaa48362aa23a6d252557498ea483a823fa971f43a82fe818ed4517eb9c993e38460b12b92f3fd538823c3f4f79c421c19a6305d4b4981842caf3f348e84c391a6ea9a9a1a2b21aebcfec9461ffb3d08254d569e488d2bff71d2e5b728bdf0b23639abba54bbcc605d2f2fd5014615c614592ab53f63042aa7c72fc9982a81511cbdb6e25a14241348411e254d41cd83f9606260dc88d7c643b2a78ca9447f638a6d47cad04fcb6d8f4a6c21a760a8f26a25d52498b423ca263dae8878c211526e28499a6a93164c413bf82960612f2596488ac191761dfd5be0c8faf4e27293ca0c52b0dccbfb368f528d9ea33cc6647a363105a57dbf842ec91aa857b263548b86b5a7e88827d6fd3efdf2a5f17f3d15aa3fa7a4faeb56376762af13d38f892313f5a97f4f6b4b8912aaf1716985ff2f5bf9efaf8f26eda62eb29afcbe477df2fb245fdae5a5fad44ae40996683e58124cb5955fd95884e9ca920e8178f2df0c477aa9a6c65ffcaf7c80653e880ebaf70672026a94d4c8b1dc4204d9678acea21f2dd5c31ac1143fab9d555d42602d328375bdbc58a33432e4d50f27b5ed3ab96dd7112f7f787ad34e87b46c524e9f3f6ac048c06e31231b5c7d3df40f83f22b510521f530757d7024e7e554b529d87f72e4cb1f4e78ae2b7d19f952d79a7385aaeac90ddb47bd281de4d4c857bb8a02016deb4ef078ae5b11593478dcb8e745cea817bbae1b3313d8ea315d7e426c42eb9e850329b144d28f8323ff164947508daf474daeb0ce647d20e85ab5f879fda4d5956a43ae4993cf1c97928f5d3dd2df6aecacadead5239beacf29a9fe36af9bb3b6310da61f134726a6faf434f1f223b1245982e7b295af8f3ef54fc9a4557fcf7852cb04a957aa8f3f5c325d91842b198b305d59d20112dfbb321ce94a5c0a9604f35451d2a4a79c7f073913939ea2aeb055821d8d39555a307fcb81c1b3777c357157dfa927272cad58b7cfe4457413cb325bc4692b72b128ff244b892a2526e50972ba4c5c0af2d8e5c4eb5d6cf9e5a5a05689ea2156205d9ef9fc3e19b80937a6f56e967a6ede063053d216851f4478aeb0e89b7d956bf7d5acde57b5665ff137fbcce942c1e53532ca2ea9daa240b9a9d8771a0b47560b9129d8b45f4cedf39351e6fa27c7cfd11352658a371de87767ea989bd2c6354eeb77479a399a2bbd2b8f9cfc7afdc0db53291cdd38b5df3d2d6443b1d621f592ca27faab7cc1a3c566e61b9f67de22861ad4346d65d7e1b22ba94a483202986dad68999f9216922eb75c530c8eacc77d6d19824bf55793cf666b780a383dae5066d2a4c2b59b7e43a46a77b9a8f28344aa7341424a54502d299ec7971c9d6bb525f10598f5e8eb4372cabb92cb4dbe05a28ab92684bec72a1e306cad495bd1e46b124dc1b375a72067fd6b59c6245ad62dc1f93fdafe5038b2f616a3be417bd15951b78681b3aaad286c84aa8424a440cee0417e7572778aa467839498ea3e1b4c899c41afd6bc26348996d72236c8a0e4cc2582f59f243cd1e42c6a6d2b14b4f3e5a6a44d90929644e97b63e5307d9fa4a32d03f1b7c09189297855e7d89cbbd7919441ee459e285cf1f1c83e0fb41a7047ea90a6a9c36f4d1d726bcaa0a6a9e83ce877cf6f1b3ecbe4560bf850fe586d7fd8e4e4d79234fafcad92eb1af0cbe41aba3ffbe7a9737f9e36f4b6d4bcb91bc15e09bde6b7cc6e8c7376c9968fee6fdeb759f3814d9f1e7867da17f7345ffa7906300b998cb2b0fac265d0ab0dced1bf79fbafee4a1d789b98ba57b3942e0f35a710b6ca808730ba52ed721243efb582900a53f1cd81914d5271c299d7b518d124cd1cb638b2c21c9fb79ee1065f8eba39adefbd1e8e84ea937039db0bc191d3dff86cc4ad220754baa25b3c8eb4f4b7f2966072eba8e47f501c59fff43d65d662a5a8cf63f2cb6cc2b37f9da9369e68bb979bbeff7023c10a89d14dc104c947217fab14b4b0af4934d57f08829cf5af65199358b06e09ceffd1f647d88f8c8e85e01bcd5e42c3d8a4232848450c4c2471741942fe268950216a94dbc77508c80446f25558d8969745a48472ce56780a274d5aee9f75ee2ae2a58f0844ac13453e8947abff07e96f9b44b1a8fd758cc2f42f9334ecc870fcb0f7b57521d48196df3555a6a65a88a9a81282ae16bb87114cae39395566aab71cc97ceca5cc5b64e36dd20da2aad00da9e427374a1bdf3875f82da933db7433e7ca144ac6e9e98407cb4572b2465d5206bf50fc35b644525c4389ed06996d8a91137796ea410a247e78cb33c4291914bb1fd9f3eed4290dd3a635108474e1eb2438529ba0905305f33603cb30d7d48650dae89b53873ef682b980a81a0f1712db2db3c8276aac3d00dc1cd7380de6a9d70b0eeb75572ae09568e23c4414f317002abad66dec4e5aaeb52451283f2b4cf986035c1b4cb2034a47cc118b232b2385874e7e3b6ad6ae11737664ccda3c768ea8e4470d95e3440553b45ca2a144d2fd4bd66d1f899c59483bb17a2b925d42052f17ab5bb22463e765fde4fa559fe4d651c97feff76c7c55add6cebcdeb217987197a36130a935e228b15c936b850cce43dbba7fe3955bbf22c5f227b1671d29d85c30a9a7255586a4fa38d253e2b209a84525a0bb2a6677a1a2a7625312cd610eb6e5ea926274d34602492b06f9e3923dc5ffc939122a4639b5dd98d6030d6926785653d22aaed6e5a7803e6a586433eb7e001c294320ba05e4db2624399d637b17336aea39de8f405200aa8328a6201611794a2c96522a3352682fbfb9dc4e26c3f39f38d214cc93e2ce6a723f83fa0739516956a73ec4ff81b7a771a93fbbfb40d1ca82c831cf76622927a272e5bf6ac824513ede5b25a91cd790266d8e42e978a999fcde97bd9ba50e6a9a4a43f3ba0f1251327e1e695295e228986a2b0916ba1257182c51f21339f951cbd930fd7849cd2ecef0b7c091246ac851c7d813203710ed4927c56376f21393dc75dd7b6ed0afdb01624033e08c3137a566ddd366ee93ef4fff7d8751b7a5534239586a4493b4f91dfbc924af169d491a0ee274aea3ada4c9e747550fff059376b0b694c81f94a3a7820c2a2d99408aa22b250c32285c2ce60b8e0449630100e2257164c9dccd436f130439f7e742188d9f150bb731de89a34cdcdcfed19851378bf039bf6831efffb680bfef1d2912fbab08596e2f59fe950ab1a9b618adb5682dfab3c2946e3c40a89a7023940672151c49ef385555235bd1c447dc402eaca3eb447d92f53756271bf4cb6ae4329da35d005c527dea9764ecbc6c20d55f8255fe07c3917e8a37b3e893cc572f37a90447c1945842420d296725abb04686623742dcfe909f92dbf3f2931de5642a9144075546c922cea0c5e2ade76975d9385214c0695d4381becba9a804d1d6cbfa8986e2d44848496a9192558ce74c50de4b75b7e86a5d4ab14ba6a83eceff91f903ed47c68f429d297ed492c6a8c02ea61dc76213d97172ebb0992c2ed35efc78c62b1f2fed3c78fbd0e9842c596bc4a3943d2e5d068e242596d496944d742b892cedd0776493d4290d5b8cbe296d71e741a20f1e5812c94eef44390b3ae17dc3c04912f7ea6d27ed0ead8803179bb91dbe62e5d5e57575a72102a6ad332bfd80492da09458e20a6de287f73bd9d930fd78492d2fcef043ddd776c9ae61b2de5759005060403bb2352ef71265518f5be182c820669e0b1bd77a2566e6733d463611579ed8387dc05de98733e799f3553267a0c379ab3bf467cec8aee48d69fdd07fd351e6b6d359f58ff656c86b9142a5a489f24a5b97a415b530919f9284261cbf44132dd714c71057523b215d0eda8ab628212ccf70253aad411ac3070ecbadf5beb61472aa60dee681b70b569b71bda04332a36e4edd60a3831d19818652411bcd8f8cfef54b5815a48ef169027e9aa351c645f62fede2adca446b5922519ea0895708690417061aad121c39e4d61454621ce9883964f72355195a21a2d955594b6425b2b6e5b76f7991a60cfcd4425bce097b9a532a048f920d043915076bb4625c5f6845de708f4d8ed3b129e9296d5753304fb28e574f1c299c5eb6d6841caf01af75ab08f34e2c40de9e74ba91e2f4b9ac44dd385223383b5022163e5354f5dd51b3f96864cbd1b25d272404c43e7d4b722a05a5418949d948090c51fbb8538e594c206e651b2a8e546e3b863e50c5d6a3e642194a26ea434a682249521e9f93ff3d23cb8fca4864ff597a4d08aaf9f668cd890beac33e737d93f2d75125f16cb044baecdb8154879cc4e42ac6d552bfd57cb0adda92f224723affa7bc361c99582b59f23810a8f7bbc8238d61afb46180565cb99f82f99814349726228448c1750fe72d7ea3371189cbe9718dd3c6dd203773c810368168d3d33a576f38086ec3a334ce07934848204dc13e269e8dfba9c91546091cf9661f3499d6a0052a2d7d6fa08723cb2359ada3fb91ab03fb915acfca8b1565f754c9b864074870e4bc37bf42384b0c4bb0c391c1141512a0ba53526651c046e640490cc5a5daced6cf7fc2f4c32435b50cc10f8e2339a3f0f19c31ab2e948fde7e74d086dd63761e5957504909e5f6bd0e666ae268e3ecde6ca42161aa3005ab760fb94de0052003bc7864f402992d950202443122754e64f293ef704186fecc9c5d03a7c6edae4946ef4ae8731e45112150add54393f0d819e8c153324886caed4f6ab90744608bed78b4ae6b4299fd0ff128bfc7c6a5217187b364f43d68f22ad967b6ed5a36278d0cc251c6b6ee0d0a6c4970647461f39394883d1547de2970902a98940c6171e4836dcdc5aae00befaa43de8aedc36f4d9bda281d36a024d0938cdcd706475609c8f6380937684277e845505b7ae7db4ad85c46987dab6adf8b4dcd370747dc2a1ba5005606d1c3910afb60461a4426d6f8f1d2b4691d59ea5a43091b5d53368404c65d0a75d444b81d0e4a38aa34e98565f06dee92b48b7cc7196c1a097e6713d30f8d23a3c96fd1366e873ba8f0e5269142af9d713cd29f76ee602ebcd176d6e3b76091927d13167e7a4f0a910457e9f9e717c52cf6695ab960f04195f2932ea9aab2911278a2f651092a938c5dd3691405313461a8bcdb03a9bd9b09f5b83f3567c536ba86aa24275ceb92ead02431d999e65510096591312f7c48af07dc21370197f41b2306b466b92cb13f8514a7b0faadf7a37e09094ac1e4fc9ff2ef8d2385c96d5550f7ac3107017e36c34f5c55e2657495b93cfd0590ee393bfc8faf829f24003694476e044a36b63fedf3542c3afdee6b7961fe2606da3ec1e5d58d4bea5d4a2eb93e269e22c5fd4c4c52a524b2fc0dc19153af17682b3892b9c6b4ad8c70bd54b16a4f64c5beb2357baa8f9d77f3947a966cce6fd792cc172d27e91048882b121cc9c2ca7a91794bda9af793e0484d490b5daaad8a92ff53740872061982e59a8267e3523dfc274c3f4c5253cb407cfffbda8a0861214b8655e698317dbf3dd4ec8b51ffedbd7effa5d380ffdc6900c7fff65edffb7a8f1dbcf30468121ef855a6a6609ee4f971b159d97d84de5a65aa4cfae39bf26a36b3c2a20421f28566c78029c46e2e10d17fd10703082d2ac463288954aedebbe29d01637ef3eac03bd307354b1fffe737d7771961be3d297a70d5aa1d2c31d33a7db5f4a59e50f65b9f9b53a5e64ce5ee813326ffa9c3903bd287dfd77ad6b3ddcfcff946e7aa57c5ea2c77f10a0d186ec1ab3d331f7d61e0eda943ee6e99fdd4bbdf7d31de1cb8206852cc483311535031e3cdcf17bffa059c73dfee65724df9dabdd35a7dd8ebdef429eff64401abb5f4ba70e9b6151dfb8ffbc3eb439ab500208e7eece545aff5ba306bbd844c30740047b26e81bd98e7fef391c180e0254a44618b239106ffec5fc84d6a7d2400007771d116b7e69124189598e5dd8763f3d9d7794153ef837bfb91842afb90827082a5f6e56cfc62f484bfbe35f4ae56036f4fcbfaf54b0b5feb953b7fb3a02b6b2b91e9d92a624e97edea3b75e25fdf1a7c570bacbaa8dda766e95eb3fc10f15a1b121ca9cf4756989c4d7b67bed173d12b42b3dee9ad7ec325044995345b8e32948cd1b0662da938feb15756bcddbf74f96e192654d4a6cbccfa1153e7b5ff1c21735febb963dc3ca9cb70149b199d7acf7fb527c3c1b89863258cf8ae21d3b3fffcd6d0dbd306dff7ccf467bb9d9bbddef6c25b90bc5e58afbb386fd3c2f65f8efad58b3ae2539e7cf7dbcfc799fd399e9209a340ba1c1c993c05e69a9728f1ba2939dc0cb8562954ededc77036a9322431823fef34e389aa36954773e675eeb7f29d01abdf165af3d680356ff75bd7c11e3b0edefec5b83313579a8379022bb186ad2bf62e8f9ccc5a38fc56b9a7c6b41df2bb97c4636b22e5eaff02f17c1f932ae43ccd7025cdd491b41592f608526b4809bdb6d891838b578401f97da2b2ef9db2e48fb9499efd2859bc0d85bda781adc33b7e479e4cbf154d313cc41f3f0445cf964466b6e992798bdc1bc199d7f51aa39ee0e493e2646a0a162a671c7f1ddf9dd0e4f825597f889116b0ad3b953405cf3a81417eaf217b49e01834b9b1a8237d7f1cc9407b399b883dac3523f79e7d2aebeb865d06fd8f8e7da15b3ec9683b75f9ec3325a72dcaf45893a5b82e90c491508bf870a172e2136fe3c30425dda19892d669ed4799abba8d989ade795053bb1ec9435669831e686df69f75b340aadb2160dc7133487d4c33710936ca596d2132da77861b4ecd3b3627adc25431b729c1df56bcd9773438b2a1a8e1ed47dabd76d1415c54dc4f292e39815ec66fd19d15f94848c491d6a58349e5e8d1113f49495ba72dcb536d4938b5392df7ecc008b0c84867058a404e374dfcacb21238058f5449b06d987e84a4669751fea1702489b1c7937757993f0f990c6afc7f3f1cf16fba65fdab6ea37fd65d88fcbfff7038e5ad464edf6fa1a4ad984422ad4032990bcd98d477c7dd205b6ef8f18e2fc6e9f590d34732e591f2dd278f4f5a7666c2328eb96b770958d1b3cced82ea559f8dec77672ad5996ce31acb2d001695114dd2faddd372df9885518185a6e7c32df4fe85d861f92102070b0f255c80426490b3b9f7783797a4164d9c2b9bfbdae770b278d82684c80cbf35adffc36d3c88a677f32f54f46e862670ca93cb66e1befef7b74231d6ddc5ef0f14bcc245f085d239af8b340ab9d64414e38234848357a6bdd0dd9c29c6325eef02efd950a5361c49127b8223bffe9676a7356831e7172d26364e9f79d7f3c42022d1d2f7fb9b62091c3aab45724e4dff5f3f47af718c9977b51b77630a3812660f47da1d1de911607bdaeafe0f3c0388972de19bd2c7df2816465bf459d0b18fc9038289029ead8ee6653dd901667a44bfe0a4fb20fb039db3a84e5ca62f511c5926ef6bf7bb432c3ff2e6d43efefbda1e6828369b064ec19e1853a5a1ad360d6ee0f2c3e4db4621fbdd1f1ac59e0897effed82d49936fbefa656b8609f9d8d62c3930b5c5fbfd9a897be8e2816e8cf8a6af26d04d79fec2f5e27cf99c0e3d39455bb438f646efcb443ae2390b647f02cec4e4d651c97f8fe723318097f31305425efc15220351a2a792267b3a9a272927f54bb71ec1b6a39a8871b0034eeb0883cbd7129aa6f6b92b6d61e7fe3258fe450899732317e3513824361cf99b97f4ad2c8198b62de407e2098d799ad99f92e2804262d26893d8295a80108e6ba87c0962fc385df9e9bd4cb7b481b7a57e714f6adeb26d5cf8b1f0284f501f254f9a088b6f4556d6d26a935366ce9499b365e642b13883ad22750b6bbe6ed56dc28da95c7ae13c1b7b7ac10af9ca400acad48e9082852411e5ac117baab6e4f8497155f494b6e53a45464be252b062dd29d8a24b971ebbef8d2349aa391ece15cac6c2eac7fb8f654df9a70f86fc63978c7fe89a05fdbb2e19ffd469f0ff7cb777db09f30edaeb5cbc40ebc6a5602fc84356314639b275f0546637110f37665e5f98b042e21ef1077179a666c1ce5177b721e0e0e74c90959f66c87e81bd4cf244a12672700f48908e5dce28090c2e497f5af29c56486b59e668023a5282103d4ba6c88023653f5270a45d41d02dc6df627aad57235e13f23491af9bdc87b1dada53ca299382127064872f7166bbfea626d98fb4805638552b255f94e354c7d0a3774ae29465460d9f5988ba027f2d910988825c8a16fa0c61fa17495187fffe38524ec213a9065fed31e6d13e63fe63e721cc670b22b314442a812999edffa9d390df0f9b76dcde77a0ae2725e0f448138138598119f4eb76d937a4cfb83e6de86d69a7c62f950b4c9bd00a25cbf4f20566f53f39e2803621ba24f2cdc72359f008ee0014f001a181690fec98d448e0cec0dbd3f2e76e918660ce33fd1e6831de62564ecdfed56b548414cf4d6c948a1a98087854bde508738f24cd1598d92f7dca1cd3dbc448ce90b5d6bbf7819cc1f7b6aade7e54e62aeae554805728876098f7f06bf093a1894d7d26495ccc37b35ffd9cb380365accbc2915bc0ba1334d6737605d4f9ff9464f1b1aad7dec7e247104fb2059ee6bfb7bb181440906925be705f3bf836d6a831633ae6f91d5b4e5d18e59aae4c087da98731508d467014d59a460cee6feb7a7d0280cc7df1f9d714b0a1e12dd8fd4805b16c999b71181b069f7e9b8422bedfe885b53d77d32d2145b25b070be99deae07288453da2e1d1fd6546a919fdca8058ad117009f8723cb2367e6ae67dc3905ffe0bb5a08d4166f13fcba6bd00cc08136cd00d11692c9506225a76dfb72a2207e0c5568e6bed693d1b79c69eb3fb03892f25c33e0c1d60c018da2f0dc475ea36970b6224b51b2a1481b70475ae586c30ad0a5e9dcc8d72f7f4e73da47daa25d486dc5cf41f7b4acde7a4c469c804c05db774d6e1d957cbd71a4f6d8fb613180e6b49c2a5a8bd9946f1f263965e9bcfd49b8760c3417902349ea3bdd6c4696420a2b4de5b747707e7aa4238bf52c9a14226fc74b473c75c4af5f30df1dc7f1a42e4396b9186b70169e0c1f477292d66984d9eac513ab89a814c00dae6ba4a06e8e2dca69571a7e22cdbe18aef2f5949d6b1653ca4fc6fa6239530ff46f2e560810b4deeb71da26f4a8d23806cfea291285f8e4b9d5db7bdc9f3af856f113f9065681acee720add8b23b35a77d3fd21fc4770a45dd76d97514f08038b405c2090820da90ef2d84e321d34712a78564b5473af1065b48a2cd68209d4145290208d4445073258ec55beafb0c50ab6965f2ee4529c343dab2d3a36c763fdf012385293ca117fb450c526ab8c24f94db05c9c577d63b78120c87fe89a19dcb060d1f9d75d4751f81f3b0f6231da61b19fa7bfad1bd527a03c79e591fb4be7ab5877706f8692f0fbed2763ec45be0df8b09129347bbf9a42ac232ae2eac37ff7b2446ffbb48f48808d758a2a27cbcca663913507cdf6d3f24cbfbd49229d772d228a4226aa825482069764e72aca361dac3e7c9e9f7638aaad40a27dc4ec385df5cd0173305784e7098e64aed905cbc79170426490c9d4432b3491e9e099d4366a77717223666f4ecdba4335df1c34478a8593a66d07711b864ff23138d2bbafad57d49a84076449dd03b935eb0e40644437e45709836b94c42c90d669859e1ece978e10372e4ad0908ea33372f45d0a621964fb2844061e5fa0ed822ceec2cf598efe23649c25697361fa1192333863f4bd71a4ce79fb54caabb356fee74e03fe41e6f3389dd23f0b42c91e148e25f39f3b0deabe7803fcb8b40d2ed28227ce0a9446f18c7cd3f7c167142711b8cfcf58eb7092aa9494a82e998a48d937fb413980c869b2aaa52e79f693fcf1ab8bc6ad5e90d67542e3f4ec06820bc7fef175536c3f3c996bfadfdf8aa0a07772999ff39ee97e366341fe8495ebdeec0f400145a1068be8facf467bbb981591531357b0dcea8e206beac6d7fb174f5e7f61e492198fbf8170f8b9529cf1fa67ac313231722a60a63b30534521c888662d7b3dd46ae7e4458c44fef29dbabf4845e2d7b1afa69b8da7cdaac3ebdb73dd298a09926b9656b1f1b0778d6b7124d2183e30711d38526c5256933bff5b70f0b4062da832a4594bb3e810dd014861dbfc19eb99ab12b3e857b159f3d60074e3d4ec475e339336a1362a49ebde7b36766939533efcf197e805d288b9337efdfa99110b8ba77cb3edad219937a5508819fb374b33db4e4a20ab8c14cefb8e86e0440e92e7fca5e3d9514b2e8c5db1badd178adbc091d48ae2c8b2c8d939eb87df220a5365e89d164712b938b5fbf4e0bb5a6aa01fdf38754e4ae7dc31cb0a27ae5dd4f613243388936f940718cc312ba7d0cc6bdf53f51cdd38f51b87232f9a81f73f239a5f2f8f81a203237e3a633e4eb2bec3007ed2284d9359f371263611535698b39356a121da7296535b5e1f5094bd3e67d4d299bf7d53032e0a4c7bf56319718132f41c07f7029b5b47257f19fb9132825ed64bfa538615a4c84ac1981c8c988cad875e9bb6ac79c6d4d4cce96fce5c3966f789633632cb059b9da40a175c9241f40b34237e228e2d5fda02e5abaf62a275cff55cfd5a9f559696bfd873d2a32fd34d70360c0231fffa86395f2926adf07024f6c1f3710feb2db2be8a25702eb79805daa5404b5ca14b5a122c9785556081ed92df852059dc13b558dc59dad2729744602c43cc4f4b9a9820454b77f6bb537a8d8f31f5cc0579f4d6eb91c591b23fd4289d50b0e14bbb1fa9285384d8991527d022a760796de49825937056a9eeb38ed41b934a4b2cf12860b46079624a2c0c723aff179bd40b47c62744510b7f3e50636eff74c4fff3e1d09f75cffad947ac298e74a119fbb38fc6b3fafca7ce839a67cde2e24af7e63d297e0a6aab7a8a621591d2e5bb89937a592b6be2de1c0a151c2b31e815df1cc001707e82c0a7f7a69a33a5de5813700a22c7a6ae98d0b253ef66a903ef94ad078470c9bae89d7e35db4f5960e7b7586abefacbcb6056a8f7e3edcca9b263d357f67fa4f517f7a40e7aaea3402578aaab4d51cd9e31f386fcee25e440b43ba96d57b3e1f437b22e48648ee2c82ab1ced8f61f0f78acddb047dbf5fb4dbb3559d32d78f55bc476a78a37f49938f8b72f22aadf1d72cb053db39e7a8b26dc3798ed0025c791d17907f8cba9d83e64da883fb54742bf3b9bd35332fcdc36649a5cb601feac288f5f5a8f14adda35fe99ceac23b48b02a87164ea7216dfb16d3bf77fac1d6a0f78ea355aa93872feb33fc8cfc1bf6ad7fb37cfcafa0892d69b1e28566c46bfdc157edbc7b6591d3fd13ebab6c2f4e3a4e8e05ee17b363ae7193b1b8539cf15c8fa829affd1b1efbfed9af9af1d7074d4630c47ffaa71ecffa7eb88ebdffb6a4b8dd4b24f71490b56b0cc30af511c3adff479a0157199a9e2e14834839bd9c225081722c42147c4218e400dce5a57fbfacd9e2c66531ba666dd9236ab4d179347c7ec95e299f2cc5fbea07b2a6082bc75bb7529a62d4a688b39f35db751b204d20a941f59f2c2e7840c4e61a5892d3a492b5cb6964480a1c8919dc29b5357771d2ae588623eef38d3af99408dc98d527bdddddc1c2990a6ed7e24254c4b6a8dfbd31b66fd2169057e7b25ba6ee4b40f1e6e4e10f9f4bee6235efe50cae90876385795f1d88bba6c0fb92d6deff039120eac7dc09d14a21838f292f7b5f3e77d8b0233ae17b836e0ee96e6a499f6bb0e749650083ea03b24b1de99b211773f8386236e4d3df6d1c49aa9f296374d502b8a232b23c7b3160fbf55f01f3619f6401bb38f3e7ae876d16b62798c89849dbded8727cacc9257bea4a1898d049e4ef8d39be658990cbfb5fccecf27a006e6920ebafbdaa5e6ccdcf53461cd08f0b5f7b551afd82cef3e34eb9674981994497f79cb9ca91451d0c5c8aca7df4773b46264f7652f91585c6866bd8e3e221c05d67f3854ac8d61ed7e24ccc8e7ec8e0f320573a12ab132cf2c7da927cce0487a37bec5fbd2342a159b097fe94015f441e1959d878813228d5abb2e0c682678975362a54379f0e3c662d2847554f275e24837e302496b09c941e2a94843afe3c67cb66e4fc3aef214f27ff860c87ff86028f44f1f0cf92f9dfaddf4f1d0813b8eb38e6266a9e2cfafc4a4cd090fd22b23b21f796b8a8e088368f6e5890570488cc3f162647fbfe9836ff5362c87354d3f32728184f2b29ab3231783a2a8c8da36ecb72f8949757d450306a8d2c3319aa42db9c365f769fc9b6bc184d2f622c492ce6b29d34d3efb93ea3aa92178ec4a03c1e3f585ead2849d4748b006b492e518dd1fe5acc8b147f27ad6ee0b6a15a1d248d9e29d0422e6026661c934e7ed6e8a9e2d8ecc7ca62b6ecf34197d73ea7a7024fda5691410f5acaa761091e91279a7b008c197c48cd620d6172877fc5e43620ae9a9471881790759fe5869dab43d6b3ba5cda9283d8a4d7ccb685b9e292094f10ba55c9ab3a320fcd22f24c829bd6b295db39de5143c421e4077a9fe3852136c249560e54b2dc49f37a6d382f5604490a2bde5255b15ffca2e318e5868586efea16be63fbfd76fd2fe53b8211505cddb24126393d39391da3762aebd726e816f67fcf93589ea812fce5ae523e66cc18c6efd1777eabfa853ff69ddfb9bf385d2592c73bafcebe73f21f84894b30fdb4800b11982d5c07b5a5d9c2557fb6a19e654ff7b5b663516665690caa1cbb878d37034e7cd5ef23e28024b236bba0c45a0861d8db788cabebbdd8adfbfaf97c1785d1447969ac92d3b8f6c226cd492effe38176575d8763cebf157885d1a24f5560fc44f2effa6b7fcd09c28c4527453fae8e3489a40a0bcaf4d13d625c437f65d18f7c45b236c435648eac4c6f2522604f398273a98bde7a569b1bc6dbd54f605b8bca777b66939a23971a6e0ab39594de5eb459c1af6e0b31a6a26b5e884701423fecc79f15389b4d8439ae632e242df3bd3b01b6dd1c73de3e64ba1552c4c3f667233943972e5fb9114737411a1fbe20dffb1f310b928ec1a7f475b492636991e6399defff5fd7e5f6e3c806f24c59132dd994279b21fc9bcc28f99d88a2385b522b26dd2824fee6b8ec24473a8cf1df28a28996e0fa57941f36c459f7b25105017472cca5e2bd312efc7b3f3cdbad7fbe1b22c06ac795b3366cbf4c837bd1ff470e4d0dbd22e4c5dc36c4713d9a22b8b1c1b390f219c8261e8e32f0a962a33153b8ea315ea41b2d66e3c264d1023583f72cda427dfa19c26b84a2b98bf45f0684e99e2486db778de77d2ae1fa1240414d698f315e64c05ca9bdc2a6ffe5b3bcc6ed39d394345a6e896cfc64a2b945b1c492b2c5df5c491ac828c35fcf2b8e11973a8f7b4414d65e68f68d652bee24eec288b9c9abe1af5f0072e19cd37a7cba66fa20b33af13f4e9e348e9fe82e7bccd3f8e9b3b0e150fc0bc685518c919bf9cb0c82916d4f96d3f96b8905733e27e79a2884202d691cc79203cb412efa2d9b5fb09a09c9ad6283d8a23cb6270a4dcd7b6e6a2d75ca71283d087913a3a6abebd4ad63e9afd195fe30608e1aa7dd9a0f11e8e7ce37337dc6b3f18227ad2d33c33e0a1560e14e64f5c83892ae91b362f8920960835fd3ad18ae6040f9547aa769dc480007a19f12669663d236e5562a42e9a294fbe2b77e71b72cd9366ffb69006646fee48e68a70a49fd15a42f620cc78c121635a8c9af1dfdeebf7ef3f1c2e93aec75821bb31c3cf7fec2a4f24bf357dd9590b27dcfc4a4c5e2b321f6510f5be367da7a7322247f3b46992d8d98ec29c173ec17a53ed6747e63cdb43dcbe3c723673a1e248fc479e8fcc9125a1e2c0996353571c19bff8c28a6df2c8ac002cdb1aea9ccc330773e4fda40339e664be0c8dbf1ec8181556d51cc931fb2ec22099bc12294413260bfdc9a92858b5f348f6b283e3179d9dbdc1ec38291ec2f4b7c2ad85e452552a22fc404ee4708e292c97466d7f3da2c522f946e0e9596b917374caf2d2f5fbe40b065649faea3577ae8875b164c25abc9738c0288b59be3d27efd29d2d1483149b39cf74635d9cde5056ca2d9f8f93952f3fc265eac1094b8f4f5951bdcdaa07a76d97a408cc934f7c385594b368cbc1898ba1dca55bf9298596df63ab8c549fba287dd9775e3a555889c0c8c1f307a72c3b3417efb5d250982a287fa1b270f52ebab37ffcc253b3d7566f3b2ead5b78aa0a0855d4884dd4f84773c5a454dc2d8385ceb9cbb721447cdbb779cdf97c73c8f243472faa6efe60d9ab6e3d8b4dc8e4166b45979cff8b0bd50747067c5e9133b386e13d604ce30ffbfebb2e193feb219b8eeea6b6f87f575977fe75f731fa601573e1df7f38f4e961d9a7b10abe2d975e9e5897547e345f1ad9fcd958c211a32cf1eab96e3a6a7a5693b0d177ae0d380591d1612d35abde1f9c719bad68a3df98bb5a8fbde7597791cc4c91f7720e9c976d08716f33ac594bca690b86ec3bdae8e5373eb6e68b51a65894393a6b359e36b5915c368b4cff0913324c314aa83be6e6f4259d06492cc2914accf4e6822f89f348dbd27f928c0b6da1e1f1c221bf973b098882810c97ca105a114e29243fe1b9aefab486884abe1f69a55dac1cffe4db146a884042963cd4241bb4c8a184756aec936fe95f06f122c6818b031f6ac3e5a54e1f14a03aeb26e1427b4d2bd0a87bdb08702f312787ce83014e741b72772b7352de76948b8152736cec124ee98db58ca6e9e670beda5f5d314c3f5af2e63e2e7185fb91fa53e7797525a37bc69827874dfe7f3e18feb3eee398d53e8ef46f3458b2e552c80cffa70f86b498b8283176689246f10cbb478853e279cc25c191f6b203fdf68e9d4f09be88da383147cd709922139bd8b7f148ff66de34c3b9737bcf610dc89dbc366ff2daf2716bd7a57f425df1da9b53977f32521c37d7f47948eea1630a70c0b9e982235519c2c4d9ec9534c72994e9f7cb3682a54a0d339c6980100a99c9d5a3d7144d5c8dfc8249d2c4ecc73be88ca2a2c53a511c492171aa74d55e09dc76559356ac916555b3ca98333566d705b3f9b8d970ccac3eb1f0894ed44220f3539ed7a1a2b54f1d385205ba844dfcfd4891f3d57d2de4ba7efb5995404c3932739504c43c33efd5cf8880d08496ef81030a676ec2928a23e55e1e7da7e992c8c8479ec786d4c5f23b5f1b54310edbaececd5e5d3261f5a1cea3f5142332e1f7af0b08db771e04c670d0347d8f7c7b1821b2d25bc5aabe3900689390d44020a03962bfbd178b23bdfd48ecb33707a4881cf41970479ad974c4f5daaef7c565db8e567e77b474fbd1b2b317d59e735eff1c4da822fb911f0c17a84128cc35031f966d578413017327298eb476e3d279da6ac5dcd4eafdcbd6322225911373d7b95d3a2c5695b5ba70a2f43a7fe22aba3fe7b71d00559c05dd0a50b6d721c1547f1c29bcb1ab9d2661b10921ac8ba0c3565396fea7ce835853ed6a6a279d37f53cfac72e19fffcde80f7966ea12d598c13a47aa6937fe4609d509e8f6444b4a7836f4b111c89c5fc2020f962737cdc520df48c35ce201e5e163993b9106312fa27364e1fffc84b666fc5aa37fb315e0c3ae50ceef05fbf200f253394d287c8d24f47e054989a6b959e8fb6920719e539338be6cbccd1a9ab3ebb579e5885a1cb43a9855bc56d644c4f976dfa64f4f0fb5a239611e108ac47cf717f7ef3c274fb8abd7b29fb4cf927f7a5e2c0c8fff8de14c1467661932e23aac85c9cb361d25fdea2b3085142c98c879fdbd7779ac9e15ace0b380bba0c263cd25fba86976219e9b57da96b66872f057e591c49a8e11433625f8f7166d5d1c97fea80e6f88388bd2d6d76db1e02b32c3223e946adcce5e345eb3e18c295d2b0a669c39a4877d0018797bdf393c5bacf2a362f890c7bb62353186d3fbd27c5acdc7f6ee4e2bef7b6a0a4f7236d4407d8000dc78a36f51835f4fed6b011a0908602b43ee1cf6fc96698358edc47a2e912f3c503527d40d314c137c7236b3f18c64f5b4baa608753e3eca63e33ab22b22a638adc726d2ac4b8989302a0ab235562cc32737ed9770c259a23e1d37b538faed822e032b0bad71f47528be40d9354f071647535d17ddaa9c2ffd1b1f7bfed9a692f99dc5aa38b0b34f6675dc778d3a1c7f87fdb35e317eff4dc6bcdcca413b1fecc0acad724f992c8868f466101e2e4c4c669d35ffec880e702fb913a07e98bec6e3228765e0861a2a3b9bd9aa51064080e187fefd099f2e4439e295bb27de4ddf2080dbe81cf6cec3b490019fc4566e85d2d292494e1578cd4e007dbcc7cbefbf8d73edab970950c656e24f329b901024356e3d491bf6c776eca1ab3e742e9f2ddd3db76c7e7b9a6054ee175b21fe970646aa7098dd3a9c2eab65970a49647bee93a9c7e11eef0cf41f7b4947b087bcf9b6d27595018d0c937ca1ff5187c7bfad1318bc5edad7ae0486d1dcff7ded7163f34db874c633a236aec8d32e23b074c313bcf403b074e1fda541e184314ea7ddb77a22cc718a7ccd08a8d0cf2a419c6d9dd6ba2d97eb27aebb19dbdb307dd212b057698d2b0c5c8fbdb4a15e6f8fedc7ecd44554465dc9a5e36fb5bd98dc4f28566de2b5f483cb71d9ffffca7da44987efc149d413f088e24d09d34e6fe2f86fdbb2e822303733b1e476a2167419c8f0d9d0692713235b98624cadbe7237156a634a1f0c2747f3fb2ccec1c3fffabbb2444322d3576c3c38c22f649a02c3785f3b710ceb41c9f830d09004459c9e4d519e92f9299574b7ad8fbd1b9b21fc9a2687164ea598b23d142542a8f9cce165431e33a11d887900d962a365b47ce1cd544e473b1689b486525d3204b5bbae4c88c6d9a7a70c41c091ce74bc9cb7e64a3742652d19abdc1dd78e9175d2eac393c65d99476ddfbded792e16022f5bb53041211d00d4ac49114a2c365e1487a213892285e60c63df7017640d5691d3e17c0b7bf70c0dd2d88835866dfa8af4d7e247f76743f5270243c4cf25cbd472f2a5117f5e811b645558e9882a00961e7acc75f41cfd2b57b1d028353de3ab75fa511252be461230a910603d5ebc29140bdb5fbb009ca200a80225f9f7190146912d9318e802629211adaf76c24eec4e1c88b66a0bdafad6e903b6915e59eb797caa62c1d9c7d9dc4d0af1e7e4646bc28b273d41c389103d13bf2f457bb8cfe5c58bb11df3f7c36fac7fbf6f7c6917e37e5ee1ee3307edfe9fffafe00d9776172f51813776bcf924cc07fe89af5df3bf65d76be84782b17f4c962aed5d553d8c79162797a2a23722c5fd74b9267a212c3751dde0803bd96071b7c1c89592881a6dcf7fcb294ae5886125d0f3035b3155457bc74a7a8c228afdc8ffcf137080376ab58bc9d4279ae94e60acde20e7d588da65e2f67339eee200e80e79f2d1d9bf22eb39842468189861a2c9cfc44381361e3e763e1a42fa2e789f2feb7a730ca9c65404b17eda077d2051c8329dc7712be84b7a3183c6438cae7a6e5edb7b4ec365dcce95275c5159d87105bc6df94ae5eaa3e0933855fbffea5ccee92288ea4a76b5a7d32f2de3628a6321543a0eab027dabb3fdf6a4dcd7a9933f22faf67de0a8fb4ebd460c5651e65357fdb9cb22f86cbba1e19dfa2a3fdbba66919b7a41cef362143e24c6ae64d29939f7cc75b7df7e68cfce32b185c3a22374c658b0881931ac9a4e6ba6bf7d0591ee2840a0de055078bb3ab9ff98421d0d888c20c0a47466757d65c195ce0efaed3d89042fa8efd4f4e932b4f0489a862b3f6a34cead24d9a1ef6cbe7e461bb1f1c47d6541718d3e7db43fffc5ebf7fd365a4e248bdaf0d4571a4ddaa9035e8a3f1ffd035f37fbddb6b719e6cde27c591c1246d941870a4bc59d8209d1199fa4a3c8ed45463dfeec29194904d67f3be3b38bac57bd39e169ad0e643f964044663508acca68e4319086462db192f7d2283c59816992177b7c4980c28f69f9dfea1395a6a0a6d2df1ba48f5ba43ac02989428c4d014cdd96247d9ce827355b3fef22e6311c59132bd45ff69a99d180264b23c6dee9f2dce890ea74b684b66a5f5c323a3167a3a4005068c880254a1e2f8bf7470ea391cc9c87a3892f2dcc8e0c79e47144b099eb6b3e778ef5e1f8a15993dbdb2717bb48261e0af9e3339d5525e18c97cf40599058d6487422e90885fda7abed9f7d514f59cc98d5a643c6071a48ddb335efa88720ae9e0962e23a5d7f09f2aef7faf180d7e6c72367b25e64a1cca30fd08293a437f001c592338f284310f7d31fcdf7f38dc3ef59cfcbeb63fe12d8efc70e86343a78023558e8ad2e4356a3d0947c463f057c2fae909cbf02418e414330d6f03ff5d34e5d337e067f83a8e35f0b6142994378ee55562101b5d638d21da2281a5112283f713a3a905429afbd160990679313832663fd2e1480b193d1c5964be1b3e1db10acbb09e6d42a0a44515de7bd61cc13a7b3266cb0ccc294388ee47b2b80671242433e474c984673b531d58867af0d0053464ad42943ef7cd14ddfc69721c59cb77c825897cffbeb61a4aee6b13c54bccde898bc6de2cab63affbd3ccc1e2fc8ca5284f4c197247ba399c470ccd9dbd093562f623091939a5141214689d7881c2f41d856ddf0537a030d18a9fc37ff732558a57ee848176e1a750ee1bea3a5a2d1f8c4ec09149ee6bcb7b33164796addacdda0fb64094e0c8a3453007bd54c4da8c6c3c593832af7de0f9c8e07e64028eb49b58b2d97c6afa5a3a188b23cdb68c99702207222632b80c0d9a2bd14137e23b87cf445afc7b2d411c69d7d1da71a424ed8574cbef9daca692973b00ccb8c7fb8ffda7ce4363a7582c751d653363ffe98321cf8d9d7b0eaf91d55476fb9c7c4d9ac78c9227066c3942d7a2e3754cee6b9368dd3351a1d9da731c3308069c7fd2136fcb72e5e348200856a59cf598c11af250eb1177b4c049301ac4584c7cfa5dcf872f9ad1bf6f4fc9e41b99a469df7d2c9fef963e722aa76af08372a70ff7a6eee6215364ca17c8974db136c219bbac66ad57771cf4dda763e73cd589ea081f7ba3cc9abcaf3729f00547328360e6143d2a0747ca1b4172bffbcc34b954a0695589a931ead11786dfd15250e90df25c2c03baa4c3578a8f57f61e3decb72f8d7ba09dc2382c23157ff922855ff7b07f77d8bbaf2d06e12c0a63379c36e38167d11643514843cc534172f41ddd805905fa57ece414247109f479ffb364985694e0ff2b3a0df6d6ef42332efd5dbd3328dd6fd272746379f89ba037f7b5cf45cf6223effa5869a0e1a1b7a7cd4dfb707eeb1ec3ef917d77047204c4cb1f1c92c8232ecde519234558a30a110c9d07dfdb6ad8ddad883f3441393dea7b4f4bb3e3b4ed6364666a679d32a39aa42f79b73f12c461e84bbe19f9fb571142f7e9ce866e23f107f19840aa3f8ed4041b49278557cbe2c89e1bf6ff97f7fa0210fdfdc8d13febe667acb7db3c6b8de2c8acfff96eefb9e7caf01dbd764594c84d96c42625e69b1e99745f8cdc38d5ee478af1ed592197d0c71149cedaa825fc442a8ea5e23952926f0e7e295009999868424bfb843dccc50653634c7c03a315cede2c152917c42c57b37b86cdd6880d8f7cfd007bd92543c3daead7fb8e6e2c78971191fbdab4c8ca582cfb9194504b660d3892f2327362ee3a8dc0b8c1887b5b9b7395d290d842a66d64bdfd4b108dd22735940be3eadda764b803cf47e21bde7dedf248f9dabd4005e433d682190ee44a37ad7124b4ee2f90f86c4307674b97efa456d5f6e376ed93421a8a6c3824f2b5232591339357607074936e3ef02c6e867bd0fd63d9cb09a714124fc63efeaa18a72c92ffb5ac47c8a1bcfffdadcc29b92ad3c065132b4a4c140dd3df2e453dfffbe0487f774470e4596352464cf90f1f0c656e3387bd691c8b26bdc21e72b1f81f3b0f7976ca32593b69c5b660254af21a654a1498b1691d99785cdcb048ecf87c82f8b1af8ca75859cdb9791b640ed8f08d87c9142d8b142fdacefa41097320eba694d31f679fec3bebf0008f0e0d9c7178e08c230366ed1e3c53eebf10822d8e547e3c5e7064b9d5860e4671a4dcb5f4f723233b47cfc5fb994e144ebabdcd85deb38ff717b10706cd3834505a413e991dc366156f3a20d326a7c2ce25d18aa5a568cd6e8723a595d2c8c2f7fa12c799e782ccee6e7dbccf34b378a759bacf2cdcf7f59fdf9bd230098e04d85188cef5c191fef72345e1bee0c85cbd4e2d608d1f7f430aa62b1bb962455a0f560842ded217bfb001a82677ce86c1b74b1334e4e1489aceaf867f5243f963860cd0b657fa9fc2bc5edf6768df39ee1f346befd8f9c0f4d2b57be932edc22fb8e4b4f77a230923546e38c81a9f7d433a0c72b6b6e7232d8e349b8fe0a8c8810858668ffcc1069cc17bf1b6d2fef51ad8344a72b4fb91bac0c7e0c8c07e24e3981447322fa8e5e1c862b37bac3c264b092a4d6adafadc57b3b59b745947fce8c0d90706cdda397456c1a6fd342d660feeb2fc20381291d5f294d8ba32f3bfdfed297700bc5d19b79ada59665753b72bf36fbb66dcd0f1cb83b2a020228a2335a3799286e3381cc9f2239bbeb228da658cb6718c6d6786dedf9aa187079fdcd83d53ce3264998b33eddb575815f0b4b753a6d99b27ebdf91f22def0ec5fe6e94cb779fd4d1f9b6d74424c86a7163daf83fbe21c2191d2e05976db3d3410c8ef3d4ec3b23c37aa6baef7d2d194df8916616ec93a161ca9f310bdb7d8aaa0c254e3ee7ad2f258020e77825e3889ea8e470a474fc4cf9b0dfbc881c9441cff9a91f9aed17643c8e54ecee318e68a3d31005f2566c97beb3b6315fe6ec6441d5151495ccb11ae91ad1838e9444f4f9484ea1db98bbdb948c5b634e56ca13a29b4e67fffe0d6b2bd9149c9cf29ed7c7f2c891a9cbd1197ece8e6c9a9e3f6e95391331e74cd1c4b580006c45b938f9217b37bcc0c87ea47df44df86f4e9df6f8eb3bbb667df7e53850024a62522e2cad11241256cddbeebd7db8edc2f807e5291474a36b6b3eb75f9cc03e1647ea282376dc43cf9b39dbcd598c535390b522a3a9dce89cdca805d2e40f37a04059e4d4f005fca49c8e0c79e43973c17a117dd97454e32d244dafdc037f5c2cfa3e38d25d41110346ec3efddfde93173a63706437d61d7da8c3f37cc591b0fd9fb77badb72ff5d58123bdb62c8e74f7b5b1d8747fefd09e9523c90b3501d22479260813a12002723ab360e3e129cb0e4c5a7c6aecb235cf7f899b21136ceabda989cf14cb7d6d461fa3316a395f6f96ba32cdada812b3a6cb708014fe8626f3dffc4a34a9a219d1157f5bd641ded7e62c41ccdb8fb4326371e4242997afed4e66be28b36c7ca2805b7a8899b991e17709a2c513d004cd051a16c9dfd77638723550d55e2b1e1bbfccad86c3fff82a6ea9f671ab76d69f5ee794ae4ab2f15968cecedfa8911c1ad6aca57cc3a8da3e5a612d767cca0a0c3e0d147b83c59145e21ed297d3a5f8a77542bb2e6c3d8e7002b86793c6e98bdeee2b8b42cc5f3a0d71e48f97fc5973a538b2a60677aed6ed162627d7d504f32f576ffd4f9d07e94aa68bd9bfeae140e4d87fd5c37f66e5a3b15c23fef37bfd066e3f860fd8b92d2d8828bdf4d446894dc566f54723997ee048d4f3fe9e0d2d5b97454971c48ac899791b707d1c94b04b08f3d0c6f6b37487421c8eb366e52199394c72d97e876ae4a8eb226de3b281673199248a233d33c5e248fff9c8c8a9853237a636900bfa614dd3e496048b4d99c531d2905d7135c3ec62ae9e8fde0b4625c191705ac3cabb8da78a5830e8260cac85395356cb74a222aae69bd96d7b104ae80b415cee6bebfe44228ed4fd5a7fbc6cc2a44cad6438925e20bf2cb2fc955ef248f84da92b7e23374a5821502f6ff26a315165041cc99239bd613a57abde7b36345d6ac6ffee3598d196f074a4ef0c596531bb286c619c67674bf0ef3b4f208099a69126dfe0b44fb0096eab32e51b0eb0c6eb598917c9702401450222e5a7cbe835857484eec85f2829177f1051f8cca9c2b26ff657addb5fb2617fd9f173a249a19963ef6bc32fb7546271a4337800474aefce4c8be2c83e0f591cc975f3e2cd8a86a98262e64899a88434b4d2e19611b7fdc50e3ab2b5e1c87a7cf74725c8605aad481e8eaca9a4d9ac03e7fefbfbfd0088d1d5d4bf5a9359663125134dca3f9ac8d4fb5feff65a70a1828a0e4726266fb25b1c39d4c7914cc0d2f16b4be77d5b327f6bc9fc6f0b676fdef3e5e4b1f73f87e930293e30e0ee1666eb09e972b9c5918030fbe9cdb1bf7a499ec1d5a7f1986bc7cb873493af3559374e3d3673b58c4e79a47a9bb757e18dfebeb3c25c64d67e3232cb3e7fc9d23b23adb367e75d17c12b086175197a7b9a39619d0d9dcb22a7976e99dce1b399af7f36abfda78bbec890424639882301aff6be36732a67da1a7eea500ebaa7a5d9972be5b6ef4cb739adba320bd093e3a277fbd8854d3cb974c9761b07442b990b394c763bbeccb0008ec4d9b67d321639621389639133139703fb3825cddd9126df8ea02f456672db0f65d3aba1dc3059fbfe1089519483740b8dfd88955c553219f78eb77f0fb6c08c6bf5dee41be51e0b9e2c36395b25e5c41c3ca33252b8f7d8bc8f062fed0a0d5dd83343a0000a105b8acde66e72d3991e312e539fef214192868aa3389251cb9dbc5614902a820636f518452167d161e42fdb8911f0ed7d79839ac9cd594c2a377f56ee95c2f2c8be01f2c09c0c1600f78fed35b6e04e24e76c3f088ec43556179bfffd4eaf7fec92f1b38ff4192a0f47aaffc7ac353dc6ffbb2e19b7771d78cc4e4daa8b583b015d52f5bcb6385762367e9c9588235d2f34092723abb6222367ed989eafdcd97f5ac6632fe227de93bbf22a89b8046644e6b8c6a9c1fd48bdd78c571058cecfdb2c5a3a1c596c16bda25f8d900f96e9d7c7682b0e476273bc54702420cfca9c96da89123ba68a23c5d3967d340c2122eae6d465aff716516e5c68abd08cff6d7bb98f6ff70b0f4e5c8c7c6acd7edbc39114aeec6cb73c4b223b064c435b5643349fd0ba933886bd6616b53145a199d2ba0b3da2d6d0a6e93bfb4cc1190e4d58ccca8570aa8cfdcd2b48a65d3ba012e78f4d5d91718bb72531fcc167c53832e6d5b4b5faf5bef40569d870df90d9e6ac19f3e88b4424dc127f039e8afbf98098a4efae85e9c749d1597365389231b62449d864e5353baaccffe92cafd1d96b41e6b3bd22f4e736470b2e25ffef3f1c7ecb870376ebee88bc43272d88285fa67818d3a5dc14afde3dd0ff5c1f8e7868d43cf15a560e3b75edb48914cede884be992203852a77d6e64f06f5fc42f993954dcd4cd9b84da1721e63f72082ca28360b27ef70b8e849f05a6361c99dd20b5ffc3164752f758dec03bd327dafd451438346681ccbdc01d105103d246399e2f0fe248baa67340f8ab22251b0fb072eb8b1a9c35878b5401d56d5273dd9795e9243852d7d4da716420c948899c581cd9ef1e70a4a764fecc6f880b2a1f22e40d7da08d3985278862f9b30547528ee6d1f7b5cbcdaa770712e3181a66b53c5273deff961e06d5f0aadd8768a5d0643c2c7f2087a6e9c2de01332458c04313c5a666f95ebd7fc1d9ba70a42e7e85b29ab2faa21266dfd27d9488a29ca5a6c4ec1e3a039b80c83fbd3775d970fbc9218b23c7df943ef57ab9bd6871a46dd7ded7c6ed118e1c8b23fd97334a238a23312ce6edfba0c591d43a51c0224a2fa882c20746d9d5ddae96520b05402168624d4ea1fa8f4b578623a59e5fd7e1482cd16feb91fffa7ebf7fe89614477a33cee1480aff47c7de938fe5ea959b2f393ec9f0d1402c8ea4bfac22780e0681c8f013bb31f4b80a3f0f8c9ccb349471af30f6bb3f52915372272e5fcc53607bc0f08dffe39b9433702c6672eb5f814e8999fcd4bb5a8e47ed661e61d57c33e24fed690505189da3195fab61414efdef6d0933ad33049b3e18216f7b20872ab80154602f6aedd70084ffb84c3aba00bfc591db648ccacceaf7063b5cb5e0f55ee8067fb1fd4b6b0cf4e971cbe923f39d811ef8485b644a0722267fb9dce550aff8e29e54fd9b4965f2708628e07024bd93ef909749202d65b65446aa371dd62b105a24e3ed2f9e29ffe22e796898f04b8caa99bd55a0279194b0986ff6771b0be6e02c7a0a86a05ff9664cab8e931bc9e316a8b77ff00ce9b5851dfec0593ba8053896da1047ac2830fb7a4e665cd05cbcb7d507de94b13852e71d022fceff16e310422044d57c73108b71968983cea53b8f0bc0cd33735ffc980e624fc665574f6fbb6b66fa07684bdf336f4a913ffa656f1cd999e1dcd8f361d4b44373853812154e18f3db7e63ff5ff9368838fcbfee3e466f7c059f0fc6ed7546fcc7ce433ace5e857024c8a413a011d390538f24362c8d6ceb933de2366c657192623edb13c5289ea9cbaacd997c73bc50e86cbe29b7db07174a27b6ea3cf8b614dc006b6052ec069121f2200dfbe3bab21f69f7f0c4fef6f94888989f882317bcf4b97a2902bff97c8c58b54ab6f144d5581c29f7b50547ca58e8f39176364571e4f28f87c3a68549702473d3e248f584441c897fca7e24b54a22f2324d1c8eac10ad446da673a199daa62b3da216387297c59107c6c9eb77a8ca55d0c4dfbf8e1cf83d4b56088e1c6551266d098ec438f2d1d96a9cb078c62696009c961ecd7ba687597228f356ef3226f3a1e7f4f928d79130fdc8c9734586e04a716434a94390885ddd967ffbcfeff7fd37dd32ed5392fe9476d3db2e78a04cd6bf81dfec86dfce6dc284b480046dc52529253abff8294ecc04c0c587dd917e74f02cb90ac7d5f069c2eed6b3ab5ee889f230106189f252cefa516a367c255f2514dfb540e1c2d8157297872a1a67b79fd9fc69d6c1f18b24f832a5eb8123a75990277ffd85eac080b2c882577b8eb959de8c9326ee6d63e66d93d0a88b1999b5871675ea7f71d50e3bc3bdfbda53fcfbda3138b23a52b1e3f8e0dbbd959ba95e3aed1bd9e143dbd335bbbb8fd1cd0c884bcc6f3fc99285d3ea1c8f23cb657ebae4f264e845721c099dad1afa705b1b7ae4214822977c1911c4c12950e6ec0d1844cd28cf23d2f71a8192a54be45b7acc67a41125b7be3bcc9c28978eab790f1602fae51d267e321c6566cd3b03f53a922a590f3c6796d93b923282e7e73e291f7da409ce22d31cadfd3d1b1115d9376e01c14eef8364ded1b27afe0eb115d2765c98fcab5764a5b4f7418ecfff46d6d14233bbfd177a814ed7823852bf1f8910a4f93852162d9a383b5570242b28adcb5338082744969925ed65ef9642ae1f18f19ab9df49d38a6018f1d58717771e94b3629b0c90ac07569a8bd7f5c6919ee379152dbffc1d098b2319ca6ad98f1cbef70c73cdee477a132de66a4de69abdd347de7fdb60eed9522a26c5915a22c2d1cfbe67e3ee6b8bfd6f14f44c973932d7301a4309d0ecf7cb36b2e420542f212c8eccb07fde091ef7f76cec02238e91fd64472ae2661cb70d99218089f232b377e86ca4e17bc89ff6caa762ed4d2771369a86fa354b931bebd81fdd8a232bbb0f63d165d4d00dfe614dd366a774deda7554e1cc4d2033996b8c6f0d00cef29ff07024846b098e64ad2d35335b7c88860827446c1f384d6ad9072d64eb94ea1b8f7129829e3421d74e87685d16e9f8fd48fb1d7210b21830f07c241eb2e90befefd9c82990ebd6138ac968914c64ef19f190cd47bfba338542c22f15e7ffb1e3d2e65d16a6765990d665494a97afef7f1966dac2560bdfea2336293059cf088e849f00b20703023ae5ba42c78e6125768bc39bbd17ce4f5abdf7ab29df75c9dcdc79c48ef73316ffb913038734f0cda467c046368004702426151c692f446528255e55cbd6e30db251c40439bb648ba09c92c8f129f2341bb5a4b34f7514c50ee761164604a27735dfdabfe015d825d2e4fc5fe4d7034706938ad2294044997af0ec7fedc84293f5b3ae2c2eeaf6a3edf7e63cf8a86bcd3f76c9f879e77edf9588a3d19c9b5f9aa42876228862e591939356d21d8df6fd1f7846fe148d75ef280f83bef74c8f079a330a036f4be9fc707373ba98e8b4aecf38e21596c1d932ef7ae6ccc4e5e654a984d99cc8819ed9781a03878926b7ec2c7dc0c245f27c24ada885e3ef6b179b256ff6d1b58fcbe6551f0e138faaf24de1e348c69491f5febeb6c591d353bdb1c60fe5bb3f94179b6ffa4df02169dad7adbb8b93f8c69099556046dcdb5ae7149e70f2ebf5721162ef6bd317d41ed5247d8de2c8b2c8e1318bb1cfcc06f2a679c65f5e175168ecdc26df8cfeeb9beaba839aa6c95be105e6e814b9304338e5631e7a5eaa58f7906e96478e4f5bc9bac659d496ef47b228e81f2f40b13335c37ed94ea374d6ad2dce761eaf7319fe8d9d87e3ff9e1017be6c921f61fadb27cf15b1ff153e1fa9a1530bbd75515e883b6a4cdaa819f2276decdfaafa59d751deacf62e10e5837680c8b6d94bce5a9f7742f83790f792b805f168ff05f72413fe84970f79e8d9696dba4e6ddb6de41fdbe3d0cc2579dfd35eff4d26446acc40fac9e28cc7640f5c2736333cf3b197663ddb7d6aeb2e237ff312eb04216f24d340415e0047baeffe78664ac491f9168850ebbb1303ee6e41d35637793269dc1f5e9ff95c8fec561f0c7bb41d51065c3bfd8dcf64dac07cc1c391e843d30e474a375138af7ae823cf6937190be2fbe2977bae7aab3faab2a2d38b6cfbb5113abbf6fd41b208599de50e6f0309252c96753c1f49a217fabeb6f6c2e2485d81aab9a05cdb751851666a03d97045edc2e5dbe117c5ec7d6dd46692a3b68f23ad40fbfe0a2b8aae1f6838ec8136d39fe932a36df7d17f7e63d01da292ecd9ec382de180e1d8706c80fdbe0372d45663fff4c698273ac08910ba4c398ad1968f23e5ef22c24639f2e5f9481b7d445a6ef5d8bf764061caa9c8784d7eeadde92d3fe4e29e9f0861b8c73dfeaac9ad100bfbcf474e69287f9c260147ca55f5882669f138d2be84813320cdc391d5164a7e7772d03d2df586a36e398cf9c36b81119737b7b25ffb4c21efdf0047da41a9ae043f2c2ea8f99f1d7b31a1023852c9dbf587ec1cf49e8ffcf9db5fecb4bb5d978b23e9295ea7dfa391d9d73435f3a1e7e63ed34d6e331d2d90f5c6eec1cb4bd6dedf45d421f671a46ef9e30005b2ef889f783872d0743b55ed26eebe1c60992e337def6b698e551cee3f130528612867bdf8890cbdc579e218e7cbe6bff6256a8cbd513e56c28833b88c2c9752bd7ff5ecaa7ee360804d36d5e84b228e040c959a097f7a734263795213df3b307aa1d8a54a7a615ffc8a987d17451f7b59255171fb29d9702a8f94591c39fd3a5155e6428e7d3c464c1ac591ccc7288ec4613845dfb79d187c9b40465a14a4b5e73476ab5cb197284489865fba40755c8bea1006a410c2e62ce7e281011c8990dd432d8e443e6387dad250c41c383bfdad2f987748665ee09043ec4791108e0514474e6cf57e1d3852a606a2d0bcc0643efa02c18dce62a563d356cb596a9d2905fda849916f76e79d19bf0290841cf49737c7ed6089108df0febaeefcdffaf0e5e14897a80b943c67cc4b3357fd974e03408abab2c42d341cff5d978cffdeb1ef806d47b19c57d9a6a83ea28a66bde45df0ec3ea7d730741c1be6cfde246b8465f6a844def6c013700f3cf0f3479e113fcf35c3fff21aa336e37a790aeb54ef996207cc0515993dbda7300aba8737298023f5f9481a121c39cffb44b9370d4bcce6cfc60e6b2257b3d49af2cc8702b0a8a53a1499956ff4c54fec7b36a94bdfef2ffe86a7c5e248ef3d9b527364fa4a45728c9a3c83789169ee3fe55956c3758ebb62a75f55db8fcb2c283273deeca5a2c06d8223ed455ac90af9ab4ef41d697dee4a33c78a85d95a5232c78ab9f0e314049b3c77541cc95db5836505f91019f7c547f193d2c8a96cfc4774136f0fe248180ae52151bc8be88de6539ac8b7f9c888924b77123a92e29330fd38490daec3f4bdf723fd2712ecce82dc74683f75e9ff7cb7f73f7d30e4df7a7ff95488fc3f751efabfdeedd5f9ebd527ed7aa6b5ea4ee26768b3e3f4a83fbf8ea3334b651eda37199534cf8461b590bf3d7da60407958ae85c66cad7eeedf7506b7cd471d24d25421e0bde67f7a69edcb2477cdaff7b36b5e1c8c1b7cbfa0783c39182c04a232767acee7f573a0b2dc239ab4da027449e39d3ed97a9e6849d36dedfb3814dbe4f54bc3af6bb3fe5915dc367eab35fe880b64820fa13a927fff5eded1d87f393baac9db35b7671d837b01f992adffdb1db092eb981937c2c8ef49e8f94b5596e1f94aede8d796974fc4de9a31fb37f2e56c35945e4e29c0db6968400efbeb6bd2616054e148e6dfe0e7d0c8e8bf67da27d47bee7dda9eb074f164e3429961d62fdba181d419af631e3d6f4b9bf7b7bda032fd98faad82f371dcd95654cff2e621c8eb47f4503ad6ab61d1ff0583be20ba7e453853748a855e313af018815df1cf056718b77012eb4883da37f1731398eb4b68ac3910f3c63439b5dff887a33d730e2ea543ae2da6588d687354debfa709a7c52bb9a6553ac1f1d827ae3484dae224971a44059998ff29ecd3163eef96c987c2121fa669baea35e9ea5f41fbcaf318f87eda9a193b978a3627d7064f0be363d353b72e42f1f5eb094cb8587bd1bc09a8185510cbd22d512f7137124de22777e992fb2652b38b2718aac708d5305471205180884144726b7eba29e0f4232d95b163fdd85219b6affc6e0d1c9cba42dbb4f23ee8ae54a22e7166d9ef9f2a75c0e314cb488e5d501e49ae42f1dcc11fbf745207b5f5bdd03c9150bb749902a3113ffdc812ada3b793ec10205e48b29686b770ec190551f55252aee38254a56468a976e471ad1928a5f364b89fdbb8809f7b54be4cf7dc9ed3978b6c9df2cc02c9c957574b7e0c88ae57b586829997d9d84231868ebabbb9af76e26c429a54fef797ad2fb5f8af31778f7b5510021b21f69618777b9c22c3b7061e4af5fa475ba86f55075cc1f5f1f9fda31fbe98e131f963f614a77c08572b1ad38c6c79110023d1ca9139f71293459bf728f06a51e9bb24ace525e625676e887dd74948b472e5ff3f2579897c11a715bfa3eb93c401dc65b44059375ef4be0484e41b189df51517a16c761a179357be1ffb7639f7ffc709838b95e3bd96dc87fe89af91f3e60ade9dd6fddcef3d6e76dd5f824a3e68bd58c4c2e3a5864a6b4eb4ed7e838e332e98f1dcc8952b58c10e2f2ccfce73fcdba45060e538f7fb99b8cce05d3eb7efb1e957d98af62da260fe55331d7ac7dadaff873036118db121cefd99f8b520d23d85f9ef6b37eae46a062ce8c6f004c788844a1666966c759691d572482e59985adbaeb160663b1b8537fb9bfcc29fbdd1f5aa19c51db38c0ffeecff182c177ca0d1c2dbf38639d4c619d7d8566cb6763553dba33e677eda58a556fce5b5f518e7a6050b9af4d5f28cfa91af0685b0a7127e2b33c73526cdd4f5a8f1c1d3e17664c475b2cbee65ca5687b56de98c17555d4a18cb91243b4f5027362f8d7382dddc414eebeb60e34fd2d5ab5675853591aa88bf234cad0c8df5c05bb57819ceda0e04dbe6ff0334c3f4e7206c785be2f8ed4539aacf3cbbbdbd38ee73f9135f7fff77edf7f7ebfef7f7dbfdf3fbfd7efff74ea9f3a6ee1dc73654c6c9992b07aaba6080d0a894bb0cae4395df65dcf0938195e8867334f70265623662cf19799533067a3b8a64566b61a4e66fff0e2f693735e90efa2b1d80023a80be663e2316f0164858bb74b153b973e7eb4056b27700a70796cf61a012b6aa68ac8e1192bf57bc8307cfed8333263ed6e93cc849248f9cadd9352df1b785b0acac8a6c2cdf2be33cd0dbfbdc59257beacda7c58d4a0898b15080127413def4ebbb83efabeb6588379586036f71e3ff04e890b48401acd4d6dfe9ed9955b347f2b97c8f4148cfbc5432d4d5eb9082c325d1f6c3e029d9ba47c765fdaa985f2d0b14b4876243f2be435914ffd5e7cf4b0f7e7aa6561b6a173c49fdab3f0e0039b7b4d6084a822272b2327166cf8f4bee65aabdb83cda55695ac12a233e1e974d9fa1e9903ef69494041e7b15edf65a36edc6fdb1fce9a2f9b82740d35b8ce28347bfa4f27745a66f9e40a6c5353de37dbf216bdf4054d5bcba4468ee78a4ae59163f3d60394192986ef8b07ec7b36a88b5648c387f69d5ff0d2e7d8045333ac348ddde8c2f4b6dd19741633316c8dbc6430b5c3e7acc7c8e97b67dad2ee164722a1d07cf6abd603ee90e1a015f9189efffd089a3e3a6bb5fc75ca5b53c1859ffc8a11972ade325312a958b56772dafb343daa890c374190c18279e8ed698b5fee59b1f1a075715140a4f9beedd651c95f2e8eb4791410b3dbef47c2df77e3deff62ff9c7d10473ab21b33f21809c41ccc3e7886f84c45316240b2262db1c21d8ef4b664c89823de6d65e514e220ef36011feded54fa4351b9393b6a490c8ecc97ceda5bcc1e8e0469b112708ce248e66a79e4e04479b092e6f09f3d2f0fe07a8945852b84a177b534a74aa2adc38f3bb1dce20c80d49365450bbfdbfd55f6b4df75c09d58bd20866343970c3baf6bf43d1be44cbe51fe5492e048ea9646e6b6fd087e9ac373beede57d2d19e38805ca4cf5aafd03e51b052da63400d8a5cadd49db6ed132c191e84f457cc65cac41312f421625e248b1a7e2c8c876efbe3667f128dd8f345b4ee2f394107e715db3e49039522a9045e9b8a5136572cf34b74cf80bcdd896e048e16750f60c9925eb7d8dbf73536c16771ec4b452f5663cf4b259775cbc043a670e7f968d613925a825e1f9c8ec1be48bb68223edc7aaa447183c4f76cb042036940873eeeb4ddec4298fe4cd95afaae9bafe5dbbafc6346ba3d7d8b28278df4ff8ffb3f71ff07515d99e3fda77fabedbf773efdc3b9f7bdfccbc3b6ffeef3f9ff94f77934cb2316052939a6e9ace017c241b076c30183006631be78023ce8a966565c941b2e59c73ce39e71ce4a09ca553efbb6aedb3b5cf9164e400886e2d0ab94eed55ab56ad5ab5eab76b270b6d83ddec6e70a493b58458ea32c3ae1a137df052f311f1ffadd7847feb1bf5af7de573a064fea3f7849f47cc9873a514f915764c25985972773d4248557586b2cc946c3e4accc16de83e769bf6664f4e21e46ebc3cbfd9756ecde7114430c570644ece5dc758036ba2df781f779a7ebfac506bde1d259f25236e9c29dc363881b8cd8cd0adca345f6f6b7f391993e76cecf7b190138a2319a00bc5912fca67c018026647e65bbdab361e13b1fbaface9134d157d9b0183beec8b895e1c495b5ac5790fb91d6bd4666ed2163ac4bdd2b970e12e79b9e3a5d2b3f14ba2028f4513e48f4f5e206ae0f0856651f7b12e24757024e52566fbd8343c96728ec63dd3eeea8cb58217732a2f67add3974c212ae1f1f02d239364664915ffb20f46302f6885a371cfb59787ba2e149bd37957d256f233a3997cb087a3b2578a7102a3c4ecc1e629bffc30fd21d9fec8faa920549a9677c4da39eb38bfcbefc937d1374d3a55c5e6778f2343085e501fd307bc78c29855570be69ec9597dade8b40d680cbd4eec86887249146026e0c4372a6faede7b3061e1d6b119dbc7661c9c32f7e282cde6588ec8b5aeef25555ba7903978e9ccccb53b27cedc366edafec9d997a975546b5997ad92eb53d7771c2d5a7f88746df341ff55d94fb22430abfa4a6ece16392447771e15fce4a20426093f8be452e089f4153b26cca00934cc59bac35c28b41db63c6297aaeb5b0e156e3842121079539657691d21b2b86b1ffde6f8b593d345cece88cc2b4b774ae4a2e345d55429dc20d511529d5f2cfce5fe2bdb44a592f587283439f92116f0921cba96afbd404ece0efba02542024d971fbe98b751fa6eae14128fdc5ae67a815bebeaf6c39ebecbb696e84c9cba58c840ec8dc9de363e7d57e4cc33b3d6c83bea0aec25421860d3449883f9f4cdd359abb74dc8d81195756dc52eb9c4c6327dec4aee26e99d58a608279415ba3a272fd0eb43d7b71d1151764571a4f113f31eba7c7ac69a1d9364648fa52faddc73d60eab682e2052d84cc191f3748d2ee46e3a527afc72603864c4f3378a7069f49258cf19539afeda112f16b075227dd9f6f1d3e9b533e2e70b9c110f5ef9946e07470aa793ad453a62809e4bc6bc1e3d93b55340e450bb19636f8b74a024f9a1e940c97fef13d13e7d21f351719248a07e70b4d59f1c159f0c7c175102f7fd82bf0547aad18293f82f15ec4555c591763f52560b59605eb7fb9172c6c5df9aebda2c18ac287ba267cbec53b138c6f942300d4b268188eab2a8dc2f271bab3f1ea768499aaaf0571fbf5ab8ee60e99a83fc35a76fd885cd9e3ddef06f1d3435ce6e1293925e7b5f0e311081e7b54920037b7fa40cfdce2f93754d95d59d130f7b4e05e693ee949813d1f3a6d87729538bf32b3d4a45dd8f6425a3a2737fa47c7dc71ab058dedde8f64e71a4988869428b7b83ee8f141c898b5ea91afb9cc02fe01d98e072f24a899b16313b8946f9e9984880787a9b5e180705e88bbc87126753cbc3936b227ff92e16cb7848ce93af25aec402767424ec1efa6a06fda54762de76011c69df438e022414501c8934118887ef3cc3d0eb5174aedc659fb341132a5eab9cf45aa7f40705b32290a40849dedc4e17f48e58db052fdd298eac936012f7c9b3b360eee9ebc356eee8367b75b7d92bbf5abf67554e311053a19ac3de6052b531ddc1a8598c359d527cc3c8ca19fb1372e98942c6515f149fdd799029aa926102c7f78f06ba313a7a253ae5e9f699af77a30a27e1e94f77c45c8bfe1fb95322e1171fc85e1a4e5b64e29f6c3be7bef0393f9117db5d0fdc1fa94690312df10304e564db9ed1e18d805a7e329464705dd458f07f0402aeea1df89e4d9199fb56df190fb499ff63f960a97c51863310ca19d063d7227fde8942756c7a94d85c5eeac45455a7a22429ac87c9ad107e528159d66d2ca33fffc772e2b7a997bd0513e370e84a49d2af3f420714202121e171b9aa43097a524226fe8daeb202ea863d21c57e3f8286001b30a0064d5385f370b5e7ccfbe493b3f6bd3fd24acd70149bdd2333e08487ba331e906d85aaed6774edc6d3944d49f883bdae89be39d2a92a36bfd7385238647fc2ae824c636003bec75f06ddca710e41fcd24c43c8d1d84673996c2484ea52815b07e65e88865a22911455b48ad66252796a41a21ba298db7092b1b1db1295158ed8a32429708f069aa08443414d483c1592faf65f1162cb35798468c6914343ac313542a82c491612b7ae2e2d247aa125413ad741c2acd6531d6cf75d7e2bcaf6bd7639b5dc56828eb2e8caba0b59063b2ea2b6d59f86844d560ead52632898f10698491572ed4ff09bea261d712c23c929b4c911e890479af52d9526029dba4a5648b0e9c8dba341c23de572a8a6e9d05e6bbbd23423c2215a9411b73d428e1d7165a84d7786239d76b59635a6cda36d15f86a479579feabc47feb1ba5f790046e8e94edc91f0e4af8fb81091cfa4df4b4c3564d8f7c47ac4bce4f9da4b571a4e7bb88c210484a8a23255038d7b51d1ce95cd7064771081bd6dc1f29af74151c89f52c7617694566e58763587e7449b30b86c097bc395b9cad650495fbb7c5cc1cfeac7c497f742bdffa31ba2761752e34d52b0fc736975716cf78285cbeafa3cee0c191482b5dba470a2bfc65ab0e504e5b243266e349311023c8505e2ecf78e363f4cf7aa02dabfbe651f639599aa8f0835f619695f23e9f7c93f3947df193ba47a107473e1ce679ce46d4ae03475248956e356f364df94377d9f8b4a740b639ebd8f9658517ae8ab3512838f20bb54f0d8e54f372f4a619db4a202c38922128c9dc2a16d0db4faf5566bf3d802614edd5e0c8220747dafb07c22e25ad904b8a2840ca33db063bdfa7497f387cca4b9deccd3cd60efc2db6ef917944aeb0539d043441c2b1d465b651eb48e2a2ea200eb9fe2f237e9b3832b8d0ce05ea5b7fc64e000f4471a644c2e3b08a55c0893c5003640a29b378b2b5f6c198d9d14f86cb671a1e922f35605812797c091834b945d89c7707cba69ade49859d8f5e8d7de91d461f068689bf0c2e0028eb579f54276fc239312685b2937dae481cc05ed76644c4399b87d9fd48515d1513e571adeb1599edfa23043674402c19017c2dda9eea9da4e7420cd3b23ef6fe48f88bcdccf0be940025a9b53572badcfe487748a5a674d3d1292f75a6bab801ceff80bd5fd3ee1172ee91f1874fe5bb9d1814d3119f8afc0b3e93d75ed22ea719f2de1f26821a1fe5f75d4cf85557065d25d00592eee0263cdc5ace2177db9b2c6de497d68bccbec84c9c5f3ae2d853da45fe829f759d695f2b4bdd90fd48486cb2edecc4960e8e04d1ca8d2b72ed5b34716da524460bf6ba26fae6a8c651eff0399baf1b2de5942da1c0ba4bd2458a7299e396ac9880504bb54b94dc1635139af07b4fd4f0925ec8a8e10c4e5e0a3a54bf0e9af865530d798fba09121304386b1ff5925d11ad8dea62ab5d48d7a090c25bd32d986f7108aab3d04bdeea21498eca883b7608395a93ecc24372a9e690535e634928e4a8842afe6a1376c5523628880d392c61b5abdbe4a5faca21a73ca0b09c1d797ebaa4bee7926a258c22e1563852e78b970225ca404eda02fa12728ffacd7b198bffd7e763808cffd43fee4703e249ffd43ff6ffdd37f27ff7fcaac7bcb567edca0ab3ad5b37a9da34215d085cd706df005904479ecd53c38668457070aa0470a47def8f0050e2898b23259e303af966a65cd796ed37e7ba362b84ad28754b4deeac2d2c33ac2e3010915863a25eea68aec8873760d00bc4a5eb0e11a638045b4aab8e6661e051fdb3553b3e9e44210ad3f4bc0e83655da7d17315ee054a3a22d7b559f501be80dab7fb298693f5efa52e39696bccf6b3950b772f0c1f800459f29b85c7b47adb1cb94a15e926c06bffa589812bd12cd5db7b4457ac3858b0e3b86282f9ed0601b9c06a88151c69d1a754441370a4fd2e28eab124cbfd91729622cf1fd065ca9149a373fed8ab70e666b3ed3c9a94cddb7560686ae22b5d9675b73bb2f017988cf02f5880699dbeb8d7b59d709d67e27ff32142b01e9d5df6872fcc960be64c99597a7849db41badecffbb1ddf1f5f5927dbc72b9e54371240a60a284966dcf8d9d6dd61f379b4e1e1a923ac5dee54602acc8f7694a64eca521ac5aee2fdc70888ea0361854f14dcc536dccd97ceff95808b9fe2f3669c07336d2563da25cb22cd226090bd9c603c9eaab6c0d247761b242e564debff3cc92cfc68f7fe16dc69d5308d28496ad0182196dfb9cc95c2d009656034acac4d97336a3d34018947fecd3be69ef0f3147ae992b55c35eefc8f90fa9df4b6f9d5cb1592a96fa87bc1a0e3369f0f36f9e5eb99d42c89d53fc2b6cd7cad78d4c1af77c5b6446b41499b17ffcb874f90173e0da801745e0a867deca1a3cc93903293593dfe933f2b9b0714f850d7bcebefbcc6ae8245cf1e48d150362b4479c0b453e29eb7ed46b9db78e4f37574a15f9495f602ef5a77f317ad433d2c4d0e7ed87df64c206dc00ce0b051b47244c7aa90312508cfe22939feb87c5cbdbb8ac3e4ac26fed793a6b75e46f3fa00b70528b4e1d1837bd2065b5a2559cd0797f64201c8929d0bfc024bfd90306ddb93f18616f89b9cdc16da27b4ed617ece0de5b1c59c3e69d900190672be15a165959d212e787a5da254a526af5a99d2c85e2482daf01ac1e7e07dd7af0a59297c7d55f29e8904392d3ea92ecfcc256b5392516789af0763f842c8874e468f2729277935b82ecda9cb5c96b072fb857728f4221d00752ce5bb712c2a36c8855e328d99f356ad4b0c1638de994085f289b943b7a3a32bc92bd6c929c2e480cab2dca4b5ae21d917a6506571436fb3d06db5fdd979524aaab3f04e478499aba373812729c8a4222ea5563965faff878e1e617274d7b70504cb3a1312f47cee8b97cfbfa4239542a46702bd64dae34513ef0bcb6220c808ebcd133c080b9246749875baa288eb4dfb309bdaeed3c67534dac71af6b27ea756dbb77a56e23abc5e58ac8173b8011592d802fe0d155fda364a9b6f7200a8e6429ca936b6d8a8a0859409c845f759deeeb1dff5c07f8b510e058b8788f8c068a9d97fd480ab55cbfdf2d3ab3c8ed381df35c3bfd282847416670b24a253f221b87ca7f2cd67e195f7bc7229d67627efd41b27d84194046eb2c87f37a8c958eb8effdb94f5e0bb0f52bc1916a22d930dc771e696a4fc1e5e048fa827ac5fe755f44d2289a03c8e83b32e1244d09dccf3dfee9f0aa635704aa7af6231914e7bd3f9efb23b78c4ed6cb7f2444698f18c7c98ff9e6beea3c4a8cda31bf7c4fc6054861ef8f74b782e838d8912ab4ae1f57a49bd492270b4142d66e90b485290a4cca2fbb622578a88e9e4bbb8c44a01cadcbf921d7ffc5fe778423550197ec4ffbbfa85429f7e84ab26b0d9e29873435944431ab86fcd5b90c72a253572bfc5b4f162cde99b7707bd5c613e65c21dd57ef952ab6091968f8b12a0e73ec5ae18afd058b76cbdb2aa88e105281dfe45499ab5572e1b8c43a333e9f5b2d3729926e56e9c6a1a386edbb93a9b057132e9572127563d1ce8aad2764378e565020bf42645eaf34459522905926a8cb6fae57991cfb9786182cefec469aed51f59613b90b77e62fde69765e3037ed4ebc459cb00538712aab1b4ddc90d77a485d8e59c23cd222a2722acdf6d3798b76e42fdc45467e526801b19288b20a083f6ad3d6f6d3b90bb717adde6fce15e304979296e1ea99f7cb85f829afbe2bd53de32e9e9f6ba6fea11bd30767139472e0328501459ae83b231d0219df7b7e7f649da493d32599a1cebac8ff7720f4ae6ad5864a2e85e80969c7bde45a234075acd03421d3ac469a04509296842810cc1974d47b88f2908a0d23aa8b046f13b5498fde96fc8040910f79d0b194383929bf039d85021e722baa4b7e689d809e41e4d66a987adac11ace86f4ab76130dc7910d278454da458ad87bd302ca4b3691d10b7c9ec82f9ab8ca405e4fd60c9c525861ca779dd6973491804af27d6d0bcb84d3da53ebc2ef5471f623cdb9a4e50017e0147828fa0d79ce8643729f9e451e69ad7b8254002820a79d310e8e7484d8356965ff1830a2409307e47a7afe2afb584cc8da76b574f6c72327c8e368a21e088644f8a2d1c98fb51edb2aec78f2624459e4576d2e548c7b4a9e002311dfe42d24767753f42931f96bf64f7aad539c7d110412329ac9ad5ae481a4306f8f9c612de8b14c99ffc88ce51c024a02bc4800e299e17d84adc4ccee3848af3f2270d398340579521104b6ef3c66d456225a3a3852cc48af6f962fef1fc951ed0ec621a91ad8905188f8d347d70e9c928e1799a4b7bfa0b33020e4c064c19122458703864b4553fff849acb5bfcaa1d7485ef8ee30b3f8206a5382d891ad5a9bd37982789cef6b0bc0a57cc59bfd81a754a175bac65f549af85c5bf94a5e60146a9a2b31f2e0a3ddb364bca87875c67a0a95070625e174f301ff179b3400470688f2fa0ed508af4d5e57bf03425b496889ab605b12804692dd23b4e0ac76eb35fcb009a7ecc72ba79433dca440ddda8575136e0ca7a383b61e905969e123c9fe8424e3c8b438cf9687ce7a2631871c25ed5f8f0497b444a4d15c40670f59fb50ee2816d0addc4e765799401529848799c299a19d2f7af645d85add750c9e39cb3ecc3ea7dd400a61972ada7ab1bf6cf16e1c0c3783cd794acc7dbecda39237df44df02b993fddee348ebb20a9bec4f5bdb2ec441951165a5f17f038486524dad10b1b724e65e60fa051cae0a2d3ceba25bee92b7d0e5714bbc3dadeba892f24892a3a246284fed90a73c0a475db36b61485db730a43c401e5bc15357eb4a7ad4f961c96b5bad55bbae3b881edbcacfc0a1af27d8423b68db0d29bc0579f5b44d3b3fbd1535ef2d51aab3d0a5c0a11a992123e556173656464bf52d60ee3a2af93bc291c13dad2177cd1363da15440a452b0a39544f2d553b907733c4e8d2a31713c37a66fe59d2d4f09ef2e855805975707f6a1e92405161cecfdb9ce2eb39e32f3d33deea99d66da8ac130a31e12ff667f71e0b949cf5a79efcdd97b55c161ed5591864692958b24771645a33dfd4d7de357976db26d01044ebb2aa159a2bf3372f7a6f38c12bba796b102729f5975d370e9c225f682c962e38bb74d72aa6847f3eedcd9e243a52b84dbe7b8e3e220ac9ac6467f2f68ccec8f87537162a84f037fea54e6b7a4caade745ce5b81a4a1559d5ccc5ccf5a97ffc34caf283e7a6bf375017c5c58362e817164b6ddd7367ca7c41f73285edb33827ae60cf997f91a364aa4f5f43942393a5b7d89fbf6cf7d28fbe9afc4207578dc49f755af6fea88bd3d6c86e133c68526266f51b8f6d3120420e67ad6461160981f1157b9e2bdc323471f2ab9d235ab40655c7bfd051aeb05fae30d74dd2bb03689dbab16d3e3fbf76b7c82c101c39fd41c191c047336bd7cd9435d37ff3095d438198566d177f38daec382d773cdb2654612541969bcfc0068ea47ac40bedccc5523ccfb1add79ddc7cc0ff65b8ef1a47aae480f0c02f3b52564f0db9774e3aa710458f2a65b753dede4ac2fb9c8cdd980f2800bfb4aaad2b031892a47951497eca4d08fca544996d5eca495a57c9cd40e4558826ce4a34035e43ab725359617573aad816556cb93dbbf78a8242a4b9a936a78a42619280d250068cc37c703ae84dae281d15f292b14fb2a674ff52ee07d87789b34179fe7ddf859d5f26e345ba551ff3b8ef50a4bccd4aeae2f0f8189071ebe9b4d73fd4ab04531ff31d4d59ec9e7f6a132e79f34df42d50cd28df1d8ee4b753c4a15a476f4df694ea36a9be75f416e4560964f8eb0ab171cd7e2bdc29a897bcb582a83ed0501fd5c95f57bfea6df1ded2dd98b4e1f4b556f2facfad99efa0f53ac97b39fb76883af55673674a9de4aea392bf258ebcb59c0085cea0da96a9250796daca07f548700fb50019602350a0ee1cd434252bab4b2c24b2963879db1ce0a9d8d6e22fcb80bb9947d32c0c009d429b385a6e615900a549bec81c8b9d9f1af8c8eff66189a6585a0dee826d45d7185ac937b2577ae29adcdac59283aa880d803fcb690bb5232c3f1cf5ac40d2a8f694ba4840cef97c473df968b5f078c9a9a2fb28978b859fe5b08442bb61437970ef9c5af49d56b4961ee56740b2c874bb831a67f3ccf16be652b170aace9659121965739b08528f31a2d0f617063a72ea86f3b607382977155099346af723a7db17bec43dea2b5ab45b1480e152a1d4bd5925add0225df3788812bdbe316d3dc364417fd8f29ef6390f171ca36d6d6f0cf8bf1dee86e0484a9c42aaa8e45bd3ed46e30692f6255807d14d260b56771a95ded98c4375eaec96343ccac1a9a26aea36cc1a0d2047676dced32819c987b40bdd42edda2aa9df3a10a2d81c4c983ff1495fdc639cf839376f70caa4fbdf7a6b44f4afba98f3853a7138b95af35562e48b1df0311c2cfd41b9e124fe175d4c8ebc9b2ad8f39be8bb211d7119dc6f02477af34a75cdc3d059776b7275806acb57f2f228d5558bffddcaaa8342492118f42c13f2cee4e05a418782d9ee84ea9160cf250374eba0d310ba859e77d705b19e4a0858b80efada266e5117e2903b2e2e4974ad5fecd75a4c9ab3d51172ebd683c956aba7bf41fe564b817b8e2349ca265d70fdd35e050b906d2b602537134c140695a38615677149a826a2a1db6b6b014767876ceb6e5272f9bd878212b006c872b922f9371f2bac61bda9da2ccfaf107fa462c0e00172fa5e3b41562bcbe5b6287da961702994cdae4f2e8f578e925be2e59721b5e4147a24b824be5acf51955923169976cbcb65f31eadd3bc4a5a462688c1dec51b24df9bec7ea46e05c53deebbbed4f9be33cc560d2b562b5a8828bda05ce1ec0d7f76eb3eba4bc44aefad2bfcc1ba29b9fe6fe5df631c8986e2b78119746f49cde5cddba911a250a84f2a393f3d1ea809ba8557d447c2e9dac406c0da75ebf37625a75c1dc95aac2ece1acbebd1ba7884a430e09390db2325cd3810a2c4cceb3d2ec63eaf9df6a073cb322923f04d90d8573a556e39ae2f67109985666697a1f20606e70e0db9d5c47eb34d18bcad40de7c137d6ba43340c6e2ce702419375f17d5cca800c17dab0a2ea964890942522b90af836e71a83e0ad6eade93cabf57addc2b39b5294432f3dfc9dd91559ba821e4aea392b7eb687d38b2f191d5d9f111f29aee96d4094d59b5bc0767e389d55d46eb456d6251ea5b9fcb5ea3bd0bcaa5da31c79110487743b72be476f943a8cef8e9cabc85d886b418224483aa25fe09e46008c69137968005a55c22b0adae1535ef2c04a5a6eac825b3edf4861e13931e962f3da635f325febc8b5ca354545d3fb9fe2f326fe3ba76137dbfa8c6c7941c17aa30a7966cce7a67d0a4275a8326f1374e3f26cbdea42ff2f976cbfb46c92b87e4d287f53470649119fbbb2e112de5c549c2f3b3b74f4e5f21679bfa3535eb93c124de15484df46d100301c958344e1c19a09a5a1e518d9a827b7db774afa4294cf482c526faf6e97b8e23dd69a9796fc91d92b837cbc6c9cb435e782bf2899a273c5836aeccdf2c975f2d7c71e99631a7896e4581b82aa3a65bfb627ce7fe487b5ddb8323dd98afb5345f4106a498533ee8c5d6e39e121020cfe23cd83aaa85ef74e26223df42fc1a6ac2917f1b243ee6642d59c763c4ed0d1579c69c2a2c59b4e752d2b2b35316e764acf6af382cf7ef16d95b326cfc93290f8e2c31791b8f9c4d5e7161ca9282b95be5c96e4199121394dc4c80c4bb02a989be0d7246d64692bbb9aead5433722e672da2a61eac538477ec8553fe098415a75afd49a94eddf4fe2d0e79539de415e525a79140ad109efac47acbbddb7b5ae225911eb0895bc54db5299821a8775eaa5de851c3b1b63068fb0102687ab1a62b4493529d566aa28650108ebc47cf6b7f3b7467832ebe15a8e895e0944b77e53b523756ed896921a02433f0b69a95bd22645d8123a85dec56e3abdf77522384a46f93a4c50213d9aa4d7a33798e3bba796bbd36cd2137e6db0bec6464206451a8f09bada7235aca77ff182f6ac9f3da5d879b7c7b3e6007477be1860b2ffdede048b55e1379496d22a9d2deadcb194b59e0ceddc04eb6d768b2b255da5751289be76665ef92da44df21e9349731bdb738b27ea2a6a63ac92b2188cd8b268138faf376dc2848b77af41772fb588ba85383236b53c82195e3246682776268a15d1d35498feab2c92d9a833c47837ae7a55b48209a4b727480af86b5b66155ceadf569a20692bb8e4afefb862349b74bde5adeea5a2e8f649029f7ef495b48e499fa98dc6617fdecdb9b8725996bf28432f6514ec87a20ffff9538a2f62b247dcb248d16fbc7bede31f6f9f6a4b12fb7bfb87a972cea0e769444c6cdcb7e6485ffd2dc8d639e76de4919fd741bf9c6c9d5526a21d08b23eba4bf1d1cd944b58941c7438016a47223f7d4f313a7d212fb8079cd153398955f79340983e5b9858f35d1b7490c0724f1e11bbaae7d972ba2021a6d857362eb43f28e033d3fd6e4e860395d0d5d72d5d3432e83370fb96c5e7279dc549bb4a2ea293c1e35e4ec8a70ac495edf673929afb42f89d5a46757c4520f39d55d7ecfcf10f21e755308851c25d514ea192189d9ecb952e092c316a8e2fe6da2bba1ef3b8ef4a67b4532594aab2b0f5fccdb70b07cd7699353226f996182fcadfa5b9d11e9ce0851ae34cd6b987249e240b17d489c2417169d15da5b4be13ee42c04a5fecaa397f3371d2edd7e421064b13358deeb182eb972945cff174dfeda71247dd47437e40ab94b39df0e35445b71a17a526d9242bb17531f43137db7a4032da3f3cde0c87b401a98a4693c89c5a6be64757335ac4db73efab5d490bacae0d894b87bb5e0c68603056b498772361dd0384bc82ebf70ede6c68394e7ae3f707dc75177b124b8bbc6fcdab6ee8c4401db8a644aaa2e6f76d4bb827ad78a187187cf2ae3e4eaa16f7adcff8ae9fb8b23bf391287243191c1342431809df07f93844bdcc3f9e595a679826a08e093d348491cb4d74982a77f8804c819acc09930c9cb134221e54d38f20ee85ec9f916a8b6aaa1ce661d46fc2778e1d624aee1a190a375fa67137db7a4632de372f7d7b5f550806401b0b564ab4b46df219521bb890d24e1c6dbca03af55d3179b85247dbd999e10d733dfdcf2901442aa9f5208a7a61052e6c021898f15366fcacdf965dbc63c2dcfa3c5360f1bf1ac4ff4a723a5667fdaa289f6fa5d4c0bdfe4df7f24770d7b4ca7a2dc7d566ff2123fe121b9bbfd76b3b6ee8a6e722b4af4bf5a3ae4b9d6a831f511dfa8677c37d7ed4767cf480555f4a626ba4bfa5ee348af279094bcb3e68e4985b8a936d557fefd25b7b36efa8e09af0c59c5eb59b04314aef187062cf00dc1918eb4464ff58d5a887d1a48b57b7d67721a09dd4279eda9db59cdcb2531a7503c24906a1804437e1fbce26f8d745064acef358e1482ad26d9da7009a3fa4403882826d52afca7d7ee9cd16dd882aec3e77d38d24d73bb8e98ffd1a8459f8cd9343ce1d48c95e64c9e00ca009aac4d8e2681d410fada2aae41481a1f2bf429c83293b3785bdce3f2d0c08c07c2229ff0e9eb4bc091875316e9dbb0121e0d4bf8cd47822f038655729b0b49b549802932e58309419ad49994c83838f27229f01135321e0a1bfb64eb82d5fbeac4912e85fc6ca23ba6ef3b8ed4bf5e7f0871e0afa5fad0499d74c7ad347ed21eb9e93b248cac8f6fdf31a93f840871c7ce4baeff73f4af1547de317d2f7a7d071432e5e966c896073f35915704899fe8168bcb837769a6891a15e988c85cb8331ca9e35a1f395f63abaa244f557763523c41bea32f3c56a423c215a5878414479699c3194b8162290fcb138229f62bbaa4b46661a90f39df8a9dfa5858d4336db70d4e30174b8c7e252c205fa468339e7b2c9ceb38365f27d5700625aa847e52191dbd3c1c954ca9b9b6685bdca3be501c59eedf3963f1a817c3273ddb76ec0b6d237cdde43e305bd191e61115925c724ac08e574be46d5b876f9a23d7ccf99bb2291b40206e2dbaa9f3d14dd85900e8f5b2feafb5450dd2e057da5cddb81f3c1a329a5e2b490a18108253ed705b98a08920771d95fcf70d47d63843c0139ae82e48a2934ca59ad5514a34a7f4cdd9f90e24874c769510924228245a42aeffd3e5ef3b8ebc056917347d2d46afc36ee2088e6fb819c9377a7255bd85c2b55da5b6056a93d6ba838a4df48d928eb20ccddddf1f592b5e087b99fd6219a1e18a3197ec5ff285f60552022ba9ee099aae286d05a244a4949a93a94b131f09433dfd8a2bd831bd19b0521024797df3199a4f792c2ce5cd1ee67c81bb3f873092080949028f9c722f0928b481ccfe53bba295161c4c5d521e57677064fce3e1413852b70f417b05f2597a79875691b395481209dab4d356ade469577e969acdd199c39e691dd1d237f6695ffcfbfde46e7722962a50a3bcf4d4ade5669c5b0572ad260c890783ba149010946a2f0c4d745bf4d78023d5bb6c179ae82e08038a0df1819a391ac829a9c1bf09ba7bc92a21247d2dfd8de048487be1a45b86cddaa6732bca5473f38d9e74917215ae4f67afb7b879fd1942dea36e6aa246453aca32347786238311952c7e728852795584409463c68cdf75fa0f890b1f1d16fffff48b7c6cf8d437531747ee3b4b39500a1ead09053b9cf3834269b4d41c4b5d32f531f9c405a831f5e98e3bfa4e593778f29a4171eb064d59d173d2d45fbe0fca543409dbfc8f4689747d21bed5998cf70e42ef4fabad222dfb23d0c7902a81bc8d7d019b68de65e627198cc65f5321d7b5c1b5e80c948c6ae113d418105e9b023ac8996b85a9b2c969b4dc545b997a5c880ce5a6dcec999419d35c7a2d7bb49d2c8e94d76c3928041e2af257bb60933cf32e27c74103e790ca7795d4ee045797040257b626ba33fa5ee3481ca0d45497061cc3f5c926ba03d2b9e6a66f88eead7057948d0f12a9342c587f706294b60872aad33d1a8223bf8fe4b5b3e6e527fdab455ece5b90d82f2027a44ac8cf4642ee70bb0a7fad925a85bfde5427ddfa68137d87a48322c37df7f747425a0e579991d0907ef4d2138323fe5baf09ffdc3ff6470312fe6160c28f06c4ff4bbfd8ffde7b62abe1b1f3cedc2064c0a91583653a3f2894462d8e049301c8506fc61bdd447a91275daddad56b72f2c361b31e08074d46b40cabdc701c98e5e85ce5682eb8b54ca4c95f79178f7b48e39f248793e4dc7a683be3f2078e428aa169414af8ab1b8dca492a91fdc8201c994f058ffc400a90e8e014d27479b523475ebeaa9bb735cc22079e42737c4c26bd9ef7e3363431b7ed00d9592c13262bc43ede2e5db0baa958baa0893c8ccaa3790f09b324db6592f60b4dbc1583ab3451c3e9fb8b231dc7c39d389908f864d3fef4dd9037267c43f44d08777476226420ee699c092425d73ddccc5f258e64d67a7b0d85d8c14bf595d74935723c90f4b6247c6bc480ca426ae96b35544ead12926a537d476b9734d1b74f3a0432e2778c2375fe403aa2a69a335473d598b15b8efc7f7a8dffc701717f3f30e1878392fe6e50b226f27f3f300934f93f7b8d8bda7f8e088264af402f598182fc8ea72dd54feeca15ed373eb69b99368469e402e25cac48fc791794074782de0e7c359d5a2a56ded70876ccf59b4d27aea4ad3c3e29fb44f49c1bb3369be3374d21e14f78dcde91912ac444e0e989dcebb3379e889e773462d695e9ebccbe8b72fdb7e65dbb72e3a15c4666652d31e67cd1b5591b8e45679f9ebac46c3b63724dc1bc6dba879a797f9bc827c29cebdae87c39af7ac769b3f5b4d97ebae2c079b9be1cc00db23cd3973c63b69fb992b1f658e49ce35173af656e3407af4997a96b4d4da6fac005b3f1eca19e53521ef6d1c48c07c216fdbe97597fd6ec3c632ee6ab71aaf69f37db4e9b6d672b769d367955285fbde9f881b8398766ad94de15fb0bf69d365bce9acd67cb769f36378b55be7e1f57f2c57e73a9ac68e9ee33710b8e4f9a753e6159d5ba236246fb9d3a77c8c8d4377c4d54277d4f71a44c10e6c5e54273ec86397cc31ccf35970af113a5261fb823d233398954ee3c92f1f79098fd9b440cf5c90fe8637dd5a391a324914a82aa84946b33d75d4a5f59bc7cbfb95a21777bdb0e49787424cbbf5227407f1d3832d0bb3a8845810582f32cddb3c71c5a5e1f7f7d847da88e903af7fe1be7f99bea7c0bb5d56e6a8adb35884b775cb189be09d2219661bd1b1cc95f7c9a42123102ac35fde4b5ffdfe763ff6160c20f86a4ff6048ea0f0607270a07a5fe6840c2ffef8b094b2ee4c2cf9453c95eaa69b4d49c48595283237ffb8929b631882a12cd2c4fbed9f8455452331f882af9e1b0951f8f9567b72907511599b3596be27ef7d1c4277db1cd7d539adbcfbd37978fc32efaf42b73fc3a48aee65c992a2c96e70b57f48b1eff4c7874f3d6718fcbbb7b625af8e0cf7c7788397459a1273d9544d02c3687a6cc9df442bb28fbd57984d3d0da9e9195d3b6a04966088e2cf3ef495f34e6691fccd839f24f5d4d8915a5aa9698cb4b7624fdf9d38896f2ad88d8e661718f879199f06458f6fbc3043b72de8f905213f9e78fe14978d4976ebb6c2f6d8b92239ef5ed4e982b5d283551bfff902648a39ef199dd57b68d4a46317e4e7aeb2381aa574bfbbee48b79dc07ec1ef2bcefeafa7d8268ad19643c722b7645ce8c7cb10386c262536cbf6871caef3eca59b8d57ee114b51da4de44b745ee3a2af9ef118ee4d4a2d07cf5e7ae4c04bc171f8e6cdd5d669955f69e7802425c39defc5f25c99467126155b017132ab09f1742c256abf01e527df203f6afc191ca465ed42e3697166e7182ea1336a23ee18bfc79a7133356c8f967a5540c48b66fa5f490ebff56d45f218e84f46850bae37ee9c51ffb5732df13727a6d2fb27929505e93bce50da1867336d1b7436e7cb8abebdaee0ca1bccc9833c63c313cfe9ffa4efee1a0240b1c93497f37244533921fa499d47fee1ffbf371c9f073666baa092ed28295244b93d328f3a7c41c4f5e3c35705d3bed37dd643b0d56fbac0c273d92cf373b06c583db04473ee25bd675b40825de1598ad2393806229f6416f52e2233e18d29ad9a7bc1f693de5b5f7ccd11c81928a83016aa772d37fdf9de6f4211e69d166f80b968d7ba5b3d92b784e0225ba159903d1d900388ec2a9fcb40267f60b1f4cb71f0bce7aa0ade048dd4375defb238f99a36dd2af03effd41d5227334661e9c942384bf898fc85f6d1d81913f6b2ffb8b68586c127fdf0d0d61a3bf16aa4a067ec23aa05696a52293f8fa87da65fa7ba66742fca3ade19ffa982ff38321b2ad78b174d873bee90fb401e6820cf2e4bd3fd6922c6c372a1774190e26a62e4d6ba748684202439c4c59226a573af73f51cb33764df435f47dc59165fe8af547c63ed93afde1707bde2281a27ad7190913ce0ebd7a42687c6808e9ecab4df595ff15904cf972b33521fbe0a86947464cdb3c615af1c173b2bf2be1d49b94c4679cec6d93574e43a9b6e56586dbf12588e5ccdc007024e06864206940237c9d49582ae7c601e63ae404fc9ff2ef178e743ba25d738972b9e93c4032b244698c00a4661922aedaa193fe7acc521f71488f0a3375558e9c69d8bd86467c2789d3c14a7b558d058244f7e55b6e52ac3c92bbd7eaabc55cbb35d1b74c6a7619d9bbc19101291211f28d49da7bfabff68950bc2890712068d20247819592d1cbdc3f1892fec34109ffd173fc8cf3f98516475af1224bd751c492a4a844f6235d1c99f1eb6e0e26933bff883af6fec51b66b6af0f2867fafdb24bb77d70bcf560fff5c5db0149ac7940ba84877d737efde996ee110bc3fa13f2148181cfe67e38d214da7669abd064bf3b94f8c821aa003ad35eee92f9c627898f85d3f4ccfb089dbecc0efd4cbe654687dd97229e0e4f7fd037eb3ed10d69192f77497fe93de01a8d06409edd8f549d4bccb1a44508c9faa96fda03bef45f05706485bf68fb7154453122b228fccb8f367f326979dbc1daf1acfb05264ef7f516fe6293dd6d54f61f3ecf7abe0bccf6d279d8f416ede7ffeef3e4377b9c98b55a0c5268327ef9115dd0a369cd043d9388fe8b0745993cbf395f32e6695ff64fdbccfb711ba061d1ca008e2c32dbc766c43d2eca933069d2331db27ff359c2136d929b49376971d2b36dcdfe4be8ec0c907885fccb3f4df4b5f47dc49132bac566d7d0643c1c1f98ffe336d93f9567daf64c98a90eec9cce7ddd1a79bba441e0af92e484adc84cf8e3fb9894f93eba95efe2a22dc45cdb5ffe779392f88c93bd6df2ca09251db2da54a7e565880149d72ba6bcd489c8407c20e8253fdd7ec68beff393c8c0dfe867df36170a840dc97581c2ef058e747aca18d5972ca453eb85d88aa327e6afdf1d95b92f3273474ce699353b09adf4f8166ba8920244571aabdbc9a51b91809c9dd199a7566dd510edc5ac8d8a9cbbbc0a2a374cc9dc1f318bb469f2ac8a3337c012f4db61fa06482de6daad89be6572dc9531be531c29a14d5d848800a8bb6acc7b198bff73df981f0c4e91bb21072a827476253539fb914352ff6e50d2bff58dfa68c126e288ca71447926a7f8a5bdae2d70ea3edfb466e1f29c4daec58e9a4aabd13e3775ed94c724ae819c625af86eced92cd789cafd0b7a8c99f4446b0ec5340f5bd47594b9664fef0acc99f1d9c0b2190fb421828f7dda674ee64a4395fefcc5bbc17c0444e4c436f7e5a4ad12680ccedd703afeb90e188714d1d257befaa04ce932ffa6fe712846bb5499fc54dbb2f9bb85bfc0542cdd9bf85267a2aac591729a6e71a4a17570a46c0a5a9c9aa63892a64bfc2b474f1ddfb2b55e41ce0ceb63722ae550beb99cb18a9546f94181957bce4aaf393dcd35a74667d20bd6750ecd6f33c05cb3a7801ae30a4cf2af3e445b70e4cc07c3e31ef7cd0bef7f7cc2ecbdf1732e6cdd2727b8174ac1911c054a46366f2d38522b1eb936e159310b32c1bbfb07248a26287fe4e6cc3f7d4e37e92c2873fbf014c645c649860ceca3f926fa7a0ac291761dfdae70a43ba34348a79e922e5ab2f79fe74f7aed031cc0fa8cbc840b2749faf3a7728f441538b28ac98a346f5d29b0793de4b6a53cea33b53d27b884bc53d7bb0da3255e814a6ea1365153ae77a1682d8f7c2f0f63e20a0c908c94e6bc02dd5694acc0504e25a7459bd03fa89ce95660a27ef73e2665764f7cd2777581e048172578ebba445b01f9d2a21cc2833ce4e5d7e6b424a4502870a9540fd5947bc85b084610e6727fced21db136487276bad8d79f48422c3a3d6e3661964282c3d939eb4d9908d7ea21fb67f71047620d69c55a1639225b92106644beeddcd7081436cf9029e9ba23919fd0878713d535f19344b9de8a10309d17db71686ed7112c43f18fca4bd9560e9f2ab77f049d6b617af116ad6ea9467325e12cf52fea390ec760bd20f22f191a238d5a3cea92aa1d62e1dba0803bb9294035fab84a7afb0805f30bf153bcfa42e1d0e7e5836d2c5b239ef5e56f3882a14238213b682aa1a6ad8650a0560d05cd686b39e787973cb3bbb68426ba1b52638addef1847ca90583f30d51515c65c34e6e7e312ff7140dc0f86021365ebd182c8008eb45b925e1cf92ffd627f1b3f27c7fa81ca21a3ad4008d7f9ecde1f09b899f16297bc69ebcecf5e772e5bfe9e485fb6f493afc05e68ce51d812ffd4dd5cab1287aef01f4a5fb27b54fafe11e9fc2dde7058f013cd80c38e1411efa63fd086c0c714155c087f997f65f7f1ba1999deccb7e6dd51b2c28317891737ccee3e53c0853401d4db3b325d4243be3ffee5ceb40b3fb50e8e9e2e21c65a894c6ec65a0a753b9026e450308e9440ece2c832ffb1b9ab777c95ba7f442ac2f396ee922806aa43d56bfe294fb505bdcd7a209ca6cfcddda067a5301c1c9f49ecb67b84beccf603b475895608b4389240af1ba56bba8e118c0f03301ab148b8580a80463d18a25af88a57ed570b1c89c80674d24d6aa5ffa2abb922cfdc40e859b078279c098ffaa25a844d7f672041cd8e92336a4dd44072d751c9377a1ce94cfc7253b4fe486c739cb90dae88f7022571609649b3fd0c1e52590b474a2df534660a8e4762f525ef5ca1731a16361cafd45ebce3280e1fe8bd9560af9151ce34b15718a450f4b1278422cdce113db38287269c35dece82009471a69236415b1c0d745ca48902812b71818a3a2b6d15ab1e3c246f2baa2d9245948c69a8401860d3be530b66affe1cba61925eefaac664d295ccda2667c83af1695dfa682b2227a095d384ab1b47951fe353887c5598a39ad05c25583d2555564b3992bdba2124b809251d4d2db4435c05e7fef8b9841d3dcf2c4c5b2b751178a218e4a411180629718d1f2cf31ee248487a44aa55ebb6a09576d3ed2984c32f1b9f34ece7edc6bcd46efc8bedc6be2469cc8b6ff373c2cfdf99dabac7d2fed157966e970b53f4d48e7c4ddd1233ff83112c499882c8bf7a988323054d596dd55b246f83802532415d90a34566d5a713e4e2d5fd9cb3f9d60c8a9391721f06b5cdd5eef8d7528865a421dc465ca5c69f2dee73beb8e151d2a13a1b750c88a87385eeca12d132ac74dda13a71a487a4ad3be8884b5a37d02f916633c154c759a2d06df94913d5493ab8e236777c5d9b3cc56414479e33a6d5f0d81f0d141c692163d2df0d4efbc190348b239debdaff69b0de2b2940f39ffbc5bd12390384a342420907e1400047e297c4dc190f85eb55da2420a3dce9e81314652166f2c361d13feb58be43eed9526d9d80cef42368e6d14f1b64099da7ab09dcba7f09362a5dbc5ba6509199f2e23b94ccbc4fbe9d539cb046b01727a3f2548ab91eb5181c39f3c170d0e18a2ea33837adde779ed089101251c3ec909b171d9b969aeb0bdde7b5ed7b7f6894296aaf6b03c5284f7bd027389272dd18e0283aa09ec677fe923803be6a529fef44afa902003d3bd35eb626e2979803e0c8c7f55ab32fcb8b23ab4582ee477214b39c495b29b1cc2e635558954c0047b28611ec4a56ecd3d617751c9a62afc8273cec93ef035999b28450e572e1ec1ea317761f3dbffb98e5a3a7c2ef52d36c6c3805e1c846705d9bf17549fcd05e38432bfe23ef6ca21498ad4313f17ca606f071768b8e3ae3f0f0c36366e2edf06aa49680a05300872932555b4f6cee1737f3f79fc53fd78194f966af9d2352cde12b82636cbba6c25cdf717451cf71ab3e1db7f2d309ab474e15e82372ec425b62168d984cf99aee13e6f79a90bbfda84c930aff9595bba842f9b21ee3e4939e972a8e4e9835edf79f4e79b643f22fbaaeec31b162eb09994a95367041c5fe4d51d397f598c0c24c45aa23445aa7890a7feecee3f37a4f58df4d5a59383c562206e5e56671ff08b4222dee35dedcf49b4ba5b432f34f9fc73edf3ee117efafe83ebe7acb0901b23a5c54525b117cae941e9fb290a994fcca7b539e6d9ff6fa87cbba8ebe3a7b838420662ee9f0e5a53d266cfe68425acbf65892494a6c59fde6c08d1f4f58d427428c53e63f357fc3a29e13d67e3261c56713b62583cc2c52443e7faf17cdeb2d8aa959aacedd909b7ccafc7b662e5ef11985e3388ae5cde9a235036326bfda79d2afbb98fc4aa92ba7b2c6ec3abb69503ce68a7baebd0e8a5c5e3878592c2f7d61209dbd5b1d4d32908b230f4e991bffa842465f41c63a3117a163eb0562a0c48d477da7b36c8c0ac6919a87ee1d8e84d326713c1416f59c23b651a7d0361f68bd86212464c120fa386562a5ed43127587555ddd9b282448b282a4ffb987f880f5d8405d3901581f9931ebc32fe7bd3f3cebc32f774e5b842f51aef8cf256f15487e4a771c929f0e8e94454470e480c9b29031392d9756772548d8b0ffd85fa1475db26c627fc92b4f99ffcc828d5766adbf96b9f142f6faaa33d7ed1d8dca5e4352a2eb94270591f8bf5d26ce168e7b4a5625561607473a776b3824156553557ccc254766add177ca839bf3167acb95a450b4717e7ae95655eae26fa286508d43ded5fd9114cb75050747be3e29f51f07c40a8e94fb200337477a92b31f6971e47fee1bf3a7a40575c68e9a4603effdc13599d28adb7432839f6c5e6025516ce69bbdccd6b376191081529755879f574b2e2cd9ba63e2b495fda3e6f71e4704dfd4751c1854030420af64d12e8905170ac0858afc64ebf1d50fd27fdf2de14fdd4969bfef9efed27b1887e6806573c3fa995c93bb6237300e7e84443e1966aecbe3dbb44c22705c59bc4d8f22cdc19116fc591c29a10169296f581c690d2b4709beb99539cb776e8f9cb17c50340bdea21ee35948925ab4a509aa8023cfcc58a5e19ebff5e3481951174712d98f4e5f894a1ca9305532ac98e51238f22d64c2e0c19126f91772ed129d69eb54aadc320fc9554b64122358358965346477389ae80ec85d4725df2871a4e3c3362fde82b35df34f7dad8bee, '2019-09-20 23:47:09', 11, 0, 0);

-- --------------------------------------------------------

--
-- Table structure for table `UserMaster`
--

CREATE TABLE `UserMaster` (
  `ID` int(9) NOT NULL,
  `FirstName` varchar(50) NOT NULL,
  `LastName` varchar(50) NOT NULL,
  `UserName` varchar(50) DEFAULT NULL,
  `Email` varchar(150) NOT NULL,
  `DateOfBirth` date DEFAULT NULL,
  `BloodGroup` int(2) DEFAULT NULL,
  `Address` varchar(250) DEFAULT NULL,
  `City` varchar(50) DEFAULT NULL,
  `State` int(2) DEFAULT NULL,
  `UserStatus` int(1) NOT NULL,
  `CreatedDate` timestamp NOT NULL DEFAULT CURRENT_TIMESTAMP ON UPDATE CURRENT_TIMESTAMP,
  `UpdatedDate` datetime DEFAULT NULL,
  `IsDeleted` int(1) NOT NULL DEFAULT '0',
  `Password` varchar(20) NOT NULL DEFAULT 'Password123',
  `Mobile` varchar(15) DEFAULT NULL,
  `UserType` int(1) NOT NULL DEFAULT '1',
  `CompanyID` int(2) NOT NULL DEFAULT '99'
) ENGINE=InnoDB DEFAULT CHARSET=utf8;

--
-- Dumping data for table `UserMaster`
--

INSERT INTO `UserMaster` (`ID`, `FirstName`, `LastName`, `UserName`, `Email`, `DateOfBirth`, `BloodGroup`, `Address`, `City`, `State`, `UserStatus`, `CreatedDate`, `UpdatedDate`, `IsDeleted`, `Password`, `Mobile`, `UserType`, `CompanyID`) VALUES(1, 'Neeraj', 'Singh', 'neer.s', 'singh.neer@ymail.com', '1987-11-04', 1, 'G 202', 'Noida', 27, 1, '2019-09-19 17:36:36', '2019-09-19 21:43:01', 1, 'Krishna_2012', NULL, 1, 2);
INSERT INTO `UserMaster` (`ID`, `FirstName`, `LastName`, `UserName`, `Email`, `DateOfBirth`, `BloodGroup`, `Address`, `City`, `State`, `UserStatus`, `CreatedDate`, `UpdatedDate`, `IsDeleted`, `Password`, `Mobile`, `UserType`, `CompanyID`) VALUES(2, 'Amrita', 'Singh', 'amrita.s', 'amrita.s@outlook.com', '1990-11-04', 1, 'H 304', 'Noida', 27, 1, '2019-09-19 17:36:36', '2019-07-25 05:12:20', 1, 'Password123', NULL, 1, 2);
INSERT INTO `UserMaster` (`ID`, `FirstName`, `LastName`, `UserName`, `Email`, `DateOfBirth`, `BloodGroup`, `Address`, `City`, `State`, `UserStatus`, `CreatedDate`, `UpdatedDate`, `IsDeleted`, `Password`, `Mobile`, `UserType`, `CompanyID`) VALUES(3, 'Manjit', 'Singh', 'manjit.s', 'manjit.s@outlook.com', '1990-11-04', 1, 'H 304', 'Noida', 27, 1, '2019-09-19 17:36:36', '2019-07-25 15:12:20', 1, 'Password123', NULL, 1, 2);
INSERT INTO `UserMaster` (`ID`, `FirstName`, `LastName`, `UserName`, `Email`, `DateOfBirth`, `BloodGroup`, `Address`, `City`, `State`, `UserStatus`, `CreatedDate`, `UpdatedDate`, `IsDeleted`, `Password`, `Mobile`, `UserType`, `CompanyID`) VALUES(4, 'Test First Name', 'Test Last Name', 'test', 'test@email.com', '1989-04-14', 1, 'Goa House Authority 202', 'Noida', 27, 1, '2019-09-19 17:36:36', '2019-07-25 05:12:20', 1, 'Password@123', NULL, 1, 2);
INSERT INTO `UserMaster` (`ID`, `FirstName`, `LastName`, `UserName`, `Email`, `DateOfBirth`, `BloodGroup`, `Address`, `City`, `State`, `UserStatus`, `CreatedDate`, `UpdatedDate`, `IsDeleted`, `Password`, `Mobile`, `UserType`, `CompanyID`) VALUES(5, 'Test New First Name', 'Test New Last Name', 'test.new', 'test.new@email.com', '1989-04-14', 1, 'Goa House Authority 202', 'Noida', 27, 1, '2019-09-19 17:36:36', '2019-07-25 05:12:20', 1, 'Password@123', NULL, 1, 2);
INSERT INTO `UserMaster` (`ID`, `FirstName`, `LastName`, `UserName`, `Email`, `DateOfBirth`, `BloodGroup`, `Address`, `City`, `State`, `UserStatus`, `CreatedDate`, `UpdatedDate`, `IsDeleted`, `Password`, `Mobile`, `UserType`, `CompanyID`) VALUES(6, 'sample string 2', 'sample string 3', 'sample string 5', 'sample string 4', '2019-07-28', 8, 'sample string 9', 'sample string 10', 11, 12, '2019-09-10 13:54:21', '2019-07-28 05:34:43', 1, 'sample string 6', NULL, 1, 99);
INSERT INTO `UserMaster` (`ID`, `FirstName`, `LastName`, `UserName`, `Email`, `DateOfBirth`, `BloodGroup`, `Address`, `City`, `State`, `UserStatus`, `CreatedDate`, `UpdatedDate`, `IsDeleted`, `Password`, `Mobile`, `UserType`, `CompanyID`) VALUES(7, 'sample string 2', 'sample string 3', 'sample string 5', 'sample string 4', '2019-07-28', 8, 'sample string 9', 'sample string 10', 11, 12, '2019-09-10 13:54:21', '2019-07-28 05:34:43', 1, 'sample string 6', NULL, 1, 99);
INSERT INTO `UserMaster` (`ID`, `FirstName`, `LastName`, `UserName`, `Email`, `DateOfBirth`, `BloodGroup`, `Address`, `City`, `State`, `UserStatus`, `CreatedDate`, `UpdatedDate`, `IsDeleted`, `Password`, `Mobile`, `UserType`, `CompanyID`) VALUES(8, 'Neeraj', 'Singh', NULL, 'neer.s@outlook.com', NULL, NULL, 'K-93, 2nd Floor,', 'New Delhi', 35, 0, '2019-09-19 17:36:36', NULL, 1, 'Krishna_2012', '9599660408', 2, 2);
INSERT INTO `UserMaster` (`ID`, `FirstName`, `LastName`, `UserName`, `Email`, `DateOfBirth`, `BloodGroup`, `Address`, `City`, `State`, `UserStatus`, `CreatedDate`, `UpdatedDate`, `IsDeleted`, `Password`, `Mobile`, `UserType`, `CompanyID`) VALUES(9, 'Neeraj', 'Singh', NULL, 'singh.neer@gmail.com', NULL, NULL, 'K-93, 2nd Floor,', 'New Delhi', NULL, 0, '2019-09-19 17:36:36', NULL, 1, 'Krishna_2012', '9599660406', 2, 2);
INSERT INTO `UserMaster` (`ID`, `FirstName`, `LastName`, `UserName`, `Email`, `DateOfBirth`, `BloodGroup`, `Address`, `City`, `State`, `UserStatus`, `CreatedDate`, `UpdatedDate`, `IsDeleted`, `Password`, `Mobile`, `UserType`, `CompanyID`) VALUES(10, 'Neeraj', 'Singh', NULL, 'customer@gmail.com', NULL, NULL, 'K-93, 2nd Floor,', 'New Delhi', 35, 0, '0000-00-00 00:00:00', NULL, 0, 'Krishna_2012', '9599660408', 1, 2);
INSERT INTO `UserMaster` (`ID`, `FirstName`, `LastName`, `UserName`, `Email`, `DateOfBirth`, `BloodGroup`, `Address`, `City`, `State`, `UserStatus`, `CreatedDate`, `UpdatedDate`, `IsDeleted`, `Password`, `Mobile`, `UserType`, `CompanyID`) VALUES(11, 'Employee', 'Singh', NULL, 'employeer@gmail.com', NULL, NULL, 'K-93, 2nd Floor,', 'New Delhi', 20, 0, '0000-00-00 00:00:00', NULL, 0, 'Krishna_2012', '9599660408', 3, 2);
INSERT INTO `UserMaster` (`ID`, `FirstName`, `LastName`, `UserName`, `Email`, `DateOfBirth`, `BloodGroup`, `Address`, `City`, `State`, `UserStatus`, `CreatedDate`, `UpdatedDate`, `IsDeleted`, `Password`, `Mobile`, `UserType`, `CompanyID`) VALUES(12, 'Neeraj', 'Singh', NULL, 'neer.s@outlook.com', NULL, NULL, 'D- 302 Apex Golf Avenue, Sector 1, Greater Noida West', 'Noida', 28, 0, '0000-00-00 00:00:00', NULL, 0, 'hgfjh jhg jhgjh', '09599660409', 2, 2);
INSERT INTO `UserMaster` (`ID`, `FirstName`, `LastName`, `UserName`, `Email`, `DateOfBirth`, `BloodGroup`, `Address`, `City`, `State`, `UserStatus`, `CreatedDate`, `UpdatedDate`, `IsDeleted`, `Password`, `Mobile`, `UserType`, `CompanyID`) VALUES(13, 'Neeraj', 'Singh', NULL, 'neer.s@outlook.com', NULL, NULL, 'D- 302 Apex Golf Avenue, Sector 1, Greater Noida West', 'Noida', 28, 0, '0000-00-00 00:00:00', NULL, 0, 'hgfjh jhg jhgjh', '09599660409', 2, 2);
INSERT INTO `UserMaster` (`ID`, `FirstName`, `LastName`, `UserName`, `Email`, `DateOfBirth`, `BloodGroup`, `Address`, `City`, `State`, `UserStatus`, `CreatedDate`, `UpdatedDate`, `IsDeleted`, `Password`, `Mobile`, `UserType`, `CompanyID`) VALUES(14, 'Neeraj', 'Singh', NULL, 'singh.neer@ymail.com', NULL, NULL, 'K-93, 2nd Floor,', 'New Delhi', 21, 0, '2020-02-26 18:46:39', NULL, 0, '123456', '08527818810', 3, 2);
INSERT INTO `UserMaster` (`ID`, `FirstName`, `LastName`, `UserName`, `Email`, `DateOfBirth`, `BloodGroup`, `Address`, `City`, `State`, `UserStatus`, `CreatedDate`, `UpdatedDate`, `IsDeleted`, `Password`, `Mobile`, `UserType`, `CompanyID`) VALUES(15, 'Neeraj', 'Singh', NULL, 'emp@gmail.com', NULL, NULL, 'K-93, 2nd Floor,', 'New Delhi', 28, 0, '2020-02-26 18:58:38', NULL, 0, '123456', '12345678987', 3, 2);

--
-- Indexes for dumped tables
--

--
-- Indexes for table `BookingMaster`
--
ALTER TABLE `BookingMaster`
  ADD PRIMARY KEY (`ID`),
  ADD KEY `FK_Booking_Package_ID_idx` (`PackageID`),
  ADD KEY `FK_Booking_Test_ID_idx` (`TestID`),
  ADD KEY `FK_Booking_Company_idx` (`CompanyID`);

--
-- Indexes for table `CommonSetup`
--
ALTER TABLE `CommonSetup`
  ADD PRIMARY KEY (`ID`);

--
-- Indexes for table `CompanyMaster`
--
ALTER TABLE `CompanyMaster`
  ADD PRIMARY KEY (`ID`);

--
-- Indexes for table `CourseCurriculum`
--
ALTER TABLE `CourseCurriculum`
  ADD PRIMARY KEY (`ID`),
  ADD KEY `FK_Curriculam_CourseMaster_ID_idx` (`CourseMasterID`);

--
-- Indexes for table `CourseEligibility`
--
ALTER TABLE `CourseEligibility`
  ADD PRIMARY KEY (`ID`),
  ADD KEY `FK_Eligibility_Course_ID_idx` (`CourseMasterID`);

--
-- Indexes for table `CourseMaster`
--
ALTER TABLE `CourseMaster`
  ADD PRIMARY KEY (`ID`),
  ADD KEY `FK_Course_Company_ID_idx` (`CompanyID`);

--
-- Indexes for table `DoctorAppointment`
--
ALTER TABLE `DoctorAppointment`
  ADD PRIMARY KEY (`ID`),
  ADD KEY `FK_Appointment_Doctor` (`DoctorID`),
  ADD KEY `FK_Appointment_Hospital_idx` (`HospitalID`),
  ADD KEY `FK_DoctorAppointment_Company_idx` (`CompanyID`);

--
-- Indexes for table `DoctorMaster`
--
ALTER TABLE `DoctorMaster`
  ADD PRIMARY KEY (`ID`),
  ADD KEY `FK_Doctor_Speciality_ID_idx` (`SpecialityID`),
  ADD KEY `FK_HealthServiceMaster_Company_ID_idx` (`CompanyID`),
  ADD KEY `FK_PackageCategory_Company_ID_idx` (`CompanyID`),
  ADD KEY `FK_PackageMaster_Company_ID_idx` (`CompanyID`);

--
-- Indexes for table `DoctorSpecialities`
--
ALTER TABLE `DoctorSpecialities`
  ADD PRIMARY KEY (`ID`),
  ADD KEY `FK_Docotr_Specialities_ID_idx` (`DoctorID`),
  ADD KEY `FK_Specialites+Doctor_ID_idx` (`SpecialityID`);

--
-- Indexes for table `HealthServiceMaster`
--
ALTER TABLE `HealthServiceMaster`
  ADD PRIMARY KEY (`ID`);

--
-- Indexes for table `HospitalMaster`
--
ALTER TABLE `HospitalMaster`
  ADD PRIMARY KEY (`ID`);

--
-- Indexes for table `Login`
--
ALTER TABLE `Login`
  ADD PRIMARY KEY (`Id`),
  ADD KEY `FK_ID_Login_User` (`UserID`);

--
-- Indexes for table `OnlineEnquiry`
--
ALTER TABLE `OnlineEnquiry`
  ADD PRIMARY KEY (`ID`);

--
-- Indexes for table `PackageCategory`
--
ALTER TABLE `PackageCategory`
  ADD PRIMARY KEY (`ID`),
  ADD UNIQUE KEY `Catg_Name_UNIQUE` (`Name`);

--
-- Indexes for table `PackageMaster`
--
ALTER TABLE `PackageMaster`
  ADD PRIMARY KEY (`ID`),
  ADD UNIQUE KEY `Name_UNIQUE` (`Name`),
  ADD KEY `fk_package_catg_ID_idx` (`CatgID`),
  ADD KEY `FK_Package_Comapny_ID_idx` (`CompanyID`);

--
-- Indexes for table `SpecialityMaster`
--
ALTER TABLE `SpecialityMaster`
  ADD PRIMARY KEY (`ID`),
  ADD KEY `FK_Speciality_Company_ID_idx` (`CompanyID`);

--
-- Indexes for table `SubCourses`
--
ALTER TABLE `SubCourses`
  ADD PRIMARY KEY (`ID`),
  ADD KEY `FK_SubCourses_Course_ID_idx` (`CourseMasterID`),
  ADD KEY `FK_SubCources_Company_ID_idx` (`CompanyID`);

--
-- Indexes for table `TestMaster`
--
ALTER TABLE `TestMaster`
  ADD PRIMARY KEY (`ID`),
  ADD KEY `fk_tests_packages_ID_idx` (`PackageID`),
  ADD KEY `FK_TestMaster_Company_ID_idx` (`CompanyID`);

--
-- Indexes for table `UploadedReports`
--
ALTER TABLE `UploadedReports`
  ADD PRIMARY KEY (`ID`),
  ADD KEY `FK_Upload_UserMaster_ID_idx` (`UserID`);

--
-- Indexes for table `UserMaster`
--
ALTER TABLE `UserMaster`
  ADD PRIMARY KEY (`ID`),
  ADD KEY `FK_User_Company_ID_idx` (`CompanyID`);

--
-- AUTO_INCREMENT for dumped tables
--

--
-- AUTO_INCREMENT for table `BookingMaster`
--
ALTER TABLE `BookingMaster`
  MODIFY `ID` int(9) NOT NULL AUTO_INCREMENT;

--
-- AUTO_INCREMENT for table `CommonSetup`
--
ALTER TABLE `CommonSetup`
  MODIFY `ID` int(9) NOT NULL AUTO_INCREMENT, AUTO_INCREMENT=4;

--
-- AUTO_INCREMENT for table `CompanyMaster`
--
ALTER TABLE `CompanyMaster`
  MODIFY `ID` int(2) NOT NULL AUTO_INCREMENT, AUTO_INCREMENT=100;

--
-- AUTO_INCREMENT for table `CourseCurriculum`
--
ALTER TABLE `CourseCurriculum`
  MODIFY `ID` int(9) NOT NULL AUTO_INCREMENT, AUTO_INCREMENT=9;

--
-- AUTO_INCREMENT for table `CourseEligibility`
--
ALTER TABLE `CourseEligibility`
  MODIFY `ID` int(9) NOT NULL AUTO_INCREMENT;

--
-- AUTO_INCREMENT for table `CourseMaster`
--
ALTER TABLE `CourseMaster`
  MODIFY `ID` int(9) NOT NULL AUTO_INCREMENT, AUTO_INCREMENT=6;

--
-- AUTO_INCREMENT for table `DoctorAppointment`
--
ALTER TABLE `DoctorAppointment`
  MODIFY `ID` int(9) NOT NULL AUTO_INCREMENT, AUTO_INCREMENT=102;

--
-- AUTO_INCREMENT for table `DoctorMaster`
--
ALTER TABLE `DoctorMaster`
  MODIFY `ID` int(11) NOT NULL AUTO_INCREMENT, AUTO_INCREMENT=16;

--
-- AUTO_INCREMENT for table `DoctorSpecialities`
--
ALTER TABLE `DoctorSpecialities`
  MODIFY `ID` int(9) NOT NULL AUTO_INCREMENT, AUTO_INCREMENT=9;

--
-- AUTO_INCREMENT for table `HealthServiceMaster`
--
ALTER TABLE `HealthServiceMaster`
  MODIFY `ID` int(9) NOT NULL AUTO_INCREMENT, AUTO_INCREMENT=14;

--
-- AUTO_INCREMENT for table `HospitalMaster`
--
ALTER TABLE `HospitalMaster`
  MODIFY `ID` int(9) NOT NULL AUTO_INCREMENT;

--
-- AUTO_INCREMENT for table `Login`
--
ALTER TABLE `Login`
  MODIFY `Id` int(11) NOT NULL AUTO_INCREMENT, AUTO_INCREMENT=2;

--
-- AUTO_INCREMENT for table `OnlineEnquiry`
--
ALTER TABLE `OnlineEnquiry`
  MODIFY `ID` int(9) NOT NULL AUTO_INCREMENT, AUTO_INCREMENT=8;

--
-- AUTO_INCREMENT for table `PackageCategory`
--
ALTER TABLE `PackageCategory`
  MODIFY `ID` int(3) NOT NULL AUTO_INCREMENT, AUTO_INCREMENT=9;

--
-- AUTO_INCREMENT for table `PackageMaster`
--
ALTER TABLE `PackageMaster`
  MODIFY `ID` int(5) NOT NULL AUTO_INCREMENT, AUTO_INCREMENT=35;

--
-- AUTO_INCREMENT for table `SpecialityMaster`
--
ALTER TABLE `SpecialityMaster`
  MODIFY `ID` int(9) NOT NULL AUTO_INCREMENT, AUTO_INCREMENT=14;

--
-- AUTO_INCREMENT for table `SubCourses`
--
ALTER TABLE `SubCourses`
  MODIFY `ID` int(9) NOT NULL AUTO_INCREMENT, AUTO_INCREMENT=9;

--
-- AUTO_INCREMENT for table `TestMaster`
--
ALTER TABLE `TestMaster`
  MODIFY `ID` int(7) NOT NULL AUTO_INCREMENT, AUTO_INCREMENT=219226;

--
-- AUTO_INCREMENT for table `UploadedReports`
--
ALTER TABLE `UploadedReports`
  MODIFY `ID` int(9) NOT NULL AUTO_INCREMENT, AUTO_INCREMENT=6;

--
-- AUTO_INCREMENT for table `UserMaster`
--
ALTER TABLE `UserMaster`
  MODIFY `ID` int(9) NOT NULL AUTO_INCREMENT, AUTO_INCREMENT=16;

--
-- Constraints for dumped tables
--

--
-- Constraints for table `BookingMaster`
--
ALTER TABLE `BookingMaster`
  ADD CONSTRAINT `FK_Booking_Company` FOREIGN KEY (`CompanyID`) REFERENCES `CompanyMaster` (`ID`) ON DELETE NO ACTION ON UPDATE NO ACTION,
  ADD CONSTRAINT `FK_Booking_Package_ID` FOREIGN KEY (`PackageID`) REFERENCES `PackageMaster` (`ID`) ON DELETE NO ACTION ON UPDATE NO ACTION,
  ADD CONSTRAINT `FK_Booking_Test_ID` FOREIGN KEY (`TestID`) REFERENCES `TestMaster` (`ID`) ON DELETE NO ACTION ON UPDATE NO ACTION;

--
-- Constraints for table `CourseCurriculum`
--
ALTER TABLE `CourseCurriculum`
  ADD CONSTRAINT `FK_Curriculam_CourseMaster_ID` FOREIGN KEY (`CourseMasterID`) REFERENCES `CourseMaster` (`ID`) ON DELETE NO ACTION ON UPDATE NO ACTION;

--
-- Constraints for table `CourseEligibility`
--
ALTER TABLE `CourseEligibility`
  ADD CONSTRAINT `FK_Eligibility_Course_ID` FOREIGN KEY (`CourseMasterID`) REFERENCES `CourseMaster` (`ID`) ON DELETE NO ACTION ON UPDATE NO ACTION;

--
-- Constraints for table `CourseMaster`
--
ALTER TABLE `CourseMaster`
  ADD CONSTRAINT `FK_Course_Company_ID` FOREIGN KEY (`CompanyID`) REFERENCES `CompanyMaster` (`ID`) ON DELETE NO ACTION ON UPDATE NO ACTION;

--
-- Constraints for table `DoctorAppointment`
--
ALTER TABLE `DoctorAppointment`
  ADD CONSTRAINT `FK_Appointment_Doctor` FOREIGN KEY (`DoctorID`) REFERENCES `DoctorMaster` (`ID`) ON DELETE NO ACTION ON UPDATE NO ACTION,
  ADD CONSTRAINT `FK_DoctorAppointment_Company_ID` FOREIGN KEY (`CompanyID`) REFERENCES `CompanyMaster` (`ID`) ON DELETE NO ACTION ON UPDATE NO ACTION;

--
-- Constraints for table `DoctorMaster`
--
ALTER TABLE `DoctorMaster`
  ADD CONSTRAINT `FK_DoctorMaster_Company_ID` FOREIGN KEY (`CompanyID`) REFERENCES `CompanyMaster` (`ID`) ON DELETE NO ACTION ON UPDATE NO ACTION,
  ADD CONSTRAINT `FK_Speciality_Doctor_ID` FOREIGN KEY (`SpecialityID`) REFERENCES `SpecialityMaster` (`ID`) ON DELETE NO ACTION ON UPDATE NO ACTION;

--
-- Constraints for table `DoctorSpecialities`
--
ALTER TABLE `DoctorSpecialities`
  ADD CONSTRAINT `FK_Docotr_Specialities_ID` FOREIGN KEY (`DoctorID`) REFERENCES `DoctorMaster` (`ID`) ON DELETE NO ACTION ON UPDATE NO ACTION,
  ADD CONSTRAINT `FK_Specialites+Doctor_ID` FOREIGN KEY (`SpecialityID`) REFERENCES `SpecialityMaster` (`ID`) ON DELETE NO ACTION ON UPDATE NO ACTION;

--
-- Constraints for table `PackageMaster`
--
ALTER TABLE `PackageMaster`
  ADD CONSTRAINT `fk_package_catg_ID` FOREIGN KEY (`CatgID`) REFERENCES `PackageCategory` (`ID`) ON DELETE NO ACTION ON UPDATE NO ACTION,
  ADD CONSTRAINT `FK_Package_Comapny_ID` FOREIGN KEY (`CompanyID`) REFERENCES `CompanyMaster` (`ID`) ON DELETE NO ACTION ON UPDATE NO ACTION;

--
-- Constraints for table `SpecialityMaster`
--
ALTER TABLE `SpecialityMaster`
  ADD CONSTRAINT `FK_Speciality_Company_ID` FOREIGN KEY (`CompanyID`) REFERENCES `CompanyMaster` (`ID`) ON DELETE NO ACTION ON UPDATE NO ACTION;

--
-- Constraints for table `SubCourses`
--
ALTER TABLE `SubCourses`
  ADD CONSTRAINT `FK_SubCources_Company_ID` FOREIGN KEY (`CompanyID`) REFERENCES `CompanyMaster` (`ID`) ON DELETE NO ACTION ON UPDATE NO ACTION,
  ADD CONSTRAINT `FK_SubCourses_Course_ID` FOREIGN KEY (`CourseMasterID`) REFERENCES `CourseMaster` (`ID`) ON DELETE NO ACTION ON UPDATE NO ACTION;

--
-- Constraints for table `TestMaster`
--
ALTER TABLE `TestMaster`
  ADD CONSTRAINT `FK_Test_Company_ID` FOREIGN KEY (`CompanyID`) REFERENCES `CompanyMaster` (`ID`) ON DELETE NO ACTION ON UPDATE NO ACTION,
  ADD CONSTRAINT `FK_Test_Package_ID` FOREIGN KEY (`PackageID`) REFERENCES `PackageMaster` (`ID`) ON DELETE NO ACTION ON UPDATE NO ACTION;

--
-- Constraints for table `UploadedReports`
--
ALTER TABLE `UploadedReports`
  ADD CONSTRAINT `FK_Upload_UserMaster_ID` FOREIGN KEY (`UserID`) REFERENCES `UserMaster` (`ID`) ON DELETE NO ACTION ON UPDATE NO ACTION;

--
-- Constraints for table `UserMaster`
--
ALTER TABLE `UserMaster`
  ADD CONSTRAINT `FK_User_Company_ID` FOREIGN KEY (`CompanyID`) REFERENCES `CompanyMaster` (`ID`) ON DELETE NO ACTION ON UPDATE NO ACTION;
COMMIT;

/*!40101 SET CHARACTER_SET_CLIENT=@OLD_CHARACTER_SET_CLIENT */;
/*!40101 SET CHARACTER_SET_RESULTS=@OLD_CHARACTER_SET_RESULTS */;
/*!40101 SET COLLATION_CONNECTION=@OLD_COLLATION_CONNECTION */;
